c,K,true_mu,target,inverse,error
-0.75,1,1.7,3.92890201759847,1.6849870507050315,0.015012949294968436
-0.75,3,1.7,3.92890201759847,1.6999089419328701,9.105806712983444e-05
-0.75,6,1.7,3.92890201759847,1.699999983611387,1.6388612911200084e-08
-0.75,1,1.71,3.93853468473358,1.6959712504956423,0.014028749504357618
-0.75,3,1.71,3.93853468473358,1.7099208269241215,7.917307587845812e-05
-0.75,6,1.71,3.93853468473358,1.7099999871319667,1.2868033305579729e-08
-0.75,1,1.72,3.948138240610276,1.706922254508377,0.013077745491622883
-0.75,3,1.72,3.948138240610276,1.7199314888288197,6.851117118022998e-05
-0.75,6,1.72,3.948138240610276,1.719999989980478,1.0019521878845694e-08
-0.75,1,1.73,3.9577126531161273,1.7178400261251991,0.012159973874800833
-0.75,3,1.73,3.9577126531161273,1.7299410179628079,5.898203719212347e-05
-0.75,6,1.73,3.9577126531161273,1.7299999922681426,7.731857376569451e-09
-0.75,1,1.74,3.9672578927182633,1.7287245316695632,0.0112754683304368
-0.75,3,1.74,3.9672578927182633,1.7399495007024508,5.049929754918914e-05
-0.75,6,1.74,3.9672578927182633,1.739999994090787,5.9092128967819235e-09
-0.75,1,1.75,3.9767739324338742,1.7395757403727763,0.010424259627223709
-0.75,3,1.75,3.9767739324338742,1.7499570195376966,4.2980462303443545e-05
-0.75,6,1.75,3.9767739324338742,1.749999995530514,4.469485892499847e-09
-0.75,1,1.76,3.9862607478006673,1.75039362434031,0.009606375659690025
-0.75,3,1.76,3.9862607478006673,1.7599636531257616,3.63468742383688e-05
-0.75,6,1.76,3.9862607478006673,1.7599999966572804,3.342719656629356e-09
-0.75,1,1.77,3.9957183168472192,1.761178158517992,0.008821841482008042
-0.75,3,1.77,3.9957183168472192,1.7699694763453333,3.052365466671425e-05
-0.75,6,1.77,3.9957183168472192,1.7699999975303096,2.469690452144846e-09
-0.75,1,1.78,4.005146620063286,1.77192932065815,0.008070679341850129
-0.75,3,1.78,4.005146620063286,1.7799745603512942,2.5439648705827267e-05
-0.75,6,1.78,4.005146620063286,1.7799999981994057,1.8005943402954472e-09
-0.75,1,1.79,4.014545640370059,1.782647091285696,0.007352908714304052
-0.75,3,1.79,4.014545640370059,1.7899789726299076,2.102737009246347e-05
-0.75,6,1.79,4.014545640370059,1.7899999987061488,1.2938512483628983e-09
-0.75,1,1.8,4.023915363090373,1.7933314536641511,0.006668546335848902
-0.75,3,1.8,4.023915363090373,1.7999827770544106,1.722294558947901e-05
-0.75,6,1.8,4.023915363090373,1.79999999908497,9.150300517291043e-10
-0.75,1,1.81,4.033255775918895,1.803982393761658,0.0060176062383421325
-0.75,3,1.81,4.033255775918895,1.8099860339410105,1.3966058989511865e-05
-0.75,6,1.81,4.033255775918895,1.8099999993641445,6.358555904029117e-10
-0.75,1,1.82,4.042566868892272,1.8145999002169309,0.005400099783069212
-0.75,3,1.82,4.042566868892272,1.819988800105187,1.1199894813129774e-05
-0.75,6,1.82,4.042566868892272,1.819999999566655,4.3334513755155513e-10
-0.75,1,1.83,4.051848634359291,1.825183964305238,0.0048160356947619665
-0.75,3,1.83,4.051848634359291,1.8299911289183357,8.871081664363345e-06
-0.75,6,1.83,4.051848634359291,1.8299999997110024,2.88997714648076e-10
-0.75,1,1.84,4.061101066951009,1.8357345799043343,0.004265420095665773
-0.75,3,1.84,4.061101066951009,1.839993070364636,6.929635363972508e-06
-0.75,6,1.84,4.061101066951009,1.8399999998118937,1.8810641932986982e-10
-0.75,1,1.85,4.07032416355091,1.8462517434604342,0.0037482565395658973
-0.75,3,1.85,4.07032416355091,1.8499946710981758,5.328901824253052e-06
-0.75,6,1.85,4.07032416355091,1.8499999998808785,1.191216014717611e-10
-0.75,1,1.86,4.079517923265051,1.8567354539541683,0.0032645460458318176
-0.75,3,1.86,4.079517923265051,1.8599959745002346,4.025499765525353e-06
-0.75,6,1.86,4.079517923265051,1.8599999999268813,7.311884431260296e-11
-0.75,1,1.87,4.088682347392261,1.8671857128666,0.0028142871334000397
-0.75,3,1.87,4.088682347392261,1.869997020736753,2.9792632472158687e-06
-0.75,6,1.87,4.088682347392261,1.869999999956698,4.330202862945498e-11
-0.75,1,1.88,4.097817439394342,1.8776025241452479,0.002397475854752029
-0.75,3,1.88,4.097817439394342,1.8799978468158944,2.1531841054578393e-06
-0.75,6,1.88,4.097817439394342,1.879999999975401,2.459898951201467e-11
-0.75,1,1.8900000000000001,4.106923204866321,1.887985894170161,0.0020141058298390746
-0.75,3,1.8900000000000001,4.106923204866321,1.8899984866457027,1.513354297433267e-06
-0.75,6,1.8900000000000001,4.106923204866321,1.889999999986692,1.3308021351576826e-11
-0.75,1,1.9,4.115999651506744,1.8983358317200467,0.0016641682799531932
-0.75,3,1.9,4.115999651506744,1.899998971091807,1.028908192868272e-06
-0.75,6,1.9,4.115999651506744,1.8999999999932058,6.794120821496108e-12
-0.75,1,1.91,4.125046789088033,1.9086523479384694,0.0013476520615305354
-0.75,3,1.91,4.125046789088033,1.9099993280351597,6.719648402153666e-07
-0.75,6,1.91,4.125046789088033,1.9099999999967672,3.232747403103531e-12
-0.75,1,1.92,4.134064629426891,1.9189354563000987,0.001064543699901277
-0.75,3,1.92,4.134064629426891,1.9199995824297431,4.1757025681654625e-07
-0.75,6,1.92,4.134064629426891,1.9199999999985904,1.4095391520640987e-12
-0.75,1,1.93,4.143053186354776,1.9291851725770486,0.0008148274229513586
-0.75,3,1.93,4.143053186354776,1.9299997563602447,2.436397552596503e-07
-0.75,6,1.93,4.143053186354776,1.9299999999994486,5.513367540288527e-13
-0.75,1,1.94,4.152012475688472,1.9394015148053094,0.0005984851946905234
-0.75,3,1.94,4.152012475688472,1.9399998690996696,1.3090033035290105e-07
-0.75,6,1.94,4.152012475688472,1.9399999999998134,1.865174681370263e-13
-0.75,1,1.95,4.160942515200708,1.9495845032512542,0.00041549674874574727
-0.75,3,1.95,4.160942515200708,1.9499999371668337,6.283316622557322e-08
-0.75,6,1.95,4.160942515200708,1.9499999999999478,5.218048215738236e-14
-0.75,1,1.96,4.169843324590898,1.9597341603782654,0.0002658396217345427
-0.75,3,1.96,4.169843324590898,1.9599999743837473,2.561625267460954e-08
-0.75,6,1.96,4.169843324590898,1.9599999999999884,1.1546319456101628e-14
-0.75,1,1.97,4.178714925455958,1.9698505108134625,0.0001494891865374548
-0.75,3,1.97,4.178714925455958,1.9699999919328357,8.067164269931482e-09
-0.75,6,1.97,4.178714925455958,1.9699999999999989,1.1102230246251565e-15
-0.75,1,1.98,4.187557341261228,1.9799335813145418,6.641868545820273e-05
-0.75,3,1.98,4.187557341261228,1.9799999984139756,1.5860244229060072e-09
-0.75,6,1.98,4.187557341261228,1.9799999999999998,2.220446049250313e-16
-0.75,1,1.99,4.196370597311511,1.9899834007367527,1.659926324726335e-05
-0.75,3,1.99,4.196370597311511,1.989999999901339,9.866107930633916e-11
-0.75,6,1.99,4.196370597311511,1.9899999999999982,1.7763568394002505e-15
-0.75,1,2.0,4.2051547207222235,2.0,0.0
-0.75,3,2.0,4.2051547207222235,2.0,0.0
-0.75,6,2.0,4.2051547207222235,2.0,0.0
-0.75,1,2.01,4.213909740390649,2.0099834120560653,1.658794393444296e-05
-0.75,3,2.01,4.213909740390649,2.009999999902274,9.772582743039493e-11
-0.75,6,2.01,4.213909740390649,2.0100000000000007,8.881784197001252e-16
-0.75,1,2.02,4.222635686967348,2.0199336718560024,6.632814399765152e-05
-0.75,3,2.02,4.222635686967348,2.0199999984438066,1.556193396368144e-09
-0.75,6,2.02,4.222635686967348,2.0200000000000005,4.440892098500626e-16
-0.75,1,2.0300000000000002,4.231332592827678,2.029850816317665,0.0001491836823350745
-0.75,3,2.0300000000000002,4.231332592827678,2.0299999921593503,7.84064990710931e-09
-0.75,6,2.0300000000000002,4.231332592827678,2.030000000000001,8.881784197001252e-16
-0.75,1,2.04,4.240000492043456,2.0397348842933933,0.00026511570660670003
-0.75,3,2.04,4.240000492043456,2.039999975338221,2.466177884130616e-08
-0.75,6,2.04,4.240000492043456,2.040000000000011,1.1102230246251565e-14
-0.75,1,2.05,4.24863942035476,2.049585916537854,0.0004140834621457756
-0.75,3,2.05,4.24863942035476,2.04999994007941,5.99205898232924e-08
-0.75,6,2.05,4.24863942035476,2.050000000000047,4.707345624410664e-14
-0.75,1,2.06,4.257249415141895,2.05940395567608,0.0005960443239199087
-0.75,3,2.06,4.257249415141895,2.0599998763463647,1.2365363533106688e-07
-0.75,6,2.06,4.257249415141895,2.060000000000174,1.7408297026122455e-13
-0.75,1,2.07,4.265830515397476,2.069189046171631,0.0008109538283687101
-0.75,3,2.07,4.265830515397476,2.0699997720213412,2.279786586179e-07
-0.75,6,2.07,4.265830515397476,2.0700000000005088,5.089262344881718e-13
-0.75,1,2.08,4.274382761698707,2.0789412342949842,0.0010587657050158406
-0.75,3,2.08,4.274382761698707,2.079999612959416,3.8704058402672104e-07
-0.75,6,2.08,4.274382761698707,2.0800000000012875,1.2874146193553315e-12
-0.75,1,2.09,4.282906196179796,2.088660568092082,0.001339431907918076
-0.75,3,2.09,4.282906196179796,2.089999383042047,6.169579527259828e-07
-0.75,6,2.09,4.282906196179796,2.090000000002921,2.921218822393712e-12
-0.75,1,2.1,4.29140086250454,2.0983470973530665,0.0016529026469336294
-0.75,3,2.1,4.29140086250454,2.099999064230218,9.357697821066324e-07
-0.75,6,2.1,4.29140086250454,2.100000000006073,6.072919944699606e-12
-0.75,1,2.11,4.299866805839086,2.1080008735812203,0.001999126418779529
-0.75,3,2.11,4.299866805839086,2.1099986366171337,1.363382866159668e-06
-0.75,6,2.11,4.299866805839086,2.1100000000117634,1.1763479079718309e-11
-0.75,1,2.12,4.308304072824862,2.1176219499621016,0.0023780500378984826
-0.75,3,2.12,4.308304072824862,2.119998078480464,1.9215195359301163e-06
-0.75,6,2.12,4.308304072824862,2.1200000000215002,2.150013500568093e-11
-0.75,1,2.13,4.316712711551691,2.1272103813328807,0.0027896186671192424
-0.75,3,2.13,4.316712711551691,2.1299973663341083,2.6336658915937505e-06
-0.75,6,2.13,4.316712711551691,2.130000000037431,3.743094723063223e-11
-0.75,1,2.14,4.325092771531063,2.136766224151866,0.0032337758481340018
-0.75,3,2.14,4.325092771531063,2.1399964749794465,3.5250205536740964e-06
-0.75,6,2.14,4.325092771531063,2.1400000000625035,6.250333584034706e-11
-0.75,1,2.15,4.333444303669632,2.146289536468285,0.0037104635317151136
-0.75,3,2.15,4.333444303669632,2.1499953775561433,4.622443856572289e-06
-0.75,6,2.15,4.333444303669632,2.1500000001006985,1.0069856060113125e-10
-0.75,1,2.16,4.3417673602428675,2.1557803778922304,0.004219622107769716
-0.75,3,2.16,4.3417673602428675,2.1599940455923843,5.954407615860191e-06
-0.75,6,2.16,4.3417673602428675,2.160000000157249,1.5724888058343822e-10
-0.75,1,2.17,4.350061994868915,2.165238809564861,0.004761190435139007
-0.75,3,2.17,4.350061994868915,2.1699924490546194,7.550945380518925e-06
-0.75,6,2.17,4.350061994868915,2.170000000238917,2.3891688627486474e-10
-0.75,1,2.18,4.358328262482642,2.174664894128801,0.0053351058711990085
-0.75,3,2.18,4.358328262482642,2.179990556396752,9.443603248282528e-06
-0.75,6,2.18,4.358328262482642,2.180000000354287,3.542868221018125e-10
-0.75,1,2.19,4.366566219309886,2.18405869569878,0.005941304301219752
-0.75,3,2.19,4.366566219309886,2.1899883346087927,1.1665391207227316e-05
-0.75,6,2.19,4.366566219309886,2.190000000514106,5.141060910318629e-10
-0.75,1,2.2,4.374775922841911,2.193420279832499,0.00657972016750108
-0.75,3,2.2,4.374775922841911,2.199985749264954,1.4250735046239527e-05
-0.75,6,2.2,4.374775922841911,2.200000000731655,7.316547367963722e-10
-0.75,1,2.21,4.382957431810054,2.202749713501727,0.007250286498273084
-0.75,3,2.21,4.382957431810054,2.2099827645711785,1.7235428821482657e-05
-0.75,6,2.21,4.382957431810054,2.2100000010231535,1.0231535618743237e-09
-0.75,1,2.22,4.391110806160574,2.2120470650636146,0.007952934936385603
-0.75,3,2.22,4.391110806160574,2.2199793434120756,2.0656587924605674e-05
-0.75,6,2.22,4.391110806160574,2.2200000014081875,1.4081873445093152e-09
-0.75,1,2.23,4.399236107029742,2.221312404232292,0.008687595767708167
-0.75,3,2.23,4.399236107029742,2.22997544739732,2.455260267986148e-05
-0.75,6,2.23,4.399236107029742,2.230000001910213,1.9102128767656268e-09
-0.75,1,2.24,4.407333396719106,2.2305458020506643,0.009454197949335885
-0.75,3,2.24,4.407333396719106,2.2399710369074226,2.896309257760521e-05
-0.75,6,2.24,4.407333396719106,2.2400000025570628,2.5570625616921916e-09
-0.75,1,2.25,4.41540273867097,2.239747330862448,0.010252669137551962
-0.75,3,2.25,4.41540273867097,2.249966071138895,3.392886110509252e-05
-0.75,6,2.25,4.41540273867097,2.250000003381482,3.3814822053557236e-09
-0.75,1,2.2600000000000002,4.423444197444122,2.2489170642844947,0.01108293571550556
-0.75,3,2.2600000000000002,4.423444197444122,2.259960508148862,3.949185113816256e-05
-0.75,6,2.2600000000000002,4.423444197444122,2.2600000044217508,4.421750521288459e-09
-0.75,1,2.27,4.431457838689748,2.258055077179324,0.011944922820676052
-0.75,3,2.27,4.431457838689748,2.2699543048990227,4.5695100977294345e-05
-0.75,6,2.27,4.431457838689748,2.2700000057223004,5.722300411292736e-09
-0.75,1,2.28,4.439443729127564,2.267161445627911,0.012838554372088584
-0.75,3,2.28,4.439443729127564,2.2799474172990024,5.258270099739448e-05
-0.75,6,2.28,4.439443729127564,2.280000007334379,7.334379326096041e-09
-0.75,1,2.29,4.447401936522203,2.2762362469027537,0.013763753097246312
-0.75,3,2.29,4.447401936522203,2.289939800249118,6.019975088200624e-05
-0.75,6,2.29,4.447401936522203,2.2900000093167816,9.316781568458055e-09
-0.75,1,2.3,4.455332529659774,2.285279559441149,0.0147204405588508
-0.75,3,2.3,4.455332529659774,2.2999314076824717,6.859231752809336e-05
-0.75,6,2.3,4.455332529659774,2.3000000117365733,1.1736573490850333e-08
0,1,1.7,1.8675375434343493,1.7057736264481655,0.005773626448165592
0,3,1.7,1.8675375434343493,1.7000613925839776,6.139258397763747e-05
0,6,1.7,1.8675375434343493,1.700000063639536,6.3639536085347e-08
0,1,1.71,1.8759969090277706,1.7153815007326083,0.005381500732608346
0,3,1.71,1.8759969090277706,1.7100535671514119,5.356715141191515e-05
0,6,1.71,1.8759969090277706,1.710000050246034,5.024603400016758e-08
0,1,1.72,1.884469220015298,1.7250040779776645,0.005004077977664556
0,3,1.72,1.884469220015298,1.720046516942683,4.65169426830947e-05
0,6,1.72,1.884469220015298,1.7200000393416035,3.934160353047389e-08
0,1,1.73,1.8929543863174594,1.7346412558739783,0.004641255873978345
0,3,1.73,1.8929543863174594,1.7300401886489567,4.0188648956718254e-05
0,6,1.73,1.8929543863174594,1.7300000305291505,3.052915054091443e-08
0,1,1.74,1.901452318144833,1.744292932441624,0.004292932441624098
0,3,1.74,1.901452318144833,1.7400345309012237,3.453090122373936e-05
0,6,1.74,1.901452318144833,1.740000023463721,2.3463720966176993e-08
0,1,1.75,1.9099629260028592,1.75395900603557,0.0039590060355700896
0,3,1.75,1.9099629260028592,1.7500294942672228,2.9494267222762716e-05
0,6,1.75,1.9099629260028592,1.7500000178472443,1.7847244349056268e-08
0,1,1.76,1.9184861206965416,1.7636393753510202,0.003639375351020213
0,3,1.76,1.9184861206965416,1.7600250312481125,2.5031248112483695e-05
0,6,1.76,1.9184861206965416,1.7600000134236338,1.3423633760112352e-08
0,1,1.77,1.927021813335035,1.773333939428623,0.003333939428622923
0,3,1.77,1.927021813335035,1.7700210962748903,2.1096274890330946e-05
0,6,1.77,1.927021813335035,1.7700000099742264,9.974226333753222e-09
0,1,1.78,1.935569915336125,1.783042597659559,0.0030425976595589432
0,3,1.78,1.935569915336125,1.7800176457045729,1.764570457285508e-05
0,6,1.78,1.935569915336125,1.78000000731356,7.31355997984906e-09
0,1,1.79,1.9441303384305952,1.792765249790503,0.002765249790502855
0,3,1.79,1.9441303384305952,1.7900146378161343,1.463781613431081e-05
0,6,1.79,1.9441303384305952,1.790000005285469,5.2854689513992525e-09
0,1,1.8,1.9527029946664891,1.8025017959284624,0.002501795928462336
0,3,1.8,1.9527029946664891,1.8000120328062141,1.2032806214090641e-05
0,6,1.8,1.9527029946664891,1.800000003759497,3.75949693598443e-09
0,1,1.81,1.9612877964132573,1.8122521365454891,0.0022521365454890585
0,3,1.81,1.9612877964132573,1.8100097927845902,9.79278459012356e-06
0,6,1.81,1.9612877964132573,1.810000002627599,2.6275990272495164e-09
0,1,1.82,1.9698846563658048,1.8220161724832753,0.002016172483275236
0,3,1.82,1.9698846563658048,1.8200078817694345,7.88176943444796e-06
0,6,1.82,1.9698846563658048,1.8200000018011435,1.8011434566034268e-09
0,1,1.83,1.9784934875484277,1.8317938049576248,0.0017938049576247117
0,3,1.83,1.9784934875484277,1.8300062656823466,6.26568234651792e-06
0,6,1.83,1.9784934875484277,1.8300000012081843,1.208184219336772e-09
0,1,1.84,1.987114203318642,1.8415849355628024,0.0015849355628023698
0,3,1.84,1.987114203318642,1.8400049123431665,4.912343166463273e-06
0,6,1.84,1.987114203318642,1.8400000007909942,7.909941590611425e-10
0,1,1.85,1.9957467173709138,1.8513894662757693,0.0013894662757691911
0,3,1.85,1.9957467173709138,1.8500037914645888,3.7914645887315856e-06
0,6,1.85,1.9957467173709138,1.8500000005038584,5.038582884253628e-10
0,1,1.86,2.004390943740278,1.8612072994602935,0.0012072994602934095
0,3,1.86,2.004390943740278,1.860002874646558,2.87464655790437e-06
0,6,1.86,2.004390943740278,1.8600000003110964,3.110962598640299e-10
0,1,1.87,2.013046796805859,1.8710383378709505,0.0010383378709504232
0,3,1.87,2.013046796805859,1.8700021353704748,2.135370474665166e-06
0,6,1.87,2.013046796805859,1.8700000001853203,1.8532020362727053e-10
0,1,1.88,2.0217141912942918,1.8808824846570045,0.0008824846570045786
0,3,1.88,2.0217141912942918,1.8800015489931996,1.5489931997070272e-06
0,6,1.88,2.0217141912942918,1.880000000105902,1.0590217591754936e-10
0,1,1.8900000000000001,2.030393042283029,1.8907396433661692,0.0007396433661690516
0,3,1.8900000000000001,2.030393042283029,1.8900010927408628,1.092740862684849e-06
0,6,1.8900000000000001,2.030393042283029,1.8900000000576358,5.7635674011180527e-11
0,1,1.9,2.0390832652035655,1.9006097179482666,0.000609717948266697
0,3,1.9,2.0390832652035655,1.9000007457024946,7.457024946422308e-07
0,6,1.9,2.0390832652035655,1.9000000000295967,2.959676947966727e-11
0,1,1.91,2.0477847758445487,1.910492612758762,0.0004926127587621121
0,3,1.91,2.0477847758445487,1.910000488823466,4.888234661493129e-07
0,6,1.91,2.0477847758445487,1.9100000000141657,1.4165779660402222e-11
0,1,1.92,2.056497490354798,1.9203882325621924,0.0003882325621924476
0,3,1.92,2.056497490354798,1.9200003048987548,3.0489875491035434e-07
0,6,1.92,2.056497490354798,1.9200000000062147,6.214806447246701e-12
0,1,1.93,2.0652213252462266,1.9302964825354842,0.00029648253548431036
0,3,1.93,2.0652213252462266,1.9300001785660386,1.7856603862220766e-07
0,6,1.93,2.0652213252462266,1.9300000000024424,2.4424906541753444e-12
0,1,1.94,2.073956197396661,1.9402172682711571,0.0002172682711572005
0,3,1.94,2.073956197396661,1.940000096298613,9.629861308368959e-08
0,6,1.94,2.073956197396661,1.9400000000008304,8.304468224196171e-13
0,1,1.95,2.082702024052576,1.950150495780429,0.00015049578042902745
0,3,1.95,2.082702024052576,1.9500000463981568,4.639815687212945e-08
0,6,1.95,2.082702024052576,1.950000000000232,2.320366121466577e-13
0,1,1.96,2.091458722831722,1.9600960714962008,9.607149620083355e-05
0,3,1.96,2.091458722831722,1.9600000189873226,1.8987322603081225e-08
0,6,1.96,2.091458722831722,1.9600000000000486,4.8627768478581856e-14
0,1,1.97,2.1002262117256687,1.9700539022759462,5.39022759462604e-05
0,3,1.97,2.1002262117256687,1.9700000060021827,6.002182750819429e-09
0,6,1.97,2.1002262117256687,1.9700000000000064,6.439293542825908e-15
0,1,1.98,2.1090044091022544,1.9800238954044913,2.3895404491325323e-05
0,3,1.98,2.1090044091022544,1.9800000011845191,1.184519149433072e-09
0,6,1.98,2.1090044091022544,1.9800000000000004,4.440892098500626e-16
0,1,1.99,2.1177932337079395,1.9900059585966896,5.958596689614737e-06
0,3,1.99,2.1177932337079395,1.990000000073963,7.396305790052793e-11
0,6,1.99,2.1177932337079395,1.9899999999999995,4.440892098500626e-16
0,1,2.0,2.1265926046700767,2.0,0.0
0,3,2.0,2.1265926046700767,2.0,0.0
0,6,2.0,2.1265926046700767,2.0,0.0
0,1,2.01,2.135402441499084,2.010005928196954,5.928196954219089e-06
0,3,2.01,2.135402441499084,2.0100000000738243,7.382450206705471e-11
0,6,2.01,2.135402441499084,2.01,0.0
0,1,2.02,2.1442226640905377,2.020023652207534,2.36522075338641e-05
0,3,2.02,2.1442226640905377,2.0200000011800707,1.180070707818004e-09
0,6,2.02,2.1442226640905377,2.019999999999999,8.881784197001252e-16
0,1,2.0300000000000002,2.1530531927271723,2.0300530814914435,5.308149144322982e-05
0,3,2.0300000000000002,2.1530531927271723,2.0300000059684074,5.968407101875073e-09
0,6,2.0300000000000002,2.1530531927271723,2.0299999999999936,6.661338147750939e-15
0,1,2.04,2.1618939480807944,2.0400941259502825,9.412595028246429e-05
0,3,2.04,2.1618939480807944,2.0400000188450034,1.884500333559913e-08
0,6,2.04,2.1618939480807944,2.0399999999999507,4.929390229335695e-14
0,1,2.05,2.170744851214118,2.05014669592963,0.00014669592963034717
0,3,2.05,2.170744851214118,2.05000004596388,4.596388025746023e-08
0,6,2.05,2.170744851214118,2.0499999999997667,2.3314683517128287e-13
0,1,2.06,2.1796058235825067,2.060210702221025,0.00021070222102492764
0,3,2.06,2.1796058235825067,2.0600000952181334,9.521813337798335e-08
0,6,2.06,2.1796058235825067,2.0599999999991634,8.36664071357518e-13
0,1,2.07,2.1884767870356407,2.070286056063857,0.0002860560638571208
0,3,2.07,2.1884767870356407,2.070000176231052,1.762310519737298e-07
0,6,2.07,2.1884767870356407,2.0699999999975387,2.461142400989047e-12
0,1,2.08,2.1973576638190977,2.0803726691471645,0.00037266914716438393
0,3,2.08,2.1973576638190977,2.080000300347118,3.0034711784310275e-07
0,6,2.08,2.1973576638190977,2.0799999999937313,6.268763286243484e-12
0,1,2.09,2.206248376575852,2.0904704536113345,0.0004704536113346869
0,3,2.09,2.206248376575852,2.0900004806229013,4.806229014775454e-07
0,6,2.09,2.206248376575852,2.089999999985696,1.4303669360060667e-11
0,1,2.1,2.2151488483477006,2.1005793220497266,0.0005793220497265494
0,3,2.1,2.2151488483477006,2.1000007318178593,7.318178592008451e-07
0,6,2.1,2.2151488483477006,2.0999999999700827,2.991740188917902e-11
0,1,2.11,2.2240590025766034,2.1106991875101895,0.0006991875101896028
0,3,2.11,2.2240590025766034,2.1100010703850227,1.070385022838849e-06
0,6,2.11,2.2240590025766034,2.1099999999416768,5.832312410802842e-11
0,1,2.12,2.2329787631059497,2.120829963496505,0.0008299634965047709
0,3,2.12,2.2329787631059497,2.1200015144616016,1.5144616014595158e-06
0,6,2.12,2.2329787631059497,2.1199999998927184,1.0728173904794858e-10
0,1,2.13,2.241908054181746,2.130971563969733,0.0009715639697329692
0,3,2.13,2.241908054181746,2.1300020838594858,2.083859485857431e-06
0,6,2.13,2.241908054181746,2.1299999998120605,1.879394417869662e-10
0,1,2.14,2.2508468004537345,2.1411239033494835,0.0011239033494834239
0,3,2.14,2.2508468004537345,2.1400028000556706,2.800055670437729e-06
0,6,2.14,2.2508468004537345,2.1399999996841643,3.158358019561547e-10
0,1,2.15,2.259794926976425,2.1512868965150886,0.0012868965150887313
0,3,2.15,2.259794926976425,2.150003686182583,3.6861825831735473e-06
0,6,2.15,2.259794926976425,2.149999999487905,5.12094811000452e-10
0,1,2.16,2.2687523592100693,2.1614604588067103,0.0014604588067101965
0,3,2.16,2.2687523592100693,2.160004767018343,4.767018342732854e-06
0,6,2.16,2.2687523592100693,2.159999999195193,8.048073318889237e-10
0,1,2.17,2.277719023021551,2.171644506026348,0.001644506026348136
0,3,2.17,2.277719023021551,2.170006068976932,6.068976932116499e-06
0,6,2.17,2.277719023021551,2.169999998769365,1.230635149340742e-09
0,1,2.18,2.286694844685213,2.181838954438781,0.0018389544387806822
0,3,2.18,2.286694844685213,2.180007620098302,7.620098301686085e-06
0,6,2.18,2.286694844685213,2.179999998163363,1.8366370646560881e-09
0,1,2.19,2.295679750883604,2.192043720772415,0.002043720772415103
0,3,2.19,2.295679750883604,2.190009450038396,9.45003839625258e-06
0,6,2.19,2.295679750883604,2.189999997317656,2.682344124593783e-09
0,1,2.2,2.3046736687081704,2.2022587222200705,0.002258722220070286
0,3,2.2,2.3046736687081704,2.2000115900591224,1.1590059122212892e-05
0,6,2.2,2.3046736687081704,2.1999999961579113,3.8420888692769495e-09
0,1,2.21,2.313676525659872,2.212483876439678,0.0024838764396779567
0,3,2.21,2.313676525659872,2.2100140730182485,1.4073018248517144e-05
0,6,2.21,2.313676525659872,2.209999994592395,5.407605030427476e-09
0,1,2.22,2.3226882496497296,2.222719101554902,0.002719101554901737
0,3,2.22,2.3226882496497296,2.22001693335924,1.6933359239690304e-05
0,6,2.22,2.3226882496497296,2.219999992509071,7.490929210263175e-09
0,1,2.23,2.3317087689993103,2.2329643161556936,0.0029643161556935915
0,3,2.23,2.3317087689993103,2.230020207101039,2.0207101039115827e-05
0,6,2.23,2.3317087689993103,2.229999989772408,1.0227592106559769e-08
0,1,2.24,2.3407380124411503,2.2432194392987688,0.003219439298768556
0,3,2.24,2.3407380124411503,2.2400239318277966,2.3931827796364047e-05
0,6,2.24,2.3407380124411503,2.239999986219865,1.3780135255103687e-08
0,1,2.25,2.349775909119108,2.2534843905080097,0.0034843905080097493
0,3,2.25,2.349775909119108,2.2500281466785412,2.8146678541229875e-05
0,6,2.25,2.349775909119108,2.24999998165804,1.8341959950873843e-08
0,1,2.2600000000000002,2.3588223885886626,2.2637590897748043,0.003759089774804103
0,3,2.2600000000000002,2.3588223885886626,2.2600328923368096,3.2892336809364764e-05
0,6,2.2600000000000002,2.3588223885886626,2.2599999758584763,2.4141523891074712e-08
0,1,2.27,2.3678773808171396,2.274043457558302,0.004043457558302155
0,3,2.27,2.3678773808171396,2.2700382110202226,3.821102022261158e-05
0,6,2.27,2.3678773808171396,2.2699999685530954,3.1446904635856754e-08
0,1,2.28,2.3769408161838923,2.2843374147856212,0.004337414785621441
0,3,2.28,2.3769408161838923,2.28004414647003,4.414647003025962e-05
0,6,2.28,2.3769408161838923,2.279999959429268,4.0570731663081006e-08
0,1,2.29,2.386012625480408,2.2946408828519673,0.004640882851967287
0,3,2.29,2.386012625480408,2.290050743940604,5.074394060411436e-05
0,6,2.29,2.386012625480408,2.289999948124478,5.187552210017543e-08
0,1,2.3,2.395092739910364,2.304953783620699,0.004953783620698982
0,3,2.3,2.395092739910364,2.300058050188902,5.805018890203684e-05
0,6,2.3,2.395092739910364,2.299999934220587,6.577941302765566e-08
0.5,1,1.7,2.1292036780144796,1.7129825878852294,0.012982587885229435
0.5,3,1.7,2.1292036780144796,1.7001392093606353,0.00013920936063538392
0.5,6,1.7,2.1292036780144796,1.7000002650780783,2.6507807837639064e-07
0.5,1,1.71,2.141059914780872,1.7221267832468206,0.012126783246820594
0.5,3,1.71,2.141059914780872,1.7101217685909136,0.00012176859091361791
0.5,6,1.71,2.141059914780872,1.7100002103131318,2.103131317987561e-07
0.5,1,1.72,2.152954365488929,1.7313004513454193,0.011300451345419349
0.5,3,1.72,2.152954365488929,1.7201060064404277,0.00010600644042768614
0.5,6,1.72,2.152954365488929,1.7200001654760748,1.6547607484262983e-07
0.5,1,1.73,2.1648869915216045,1.7405035623973917,0.010503562397391697
0.5,3,1.73,2.1648869915216045,1.7300918140192403,9.181401924029942e-05
0.5,6,1.73,2.1648869915216045,1.7300001290378608,1.290378608409526e-07
0.5,1,1.74,2.1768577538424814,1.7497360862956621,0.009736086295662139
0.5,3,1.74,2.1768577538424814,1.7400790857324104,7.908573241044436e-05
0.5,6,1.74,2.1768577538424814,1.7400000996596363,9.965963632119212e-08
0.5,1,1.75,2.1888666130022547,1.758997992614712,0.008997992614711903
0.5,3,1.75,2.1888666130022547,1.7500677193203082,6.771932030824601e-05
0.5,6,1.75,2.1888666130022547,1.7500000761753096,7.617530961567809e-08
0.5,1,1.76,2.2009135291451893,1.7682892506155605,0.008289250615560517
0.5,3,1.76,2.2009135291451893,1.7600576158987093,5.761589870934003e-05
0.5,6,1.76,2.2009135291451893,1.760000057575066,5.757506604808782e-08
0.5,1,1.77,2.2129984620155216,1.7776098292507032,0.007609829250703193
0.5,3,1.77,2.2129984620155216,1.770048679998645,4.867999864499595e-05
0.5,6,1.77,2.2129984620155216,1.770000042989804,4.298980393890872e-08
0.5,1,1.78,2.225121370963856,1.7869596971690445,0.006959697169044432
0.5,3,1.78,2.225121370963856,1.7800408196060489,4.081960604884749e-05
0.5,6,1.78,2.225121370963856,1.7800000316765265,3.167652651292485e-08
0.5,1,1.79,2.237282214953495,1.796338822720779,0.006338822720779014
0.5,3,1.79,2.237282214953495,1.7900339462011479,3.394620114782754e-05
0.5,6,1.79,2.237282214953495,1.7900000230046336,2.3004633531442664e-08
0.5,1,1.8,2.24948095256676,1.8057471739622686,0.005747173962268537
0.5,3,1.8,2.24948095256676,1.8000279747976453,2.7974797645269334e-05
0.5,6,1.8,2.24948095256676,1.8000000164431502,1.644315017479414e-08
0.5,1,1.81,2.2617175420112576,1.8151847186608734,0.005184718660873333
0.5,3,1.81,2.2617175420112576,1.8100228239816538,2.2823981653763425e-05
0.5,6,1.81,2.2617175420112576,1.8100000115488424,1.1548842326902786e-08
0.5,1,1.82,2.2739919411261074,1.8246514242997551,0.004651424299755069
0.5,3,1.82,2.2739919411261074,1.820018415950393,1.8415950392869362e-05
0.5,6,1.82,2.2739919411261074,1.8200000079552214,7.955221370536947e-09
0.5,1,1.83,2.28630410738815,1.8341472580826665,0.004147258082666472
0.5,3,1.83,2.28630410738815,1.8300146765506697,1.4676550669667776e-05
0.5,6,1.83,2.28630410738815,1.8300000053624361,5.362436050759811e-09
0.5,1,1.84,2.298653997918089,1.8436721869386874,0.0036721869386873163
0.5,3,1.84,2.298653997918089,1.8400115353170952,1.1535317095079378e-05
0.5,6,1.84,2.298653997918089,1.8400000035279933,3.5279932308895923e-09
0.5,1,1.85,2.3110415694866204,1.8532261775269512,0.0032261775269510906
0.5,3,1.85,2.3110415694866204,1.8500089255100858,8.92551008568887e-06
0.5,6,1.85,2.3110415694866204,1.8500000022583352,2.2583350745009056e-09
0.5,1,1.86,2.3234667785204985,1.8628091962413251,0.0028091962413250293
0.5,3,1.86,2.3234667785204985,1.8600067841536057,6.7841536055546214e-06
0.5,6,1.86,2.3234667785204985,1.8600000014012026,1.4012024873721884e-09
0.5,1,1.87,2.335929581108576,1.8724212092150674,0.002421209215067277
0.5,3,1.87,2.335929581108576,1.8700050520726812,5.0520726810887595e-06
0.5,6,1.87,2.335929581108576,1.8700000008387967,8.38796587743218e-10
0.5,1,1.88,2.3484299330077976,1.8820621823254498,0.0020621823254498572
0.5,3,1.88,2.3484299330077976,1.880003673930667,3.6739306670252603e-06
0.5,6,1.88,2.3484299330077976,1.880000000481686,4.816860244005738e-10
0.5,1,1.8900000000000001,2.360967789649151,1.8917320811983482,0.0017320811983481121
0.5,3,1.8900000000000001,2.360967789649151,1.8900025982662698,2.5982662696932834e-06
0.5,6,1.8900000000000001,2.360967789649151,1.8900000002634385,2.6343838221976057e-10
0.5,1,1.9,2.373543106143578,1.9014308712128014,0.0014308712128014989
0.5,3,1.9,2.373543106143578,1.90000177753033,1.7775303300382461e-06
0.5,6,1.9,2.373543106143578,1.9000000001359434,1.3594347869627654e-10
0.5,1,1.91,2.3861558372878426,1.9111585175055357,0.00115851750553575
0.5,3,1.91,2.3861558372878426,1.910001168122357,1.1681223570647603e-06
0.5,6,1.91,2.3861558372878426,1.9100000000653854,6.538547481227397e-11
0.5,1,1.92,2.398805937570349,1.920914984975454,0.0009149849754541695
0.5,3,1.92,2.398805937570349,1.9200007304268152,7.304268152541482e-07
0.5,6,1.92,2.398805937570349,1.9200000000288289,2.8828939235836515e-11
0.5,1,1.93,2.41149336117693,1.9307002382880982,0.0007002382880982871
0.5,3,1.93,2.41149336117693,1.9300004288491737,4.288491737280964e-07
0.5,6,1.93,2.41149336117693,1.9300000000113837,1.1383782805296505e-11
0.5,1,1.94,2.4242180619965765,1.9405142418800703,0.0005142418800703208
0.5,3,1.94,2.4242180619965765,1.9400002318516985,2.3185169850670206e-07
0.5,6,1.94,2.4242180619965765,1.9400000000038908,3.890887612101324e-12
0.5,1,1.95,2.436979993627133,1.9503569599634225,0.000356959963422554
0.5,3,1.95,2.436979993627133,1.950000111989003,1.1198900295994463e-07
0.5,6,1.95,2.436979993627133,1.950000000001092,1.092015367021304e-12
0.5,1,1.96,2.4497791093809402,1.9602283565300112,0.00022835653001118672
0.5,3,1.96,2.4497791093809402,1.960000045943347,4.5943347126709e-08
0.5,6,1.96,2.4497791093809402,1.9600000000002302,2.3026025530725747e-13
0.5,1,1.97,2.4626153622904408,1.9701283953558197,0.0001283953558197659
0.5,3,1.97,2.4626153622904408,1.9700000145596934,1.4559693450877376e-08
0.5,6,1.97,2.4626153622904408,1.9700000000000308,3.086420008457935e-14
0.5,1,1.98,2.4754887051137313,1.9800570400052402,5.704000524020536e-05
0.5,3,1.98,2.4754887051137313,1.9800000028805071,2.8805071661253123e-09
0.5,6,1.98,2.4754887051137313,1.9800000000000015,1.5543122344752192e-15
0.5,1,1.99,2.4883990903400752,1.9900142538353254,1.4253835325384046e-05
0.5,3,1.99,2.4883990903400752,1.9900000001803135,1.8031354187542092e-10
0.5,6,1.99,2.4883990903400752,1.99,0.0
0.5,1,2.0,2.501346470195363,2.0,0.0
0.5,3,2.0,2.501346470195363,2.0,0.0
0.5,6,2.0,2.501346470195363,2.0,0.0
0.5,1,2.01,2.514330796647532,2.0100142414542415,1.4241454241670226e-05
0.5,3,2.01,2.514330796647532,2.0100000001808747,1.808748706366714e-10
0.5,6,2.01,2.514330796647532,2.01,0.0
0.5,1,2.02,2.5273520214119367,2.02005694095822,5.6940958220064175e-05
0.5,3,2.02,2.5273520214119367,2.0200000028984704,2.8984703526191424e-09
0.5,6,2.02,2.5273520214119367,2.0199999999999982,1.7763568394002505e-15
0.5,1,2.0300000000000002,2.54041009595667,2.0301280610814048,0.0001280610814045069
0.5,3,2.0300000000000002,2.54041009595667,2.030000014696101,1.469610078075334e-08
0.5,6,2.0300000000000002,2.54041009595667,2.0299999999999683,3.197442310920451e-14
0.5,1,2.04,2.553504971507839,2.040227564206632,0.00022756420663183619
0.5,3,2.04,2.553504971507839,2.040000046518166,4.651816576384249e-08
0.5,6,2.04,2.553504971507839,2.03999999999976,2.402522625288839e-13
0.5,1,2.05,2.5666365990547955,2.0503554125341377,0.00035541253413784446
0.5,3,2.05,2.5666365990547955,2.0500001137432085,1.1374320862955756e-07
0.5,6,2.05,2.5666365990547955,2.049999999998846,1.1537437671904627e-12
0.5,1,2.06,2.5798049293553196,2.060511568085558,0.0005115680855580784
0.5,3,2.06,2.5798049293553196,2.0600002362167227,2.362167226266365e-07
0.5,6,2.06,2.5798049293553196,2.0599999999958465,4.153566379727636e-12
0.5,1,2.07,2.593009912940743,2.0706959927078787,0.0006959927078789008
0.5,3,2.07,2.593009912940743,2.070000438283705,4.382837053285016e-07
0.5,6,2.07,2.593009912940743,2.0699999999877154,1.2284395722872432e-11
0.5,1,2.08,2.6062515001210405,2.0809086480773633,0.0009086480773632388
0.5,3,2.08,2.6062515001210405,2.0800007488209653,7.488209652350974e-07
0.5,6,2.08,2.6062515001210405,2.07999999996855,3.1449953752371584e-11
0.5,1,2.09,2.619529640989868,2.0911494957034376,0.0011494957034376974
0.5,3,2.09,2.619529640989868,2.0900012012691853,1.2012691854579316e-06
0.5,6,2.09,2.619529640989868,2.0899999999278904,7.210942953861377e-11
0.5,1,2.1,2.632844285429546,2.101418496932534,0.0014184969325339303
0.5,3,2.1,2.632844285429546,2.100001833664724,1.8336647240602133e-06
0.5,6,2.1,2.632844285429546,2.0999999998484364,1.5156365051893772e-10
0.5,1,2.11,2.6461953831159972,2.111715612951898,0.0017156129518980379
0.5,3,2.11,2.6461953831159972,2.110002688671176,2.688671175921087e-06
0.5,6,2.11,2.6461953831159972,2.1099999997030774,2.9692248659785037e-10
0.5,1,2.12,2.659582883523651,2.1220408047933743,0.002040804793374207
0.5,3,2.12,2.659582883523651,2.1200038136106922,3.813610692127156e-06
0.5,6,2.12,2.659582883523651,2.1199999994511525,5.488476340076431e-10
0.5,1,2.13,2.6730067359302625,2.13239403333712,0.0023940333371199607
0.5,3,2.13,2.6730067359302625,2.1300052604950284,5.260495028469592e-06
0.5,6,2.13,2.6730067359302625,2.1299999990337923,9.662075584060403e-10
0.5,1,2.14,2.686466889421728,2.1427752593153198,0.0027752593153196337
0.5,3,2.14,2.686466889421728,2.1400070860563747,7.086056374561167e-06
0.5,6,2.14,2.686466889421728,2.139999998368298,1.63170232880816e-09
0.5,1,2.15,2.6999632928968156,2.153184443315835,0.003184443315835228
0.5,3,2.15,2.6999632928968156,2.150009351777915,9.351777915167503e-06
0.5,6,2.15,2.6999632928968156,2.1499999973413884,2.6586115531301857e-09
0.5,1,2.16,2.713495895071863,2.163621545785827,0.003621545785827074
0.5,3,2.16,2.713495895071863,2.160012123924151,1.2123924150841958e-05
0.5,6,2.16,2.713495895071863,2.159999995801235,4.198765335416965e-09
0.5,1,2.17,2.727064644485429,2.1740865270353433,0.004086527035343401
0.5,3,2.17,2.727064644485429,2.1700154735709822,1.5473570982305063e-05
0.5,6,2.17,2.727064644485429,2.1699999935481595,6.451840395271802e-09
0.5,1,2.18,2.740669489502884,2.1845793472408586,0.0045793472408584
0.5,3,2.18,2.740669489502884,2.18001947663553,1.947663552970269e-05
0.5,6,2.18,2.740669489502884,2.1799999903238603,9.676139889336355e-09
0.5,1,2.19,2.754310378320959,2.195099966448784,0.005099966448784077
0.5,3,2.19,2.754310378320959,2.190024213905725,2.4213905724934648e-05
0.5,6,2.19,2.754310378320959,2.189999985799055,1.42009448644842e-08
0.5,1,2.2,2.7679872589722496,2.20564834457894,0.005648344578939923
0.5,3,2.2,2.7679872589722496,2.2000297710696524,2.977106965218468e-05
0.5,6,2.2,2.7679872589722496,2.199999979559412,2.0440588333059395e-08
0.5,1,2.21,2.7817000793296542,2.2162244414279795,0.00622444142797951
0.5,3,2.21,2.7817000793296542,2.2100362387446406,3.623874464064869e-05
0.5,6,2.21,2.7817000793296542,2.209999971089611,2.8910388749636695e-08
0.5,1,2.22,2.7954487871107903,2.226828216672794,0.006828216672793985
0.5,3,2.22,2.7954487871107903,2.2200437125061283,4.371250612811295e-05
0.5,6,2.22,2.7954487871107903,2.219999959755448,4.024455213524902e-08
0.5,1,2.23,2.8092333298823298,2.2374596298738583,0.007459629873858287
0.5,3,2.23,2.8092333298823298,2.230052292916266,5.2292916266072353e-05
0.5,6,2.23,2.8092333298823298,2.229999944783777,5.521622314930141e-08
0.5,1,2.24,2.82305365506431,2.2481186404785527,0.008118640478552486
0.5,3,2.24,2.82305365506431,2.240062085552293,6.208555229259005e-05
0.5,6,2.24,2.82305365506431,2.239999925240201,7.475979924009835e-08
0.5,1,2.25,2.8369097099343867,2.2588052078244454,0.008805207824445382
0.5,3,2.25,2.8369097099343867,2.250073201034669,7.32010346689016e-05
0.5,6,2.25,2.8369097099343867,2.2499999000043367,9.999566330520793e-08
0.5,1,2.2600000000000002,2.850801441632034,2.2695192911425326,0.00951929114253236
0.5,3,2.2600000000000002,2.850801441632034,2.260085755054966,8.57550549655528e-05
0.5,6,2.2600000000000002,2.850801441632034,2.259999867742498,1.3225750228329503e-07
0.5,1,2.27,2.8647287971627,2.2802608495604395,0.010260849560439489
0.5,3,2.27,2.8647287971627,2.2700998684035154,9.986840351539072e-05
0.5,6,2.27,2.8647287971627,2.269999826877654,1.7312234623645395e-07
0.5,1,2.28,2.8786917234019165,2.291029842105595,0.011029842105595211
0.5,3,2.28,2.8786917234019165,2.280115666996834,0.00011566699683429604
0.5,6,2.28,2.8786917234019165,2.2799997755564974,2.2444350245010014e-07
0.5,1,2.29,2.8926901670993526,2.3018262277083545,0.011826227708354509
0.5,3,2.29,2.8926901670993526,2.2901332819047937,0.00013328190479366953
0.5,6,2.29,2.8926901670993526,2.289999711613451,2.883865488634285e-07
0.5,1,2.3,2.906724074882821,2.3126499652050914,0.01264996520509154
0.5,3,2.3,2.906724074882821,2.3001528493775636,0.00015284937756376848
0.5,6,2.3,2.906724074882821,2.2999996325314536,3.674685462584648e-07
1.5,1,1.7,4.487124914093718,1.7226035847704184,0.02260358477041846
1.5,3,1.7,4.487124914093718,1.700376978407831,0.00037697840783113
1.5,6,1.7,4.487124914093718,1.7000014201710094,1.4201710094585707e-06
1.5,1,1.71,4.5190728807966565,1.731142591182974,0.021142591182974124
1.5,3,1.71,4.5190728807966565,1.7103308532791126,0.00033085327911264173
1.5,6,1.71,4.5190728807966565,1.7100011341097276,1.1341097276851286e-06
1.5,1,1.72,4.55119818431798,1.7397289959243012,0.019728995924301218
1.5,3,1.72,4.55119818431798,1.720288992201412,0.0002889922014119861
1.5,6,1.72,4.55119818431798,1.7200008981520716,8.981520716044855e-07
1.5,1,1.73,4.583501389608098,1.7483629499935298,0.01836294999352983
1.5,3,1.73,4.583501389608098,1.730251141305006,0.0002511413050059197
1.5,6,1.73,4.583501389608098,1.7300007049558006,7.049558006233525e-07
1.5,1,1.74,4.615983060954996,1.757044604212738,0.0170446042127379
1.5,3,1.74,4.615983060954996,1.7402170521611895,0.00021705216118950155
1.5,6,1.74,4.615983060954996,1.7400005480222043,5.480222042830718e-07
1.5,1,1.75,4.64864376197719,1.7657741092250685,0.0157741092250685
1.5,3,1.75,4.64864376197719,1.7501864820028397,0.00018648200283966077
1.5,6,1.75,4.64864376197719,1.7500004216297413,4.216297413428549e-07
1.5,1,1.76,4.681484055616775,1.7745516154928722,0.014551615492872205
1.5,3,1.76,4.681484055616775,1.7601591939483934,0.00015919394839336576
1.5,6,1.76,4.681484055616775,1.7600003207698833,3.2076988332185863e-07
1.5,1,1.77,4.714504504132556,1.7833772732958704,0.013377273295870351
1.5,3,1.77,4.714504504132556,1.7701349572292642,0.00013495722926415432
1.5,6,1.77,4.714504504132556,1.7700002410852846,2.410852846246314e-07
1.5,1,1.78,4.747705669093269,1.7922512327293438,0.012251232729343808
1.5,3,1.78,4.747705669093269,1.780113547420731,0.00011354742073099722
1.5,6,1.78,4.747705669093269,1.780000178810408,1.7881040803580106e-07
1.5,1,1.79,4.7810881113708845,1.8011736437023436,0.011173643702343528
1.5,3,1.79,4.7810881113708845,1.7900947466763169,9.474667631681477e-05
1.5,6,1.79,4.7810881113708845,1.7900001307147124,1.3071471238745858e-07
1.5,1,1.8,4.814652391134009,1.8101446559359256,0.010144655935925506
1.5,3,1.8,4.814652391134009,1.800078343965692,7.834396569195157e-05
1.5,6,1.8,4.814652391134009,1.8000000940485148,9.404851475380838e-08
1.5,1,1.81,4.848399067841365,1.8191644189614093,0.009164418961409293
1.5,3,1.81,4.848399067841365,1.810064135316124,6.413531612392553e-05
1.5,6,1.81,4.848399067841365,1.8100000664916196,6.649161954364047e-08
1.5,1,1.82,4.882328700235346,1.8282330821186552,0.008233082118655144
1.5,3,1.82,4.882328700235346,1.8200519240574984,5.192405749832041e-05
1.5,6,1.82,4.882328700235346,1.8200000461047976,4.610479753530683e-08
1.5,1,1.83,4.9164418463356805,1.8373507945543706,0.007350794554370488
1.5,3,1.83,4.9164418463356805,1.8300415210709455,4.1521070945460536e-05
1.5,6,1.83,4.9164418463356805,1.830000031284199,3.128419900910728e-08
1.5,1,1.84,4.950739063433158,1.8465177052204327,0.006517705220432601
1.5,3,1.84,4.950739063433158,1.8400327450410916,3.2745041091519766e-05
1.5,6,1.84,4.950739063433158,1.8400000207187517,2.071875160325476e-08
1.5,1,1.85,4.985220908083451,1.8557339628722387,0.005733962872238596
1.5,3,1.85,4.985220908083451,1.8500254227119655,2.5422711965372713e-05
1.5,6,1.85,4.985220908083451,1.8500000133505983,1.3350598182526596e-08
1.5,1,1.86,5.019887936101012,1.8649997160670724,0.0049997160670722796
1.5,3,1.86,5.019887936101012,1.8600193891465828,1.9389146582726724e-05
1.5,6,1.86,5.019887936101012,1.8600000083386063,8.338606249935765e-09
1.5,1,1.87,5.054740702553049,1.8743151131624962,0.004315113162496109
1.5,3,1.87,5.054740702553049,1.8700144879902427,1.4487990242617599e-05
1.5,6,1.87,5.054740702553049,1.8700000050249643,5.0249642224997615e-09
1.5,1,1.88,5.08977976175361,1.883680302314768,0.0036803023147680136
1.5,3,1.88,5.08977976175361,1.8800105717375586,1.057173755869556e-05
1.5,6,1.88,5.08977976175361,1.880000002904876,2.9048761174266247e-09
1.5,1,1.8900000000000001,5.125005667257701,1.893095431477271,0.0030954314772708713
1.5,3,1.8900000000000001,5.125005667257701,1.890007502003246,7.502003245951627e-06
1.5,6,1.8900000000000001,5.125005667257701,1.8900000015993157,1.5993155688676097e-09
1.5,1,1.9,5.160418971855522,1.9025606483989714,0.002560648398971521
1.5,3,1.9,5.160418971855522,1.9000051497967019,5.149796701964249e-06
1.5,6,1.9,5.160418971855522,1.9000000008308235,8.308236321141749e-10
1.5,1,1.91,5.19602022756677,1.912076100622897,0.0020761006228970924
1.5,3,1.91,5.19602022756677,1.9100033958004008,3.3958004008738385e-06
1.5,6,1.91,5.19602022756677,1.9100000004022784,4.0227843278728415e-10
1.5,1,1.92,5.231809985635017,1.9216419354846337,0.0016419354846337608
1.5,3,1.92,5.231809985635017,1.9200021306521304,2.1306521305053394e-06
1.5,6,1.92,5.231809985635017,1.9200000001785567,1.7855672496125408e-10
1.5,1,1.93,5.267788796522169,1.931258300110845,0.0012583001108450453
1.5,3,1.93,5.267788796522169,1.9300012552310968,1.2552310968416691e-06
1.5,6,1.93,5.267788796522169,1.9300000000709816,7.098166499019953e-11
1.5,1,1.94,5.303957209902999,1.9409253414178105,0.0009253414178105324
1.5,3,1.94,5.303957209902999,1.9400006809479269,6.809479269342944e-07
1.5,6,1.94,5.303957209902999,1.940000000024425,2.442512858635837e-11
1.5,1,1.95,5.340315774659756,1.9506432061099854,0.0006432061099854725
1.5,3,1.95,5.340315774659756,1.9500003300385917,3.300385917892612e-07
1.5,6,1.95,5.340315774659756,1.9500000000069004,6.900480187255198e-12
1.5,1,1.96,5.3768650388768595,1.9604120406785819,0.0004120406785819153
1.5,3,1.96,5.3768650388768595,1.9600001358622845,1.3586228453377203e-07
1.5,6,1.96,5.3768650388768595,1.9600000000014648,1.4648282586904315e-12
1.5,1,1.97,5.413605549835653,1.9702319914001671,0.00023199140016716413
1.5,3,1.97,5.413605549835653,1.9700000432032716,4.3203271626879314e-08
1.5,6,1.97,5.413605549835653,1.970000000000198,1.9806378759312793e-13
1.5,1,1.98,5.450537854009238,1.980103204335283,0.00010320433528310247
1.5,3,1.98,5.450537854009238,1.9800000085767488,8.576748866673256e-09
1.5,6,1.98,5.450537854009238,1.9800000000000118,1.176836406102666e-14
1.5,1,1.99,5.487662497057387,1.9900258253270853,2.5825327085282623e-05
1.5,3,1.99,5.487662497057387,1.9900000005387315,5.387315038518636e-10
1.5,6,1.99,5.487662497057387,1.9900000000000004,4.440892098500626e-16
1.5,1,2.0,5.524980023821511,2.0,0.0
1.5,3,2.0,5.524980023821511,2.0,0.0
1.5,6,2.0,5.524980023821511,2.0,0.0
1.5,1,2.01,5.562490978319727,2.0100258737584036,2.58737584037938e-05
1.5,3,2.01,5.562490978319727,2.0100000005441343,5.441345152235044e-10
1.5,6,2.01,5.562490978319727,2.0099999999999993,4.440892098500626e-16
1.5,1,2.02,5.600195903741968,2.0201035917853174,0.00010359178531738067
1.5,3,2.02,5.600195903741968,2.0200000087496606,8.749660551643501e-09
1.5,6,2.02,5.600195903741968,2.0199999999999876,1.2434497875801753e-14
1.5,1,2.0300000000000002,5.638095342445172,2.0302332990411207,0.00023329904112046052
1.5,3,2.0300000000000002,5.638095342445172,2.0300000445163344,4.4516334174460326e-08
1.5,6,2.0300000000000002,5.638095342445172,2.029999999999787,2.1316282072803006e-13
1.5,1,2.04,5.676189835948546,2.0404151402622848,0.00041514026228473
1.5,3,2.04,5.676189835948546,2.040000141395597,1.4139559700865334e-07
1.5,6,2.04,5.676189835948546,2.0399999999983853,1.6147083670148277e-12
1.5,1,2.05,5.714479924928895,2.0506492599601263,0.0006492599601264359
1.5,3,2.05,5.714479924928895,2.050000346925225,3.4692522499213396e-07
1.5,6,2.05,5.714479924928895,2.049999999992206,7.793765632868599e-12
1.5,1,2.06,5.752966149216018,2.060935802419574,0.0009358024195740278
1.5,3,2.06,5.752966149216018,2.0600007229681974,7.229681973086599e-07
1.5,6,2.06,5.752966149216018,2.0599999999717307,2.8269386831425436e-11
1.5,1,2.07,5.79164904778816,2.0712749116979547,0.0012749116979549058
1.5,3,2.07,5.79164904778816,2.070001346055818,1.3460558183631122e-06
1.5,6,2.07,5.79164904778816,2.069999999915818,8.418199470838772e-11
1.5,1,2.08,5.830529158767556,2.081666731623803,0.0016667316238030416
1.5,3,2.08,5.830529158767556,2.0800023077351133,2.3077351132272383e-06
1.5,6,2.08,5.830529158767556,2.079999999783016,2.1698420837878984e-10
1.5,1,2.09,5.869607019415999,2.092111405795675,0.0021114057956750365
1.5,3,2.09,5.869607019415999,2.0900037149205257,3.7149205258657503e-06
1.5,6,2.09,5.869607019415999,2.0899999994990894,5.009104242503781e-10
1.5,1,2.1,5.908883166130523,2.1026090775809956,0.002609077580995489
1.5,3,2.1,5.908883166130523,2.1000056902499544,5.690249954337645e-06
1.5,6,2.1,5.908883166130523,2.099999998939959,1.0600409439120995e-09
1.5,1,2.11,5.948358134439098,2.113159890114907,0.003159890114907249
1.5,3,2.11,5.948358134439098,2.110008372445137,8.372445137183604e-06
1.5,6,2.11,5.948358134439098,2.109999997909124,2.0908759168491997e-09
1.5,1,2.12,5.988032458996432,2.123763986299148,0.00376398629914787
1.5,3,2.12,5.988032458996432,2.1200119166764315,1.1916676431411588e-05
1.5,6,2.12,5.988032458996432,2.1199999961086395,3.891360567109814e-09
1.5,1,2.13,6.02790667357979,2.134421508800935,0.004421508800934948
1.5,3,2.13,6.02790667357979,2.1300164949319993,1.649493199940011e-05
1.5,6,2.13,6.02790667357979,2.1299999931025857,6.897414195350393e-09
1.5,1,2.14,6.067981311084923,2.145132600051875,0.0051326000518749915
1.5,3,2.14,6.067981311084923,2.1400222963914404,2.229639144024631e-05
1.5,6,2.14,6.067981311084923,2.1399999882719514,1.1728048754378051e-08
1.5,1,2.15,6.108256903522006,2.1558974022468793,0.005897402246879402
1.5,3,2.15,6.108256903522006,2.1500295278038855,2.952780388554288e-05
1.5,6,2.15,6.108256903522006,2.1499999807597088,1.924029113808956e-08
1.5,1,2.16,6.148733982011683,2.1667160573431072,0.006716057343107096
1.5,3,2.16,6.148733982011683,2.1600384138705935,3.8413870593334565e-05
1.5,6,2.16,6.148733982011683,2.1599999694048497,3.059515041314853e-08
1.5,1,2.17,6.189413076781126,2.177588707058912,0.007588707058912014
1.5,3,2.17,6.189413076781126,2.1700491976320633,4.919763206334693e-05
1.5,6,2.17,6.189413076781126,2.169999952663991,4.733600889039735e-08
1.5,1,2.18,6.230294717160189,2.188515492872811,0.008515492872811059
1.5,3,2.18,6.230294717160189,2.1800621408597003,6.214085970013272e-05
1.5,6,2.18,6.230294717160189,2.1799999285191394,7.148086078601068e-08
1.5,1,2.19,6.271379431577586,2.19949655602247,0.009496556022470237
1.5,3,2.19,6.271379431577586,2.190077524452059,7.752445205921887e-05
1.5,6,2.19,6.271379431577586,2.189999894370056,1.0562994390284075e-07
1.5,1,2.2,6.312667747557155,2.210532037503698,0.01053203750369791
1.5,3,2.2,6.312667747557155,2.2000956488356933,9.564883569312954e-05
1.5,6,2.2,6.312667747557155,2.1999998469096,1.530904003566036e-07
1.5,1,2.21,6.354160191714141,2.221622078069457,0.011622078069457142
1.5,3,2.21,6.354160191714141,2.2101168343706297,0.0001168343706297037
1.5,6,2.21,6.354160191714141,2.2099997819803034,2.1801969651846775e-07
1.5,1,2.22,6.395857289751578,2.232766818228895,0.012766818228894916
1.5,3,2.22,6.395857289751578,2.2201414217605144,0.0001414217605142376
1.5,6,2.22,6.395857289751578,2.2199996944103595,3.0558964070337424e-07
1.5,1,2.23,6.437759566456677,2.2439663982463807,0.013966398246380685
1.5,3,2.23,6.437759566456677,2.230169772467436,0.00016977246743588026
1.5,6,2.23,6.437759566456677,2.2299995778270416,4.2217295836977087e-07
1.5,1,2.24,6.4798675456972985,2.2552209581405585,0.015220958140558238
1.5,3,2.24,6.4798675456972985,2.240202269131465,0.0002022691314649272
1.5,6,2.24,6.4798675456972985,2.239999424445519,5.755544814078917e-07
1.5,1,2.25,6.522181750418462,2.266530637683419,0.01653063768341889
1.5,3,2.25,6.522181750418462,2.250239315994941,0.00023931599494098066
1.5,6,2.25,6.522181750418462,2.2499992248308627,7.751691373236724e-07
1.5,1,2.2600000000000002,6.564702702638919,2.27789557639938,0.017895576399379554
1.5,3,2.2600000000000002,6.564702702638919,2.2602813393315206,0.0002813393315204138
1.5,6,2.2600000000000002,6.564702702638919,2.259998967630948,1.0323690520230855e-06
1.5,1,2.27,6.607430923447737,2.2893159135643746,0.019315913564374565
1.5,3,2.27,6.607430923447737,2.2703287878800245,0.00032878788002443926
1.5,6,2.27,6.607430923447737,2.2699986392778007,1.3607221993616747e-06
1.5,1,2.28,6.650366933000998,2.30079178820497,0.020791788204970185
1.5,3,2.28,6.650366933000998,2.2803821332831156,0.0003821332831157598
1.5,6,2.28,6.650366933000998,2.279998223654834,1.7763451656271911e-06
1.5,1,2.29,6.693511250518489,2.312323339097481,0.022323339097480854
1.5,3,2.29,6.693511250518489,2.290441870530819,0.0004418705308188997
1.5,6,2.29,6.693511250518489,2.28999770172725,2.298272749889918e-06
1.5,1,2.3,6.736864394280437,2.3239107047670986,0.023910704767098778
1.5,3,2.3,6.736864394280437,2.300508518408919,0.0005085184089193007
1.5,6,2.3,6.736864394280437,2.29999705113275,2.948867249941145e-06
