a,mu,F_half
10,-5.0,0.005956163487634004
10,-4.65625,0.008391379609291488
10,-4.3125,0.011817577669365302
10,-3.96875,0.016633471121769126
10,-3.625,0.02339379454519065
10,-3.28125,0.03286617178897576
10,-2.9375,0.04610480652580037
10,-2.59375,0.06454237145648252
10,-2.25,0.0900979947356246
10,-1.90625,0.1252923551044547
10,-1.5625,0.17334961936126286
10,-1.21875,0.23825113134718504
10,-0.875,0.32469258181715377
10,-0.53125,0.43789621707318255
10,-0.1875,0.5832566352655953
10,0.15625,0.7658570701669283
10,0.5,0.9899612562886305
10,0.84375,1.2586196376453445
10,1.1875,1.5734950784325088
10,1.53125,1.9349276795745678
10,1.875,2.342175088687529
10,2.21875,2.7937282612564913
10,2.5625,3.2876159354200905
10,2.90625,3.821648123799382
10,3.25,4.393583773830347
10,3.59375,5.001228956530302
10,3.9375,5.6424800241233
10,4.28125,6.315326086504327
10,4.625,7.017821446848279
10,4.96875,7.748034031325925
10,5.3125,8.503971544051623
10,5.65625,9.283483437542118
10,6.0,10.084133906876023
10,6.34375,10.903039228113869
10,6.6875,11.73666258663796
10,7.03125,12.580562647324443
10,7.375,13.429101288490333
10,7.71875,14.275135200122222
10,8.0625,15.10974959218101
10,8.40625,15.922140354396536
10,8.75,16.699801656080478
10,9.09375,17.429194280940926
10,9.4375,18.096998364097416
10,9.78125,18.69184762741769
10,10.125,19.206144489401844
10,10.46875,19.63734729009488
10,10.8125,19.988218161025028
10,11.15625,20.26594191095397
10,11.5,20.48050505744484
10,11.84375,20.64293962936249
10,12.1875,20.763913489627384
10,12.53125,20.852864255703114
10,12.875,20.917634378810764
10,13.21875,20.964454770393903
10,13.5625,20.998118578814275
10,13.90625,21.02222824170095
10,14.25,21.039446491521133
10,14.59375,21.05171811697921
10,14.9375,21.06045147646377
10,15.28125,21.066660278875027
10,15.625,21.071071020634964
10,15.96875,21.07420276096085
10,16.3125,21.07642554138951
10,16.65625,21.07800275812403
10,17.0,21.079121690443753
10,17.34375,21.07991539303213
10,17.6875,21.08047834363724
10,18.03125,21.08087760138557
10,18.375,21.08116075071637
10,18.71875,21.081361550351225
10,19.0625,21.081503947009107
10,19.40625,21.08160492558144
10,19.75,21.081676532234425
10,20.09375,21.081727310022345
10,20.4375,21.081763317402526
10,20.78125,21.081788850728373
10,21.125,21.081806956703325
10,21.46875,21.081819795830356
10,21.8125,21.081828900169032
10,22.15625,21.081835356129133
10,22.5,21.081839934099037
10,22.84375,21.081843180370154
10,23.1875,21.081845482323274
10,23.53125,21.081847114653563
10,23.875,21.08184827214962
10,24.21875,21.081849092937503
10,24.5625,21.08184967496341
10,24.90625,21.081850087681648
10,25.25,21.081850380342736
10,25.59375,21.081850587870548
10,25.9375,21.081850735029803
10,26.28125,21.08185083938135
10,26.625,21.08185091337768
10,26.96875,21.081850965848936
10,27.3125,21.081851003056624
10,27.65625,21.081851029440827
10,28.0,21.081851048150032
10,28.34375,21.08185106141684
10,28.6875,21.08185107082442
10,29.03125,21.081851077495394
10,29.375,21.08185108222582
10,29.71875,21.081851085580197
10,30.0625,21.081851087958803
10,30.40625,21.08185108964549
10,30.75,21.081851090841532
10,31.09375,21.08185109168965
10,31.4375,21.081851092291053
10,31.78125,21.081851092717518
10,32.125,21.08185109301992
10,32.46875,21.08185109323436
10,32.8125,21.08185109338642
10,33.15625,21.081851093494244
10,33.5,21.081851093570705
10,33.84375,21.081851093624927
10,34.1875,21.08185109366337
10,34.53125,21.08185109369063
10,34.875,21.081851093709965
10,35.21875,21.081851093723674
10,35.5625,21.081851093733395
10,35.90625,21.081851093740287
10,36.25,21.081851093745176
10,36.59375,21.081851093748643
10,36.9375,21.081851093751098
10,37.28125,21.081851093752842
10,37.625,21.081851093754082
10,37.96875,21.081851093754956
10,38.3125,21.081851093755578
10,38.65625,21.081851093756015
10,39.0,21.081851093756327
10,39.34375,21.08185109375655
10,39.6875,21.081851093756708
10,40.03125,21.081851093756818
10,40.375,21.081851093756896
10,40.71875,21.081851093756953
10,41.0625,21.081851093756995
10,41.40625,21.081851093757024
10,41.75,21.08185109375704
10,42.09375,21.081851093757056
10,42.4375,21.081851093757066
10,42.78125,21.081851093757074
10,43.125,21.08185109375708
10,43.46875,21.08185109375708
10,43.8125,21.081851093757084
10,44.15625,21.081851093757088
10,44.5,21.081851093757088
10,44.84375,21.081851093757088
10,45.1875,21.081851093757088
10,45.53125,21.08185109375709
10,45.875,21.08185109375709
10,46.21875,21.08185109375709
10,46.5625,21.08185109375709
10,46.90625,21.08185109375709
10,47.25,21.08185109375709
10,47.59375,21.08185109375709
10,47.9375,21.08185109375709
10,48.28125,21.08185109375709
10,48.625,21.08185109375709
10,48.96875,21.08185109375709
10,49.3125,21.08185109375709
10,49.65625,21.08185109375709
10,50.0,21.08185109375709
10,50.34375,21.08185109375709
10,50.6875,21.08185109375709
10,51.03125,21.08185109375709
10,51.375,21.08185109375709
10,51.71875,21.08185109375709
10,52.0625,21.08185109375709
10,52.40625,21.08185109375709
10,52.75,21.08185109375709
10,53.09375,21.08185109375709
10,53.4375,21.08185109375709
10,53.78125,21.08185109375709
10,54.125,21.08185109375709
10,54.46875,21.08185109375709
10,54.8125,21.08185109375709
10,55.15625,21.08185109375709
10,55.5,21.08185109375709
10,55.84375,21.08185109375709
10,56.1875,21.08185109375709
10,56.53125,21.08185109375709
10,56.875,21.08185109375709
10,57.21875,21.08185109375709
10,57.5625,21.08185109375709
10,57.90625,21.08185109375709
10,58.25,21.08185109375709
10,58.59375,21.08185109375709
10,58.9375,21.08185109375709
10,59.28125,21.08185109375709
10,59.625,21.08185109375709
10,59.96875,21.08185109375709
10,60.3125,21.08185109375709
10,60.65625,21.08185109375709
10,61.0,21.08185109375709
10,61.34375,21.08185109375709
10,61.6875,21.08185109375709
10,62.03125,21.08185109375709
10,62.375,21.08185109375709
10,62.71875,21.08185109375709
10,63.0625,21.08185109375709
10,63.40625,21.08185109375709
10,63.75,21.08185109375709
10,64.09375,21.08185109375709
10,64.4375,21.08185109375709
10,64.78125,21.08185109375709
10,65.125,21.08185109375709
10,65.46875,21.08185109375709
10,65.8125,21.08185109375709
10,66.15625,21.08185109375709
10,66.5,21.08185109375709
10,66.84375,21.08185109375709
10,67.1875,21.08185109375709
10,67.53125,21.08185109375709
10,67.875,21.08185109375709
10,68.21875,21.08185109375709
10,68.5625,21.08185109375709
10,68.90625,21.08185109375709
10,69.25,21.08185109375709
10,69.59375,21.08185109375709
10,69.9375,21.08185109375709
10,70.28125,21.08185109375709
10,70.625,21.08185109375709
10,70.96875,21.08185109375709
10,71.3125,21.08185109375709
10,71.65625,21.08185109375709
10,72.0,21.08185109375709
10,72.34375,21.08185109375709
10,72.6875,21.08185109375709
10,73.03125,21.08185109375709
10,73.375,21.08185109375709
10,73.71875,21.08185109375709
10,74.0625,21.08185109375709
10,74.40625,21.08185109375709
10,74.75,21.08185109375709
10,75.09375,21.08185109375709
10,75.4375,21.08185109375709
10,75.78125,21.08185109375709
10,76.125,21.08185109375709
10,76.46875,21.08185109375709
10,76.8125,21.08185109375709
10,77.15625,21.08185109375709
10,77.5,21.08185109375709
10,77.84375,21.08185109375709
10,78.1875,21.08185109375709
10,78.53125,21.08185109375709
10,78.875,21.08185109375709
10,79.21875,21.08185109375709
10,79.5625,21.08185109375709
10,79.90625,21.08185109375709
10,80.25,21.08185109375709
10,80.59375,21.08185109375709
10,80.9375,21.08185109375709
10,81.28125,21.08185109375709
10,81.625,21.08185109375709
10,81.96875,21.08185109375709
10,82.3125,21.08185109375709
10,82.65625,21.08185109375709
10,83.0,21.08185109375709
10,83.34375,21.08185109375709
10,83.6875,21.08185109375709
10,84.03125,21.08185109375709
10,84.375,21.08185109375709
10,84.71875,21.08185109375709
10,85.0625,21.08185109375709
10,85.40625,21.08185109375709
10,85.75,21.08185109375709
10,86.09375,21.08185109375709
10,86.4375,21.08185109375709
10,86.78125,21.08185109375709
10,87.125,21.08185109375709
10,87.46875,21.08185109375709
10,87.8125,21.08185109375709
10,88.15625,21.08185109375709
10,88.5,21.08185109375709
10,88.84375,21.08185109375709
10,89.1875,21.08185109375709
10,89.53125,21.08185109375709
10,89.875,21.08185109375709
10,90.21875,21.08185109375709
10,90.5625,21.08185109375709
10,90.90625,21.08185109375709
10,91.25,21.08185109375709
10,91.59375,21.08185109375709
10,91.9375,21.08185109375709
10,92.28125,21.08185109375709
10,92.625,21.08185109375709
10,92.96875,21.08185109375709
10,93.3125,21.08185109375709
10,93.65625,21.08185109375709
10,94.0,21.08185109375709
10,94.34375,21.08185109375709
10,94.6875,21.08185109375709
10,95.03125,21.08185109375709
10,95.375,21.08185109375709
10,95.71875,21.08185109375709
10,96.0625,21.08185109375709
10,96.40625,21.08185109375709
10,96.75,21.08185109375709
10,97.09375,21.08185109375709
10,97.4375,21.08185109375709
10,97.78125,21.08185109375709
10,98.125,21.08185109375709
10,98.46875,21.08185109375709
10,98.8125,21.08185109375709
10,99.15625,21.08185109375709
10,99.5,21.08185109375709
10,99.84375,21.08185109375709
10,100.1875,21.08185109375709
10,100.53125,21.08185109375709
10,100.875,21.08185109375709
10,101.21875,21.08185109375709
10,101.5625,21.08185109375709
10,101.90625,21.08185109375709
10,102.25,21.08185109375709
10,102.59375,21.08185109375709
10,102.9375,21.08185109375709
10,103.28125,21.08185109375709
10,103.625,21.08185109375709
10,103.96875,21.08185109375709
10,104.3125,21.08185109375709
10,104.65625,21.08185109375709
10,105.0,21.08185109375709
20,-5.0,0.005957177333165174
20,-4.65625,0.008392809359340008
20,-4.3125,0.011819593937508166
20,-3.96875,0.016636314510473326
20,-3.625,0.023397804355900546
20,-3.28125,0.0328718265087469
20,-2.9375,0.046112780920600935
20,-2.59375,0.06455361708203394
20,-2.25,0.09011385346959565
20,-1.90625,0.12531471924216497
20,-1.5625,0.17338115737101148
20,-1.21875,0.238295606214574
20,-0.875,0.3247552999566424
20,-0.53125,0.4379846613688713
20,-0.1875,0.5833813577777128
20,0.15625,0.7660329510144912
20,0.5,0.99020927886409
20,0.84375,1.2589693918107596
20,1.1875,1.5739882899858633
20,1.53125,1.93562318631624
20,1.875,2.3431558552356355
20,2.21875,2.795111266459075
20,2.5625,3.289566105837584
20,2.90625,3.8243979632441683
20,3.25,4.397461006122465
20,3.59375,5.006695429952111
20,3.9375,5.650186420556283
20,4.28125,6.3261887664769585
20,4.625,7.033130210076098
20,4.96875,7.769602880834919
20,5.3125,8.534348926197875
20,5.65625,9.326244067685055
20,6.0,10.144281195955697
20,6.34375,10.987555094252265
20,6.6875,11.85524876305454
20,7.03125,12.74662146694125
20,7.375,13.660998437042858
20,7.71875,14.597762072649525
20,8.0625,15.556344451433871
20,8.40625,16.53622095350873
20,8.75,17.536904814665526
20,9.09375,18.557942439501012
20,9.4375,19.598909320390945
20,9.78125,20.659406420180403
20,10.125,21.739056882855184
20,10.46875,22.83750293549897
20,10.8125,23.95440283450812
20,11.15625,25.0894276866958
20,11.5,26.242257937881497
20,11.84375,27.412579262586668
20,12.1875,28.600077501112413
20,12.53125,29.80443216414031
20,12.875,31.025307845628134
20,13.21875,32.26234263245441
20,13.5625,33.51513224760746
20,13.90625,34.78320817840875
20,14.25,36.06600737971465
20,14.59375,37.362830255569285
20,14.9375,38.672782464774784
20,15.28125,39.99469464272586
20,15.625,41.32701242944037
20,15.96875,42.66764745094415
20,16.3125,44.01377866536321
20,16.65625,45.36159394150349
20,17.0,46.705966156966326
20,17.34375,48.04007034801561
20,17.6875,49.3549741116149
20,18.03125,50.63927849715787
20,18.375,51.87895219438447
20,18.71875,53.05757308936005
20,19.0625,54.15722241076216
20,19.40625,55.16018880563024
20,19.75,56.051364958487255
20,20.09375,56.82080508984405
20,20.4375,57.46559784751132
20,20.78125,57.99030686746551
20,21.125,58.405800603307725
20,21.46875,58.726982102484385
20,21.8125,58.97027271964301
20,22.15625,59.15155953206652
20,22.5,59.28491637484835
20,22.84375,59.382055118554746
20,23.1875,59.45229275954047
20,23.53125,59.50280377801618
20,23.875,59.538984650439005
20,24.21875,59.56482654596412
20,24.5625,59.58324579042437
20,24.90625,59.59635497806106
20,25.25,59.6056750656809
20,25.59375,59.61229626163499
20,25.9375,59.6169975790443
20,26.28125,59.62033443002959
20,26.625,59.622702181902554
20,26.96875,59.62438195984148
20,27.3125,59.625573498545094
20,27.65625,59.62641862613805
20,28.0,59.627018012012414
20,28.34375,59.62744309087783
20,28.6875,59.62774454239603
20,29.03125,59.62795831633858
20,29.375,59.62810991120347
20,29.71875,59.62821741129815
20,30.0625,59.62829364190853
20,30.40625,59.6283476983246
20,30.75,59.628386030475255
20,31.09375,59.62841321224734
20,31.4375,59.6284324871141
20,31.78125,59.62844615509364
20,32.125,59.628455847168766
20,32.46875,59.62846271989239
20,32.8125,59.628467593389864
20,33.15625,59.6284710492204
20,33.5,59.62847349977288
20,33.84375,59.62847523747564
20,34.1875,59.62847646969183
20,34.53125,59.62847734346417
20,34.875,59.62847796306164
20,35.21875,59.628478402422104
20,35.5625,59.62847871397535
20,35.90625,59.62847893489969
20,36.25,59.62847909155852
20,36.59375,59.62847920264625
20,36.9375,59.62847928141925
20,37.28125,59.62847933727768
20,37.625,59.62847937688725
20,37.96875,59.628479404974634
20,38.3125,59.62847942489156
20,38.65625,59.6284794390148
20,39.0,59.628479449029655
20,39.34375,59.62847945613126
20,39.6875,59.628479461167046
20,40.03125,59.62847946473795
20,40.375,59.62847946727011
20,40.71875,59.628479469065674
20,41.0625,59.62847947033893
20,41.40625,59.62847947124179
20,41.75,59.62847947188202
20,42.09375,59.62847947233601
20,42.4375,59.628479472657936
20,42.78125,59.62847947288622
20,43.125,59.62847947304809
20,43.46875,59.62847947316288
20,43.8125,59.628479473244276
20,44.15625,59.628479473301994
20,44.5,59.62847947334292
20,44.84375,59.62847947337195
20,45.1875,59.62847947339253
20,45.53125,59.62847947340712
20,45.875,59.62847947341747
20,46.21875,59.628479473424804
20,46.5625,59.62847947343001
20,46.90625,59.6284794734337
20,47.25,59.628479473436315
20,47.59375,59.62847947343817
20,47.9375,59.62847947343949
20,48.28125,59.62847947344042
20,48.625,59.62847947344108
20,48.96875,59.62847947344155
20,49.3125,59.62847947344188
20,49.65625,59.62847947344211
20,50.0,59.62847947344228
20,50.34375,59.628479473442404
20,50.6875,59.62847947344248
20,51.03125,59.628479473442546
20,51.375,59.62847947344259
20,51.71875,59.62847947344262
20,52.0625,59.62847947344264
20,52.40625,59.62847947344265
20,52.75,59.62847947344267
20,53.09375,59.628479473442674
20,53.4375,59.62847947344268
20,53.78125,59.62847947344268
20,54.125,59.62847947344268
20,54.46875,59.62847947344269
20,54.8125,59.62847947344269
20,55.15625,59.62847947344269
20,55.5,59.62847947344269
20,55.84375,59.62847947344269
20,56.1875,59.62847947344269
20,56.53125,59.62847947344269
20,56.875,59.62847947344269
20,57.21875,59.62847947344269
20,57.5625,59.62847947344269
20,57.90625,59.62847947344269
20,58.25,59.62847947344269
20,58.59375,59.62847947344269
20,58.9375,59.62847947344269
20,59.28125,59.62847947344269
20,59.625,59.62847947344269
20,59.96875,59.62847947344269
20,60.3125,59.62847947344269
20,60.65625,59.62847947344269
20,61.0,59.62847947344269
20,61.34375,59.62847947344269
20,61.6875,59.62847947344269
20,62.03125,59.62847947344269
20,62.375,59.62847947344269
20,62.71875,59.62847947344269
20,63.0625,59.62847947344269
20,63.40625,59.62847947344269
20,63.75,59.62847947344269
20,64.09375,59.62847947344269
20,64.4375,59.62847947344269
20,64.78125,59.62847947344269
20,65.125,59.62847947344269
20,65.46875,59.62847947344269
20,65.8125,59.62847947344269
20,66.15625,59.62847947344269
20,66.5,59.62847947344269
20,66.84375,59.62847947344269
20,67.1875,59.62847947344269
20,67.53125,59.62847947344269
20,67.875,59.62847947344269
20,68.21875,59.62847947344269
20,68.5625,59.62847947344269
20,68.90625,59.62847947344269
20,69.25,59.62847947344269
20,69.59375,59.62847947344269
20,69.9375,59.62847947344269
20,70.28125,59.62847947344269
20,70.625,59.62847947344269
20,70.96875,59.62847947344269
20,71.3125,59.62847947344269
20,71.65625,59.62847947344269
20,72.0,59.62847947344269
20,72.34375,59.62847947344269
20,72.6875,59.62847947344269
20,73.03125,59.62847947344269
20,73.375,59.62847947344269
20,73.71875,59.62847947344269
20,74.0625,59.62847947344269
20,74.40625,59.62847947344269
20,74.75,59.62847947344269
20,75.09375,59.62847947344269
20,75.4375,59.62847947344269
20,75.78125,59.62847947344269
20,76.125,59.62847947344269
20,76.46875,59.62847947344269
20,76.8125,59.62847947344269
20,77.15625,59.62847947344269
20,77.5,59.62847947344269
20,77.84375,59.62847947344269
20,78.1875,59.62847947344269
20,78.53125,59.62847947344269
20,78.875,59.62847947344269
20,79.21875,59.62847947344269
20,79.5625,59.62847947344269
20,79.90625,59.62847947344269
20,80.25,59.62847947344269
20,80.59375,59.62847947344269
20,80.9375,59.62847947344269
20,81.28125,59.62847947344269
20,81.625,59.62847947344269
20,81.96875,59.62847947344269
20,82.3125,59.62847947344269
20,82.65625,59.62847947344269
20,83.0,59.62847947344269
20,83.34375,59.62847947344269
20,83.6875,59.62847947344269
20,84.03125,59.62847947344269
20,84.375,59.62847947344269
20,84.71875,59.62847947344269
20,85.0625,59.62847947344269
20,85.40625,59.62847947344269
20,85.75,59.62847947344269
20,86.09375,59.62847947344269
20,86.4375,59.62847947344269
20,86.78125,59.62847947344269
20,87.125,59.62847947344269
20,87.46875,59.62847947344269
20,87.8125,59.62847947344269
20,88.15625,59.62847947344269
20,88.5,59.62847947344269
20,88.84375,59.62847947344269
20,89.1875,59.62847947344269
20,89.53125,59.62847947344269
20,89.875,59.62847947344269
20,90.21875,59.62847947344269
20,90.5625,59.62847947344269
20,90.90625,59.62847947344269
20,91.25,59.62847947344269
20,91.59375,59.62847947344269
20,91.9375,59.62847947344269
20,92.28125,59.62847947344269
20,92.625,59.62847947344269
20,92.96875,59.62847947344269
20,93.3125,59.62847947344269
20,93.65625,59.62847947344269
20,94.0,59.62847947344269
20,94.34375,59.62847947344269
20,94.6875,59.62847947344269
20,95.03125,59.62847947344269
20,95.375,59.62847947344269
20,95.71875,59.62847947344269
20,96.0625,59.62847947344269
20,96.40625,59.62847947344269
20,96.75,59.62847947344269
20,97.09375,59.62847947344269
20,97.4375,59.62847947344269
20,97.78125,59.62847947344269
20,98.125,59.62847947344269
20,98.46875,59.62847947344269
20,98.8125,59.62847947344269
20,99.15625,59.62847947344269
20,99.5,59.62847947344269
20,99.84375,59.62847947344269
20,100.1875,59.62847947344269
20,100.53125,59.62847947344269
20,100.875,59.62847947344269
20,101.21875,59.62847947344269
20,101.5625,59.62847947344269
20,101.90625,59.62847947344269
20,102.25,59.62847947344269
20,102.59375,59.62847947344269
20,102.9375,59.62847947344269
20,103.28125,59.62847947344269
20,103.625,59.62847947344269
20,103.96875,59.62847947344269
20,104.3125,59.62847947344269
20,104.65625,59.62847947344269
20,105.0,59.62847947344269
30,-5.0,0.005957177808352603
30,-4.65625,0.008392810027872307
30,-4.3125,0.011819594877149732
30,-3.96875,0.016636315829393105
30,-3.625,0.023397806203729617
30,-3.28125,0.03287182909088351
30,-2.9375,0.046112784516004784
30,-2.59375,0.06455362206406198
30,-2.25,0.0901138603280936
30,-1.90625,0.12531472860291218
30,-1.5625,0.1733811700060569
30,-1.21875,0.23829562303540058
30,-0.875,0.32475532198434204
30,-0.53125,0.43798468968499954
30,-0.1875,0.5833813934765717
30,0.15625,0.7660329951951746
30,0.5,0.9902093327057603
30,0.84375,1.258969456760273
30,1.1875,1.5739883680631468
30,1.53125,1.9356232805306475
30,1.875,2.3431559701179796
30,2.21875,2.795111408744365
30,2.5625,3.289566285371179
30,2.90625,3.8243981942237424
30,3.25,4.3974613088331544
30,3.59375,5.0066958332108324
30,3.9375,5.650186965163669
30,4.28125,6.32618951009329
30,4.625,7.03313123410579
30,4.96875,7.76960430014265
30,5.3125,8.534350902816637
30,5.65625,9.326246830152389
30,6.0,10.144285066585784
30,6.34375,10.987560527598374
30,6.6875,11.855256400151664
30,7.03125,12.746632211801696
30,7.375,13.661013564532924
30,7.71875,14.59778338061988
30,8.0625,15.55637447525659
30,8.40625,16.536263268619948
30,8.75,17.536964463212453
30,9.09375,18.558026531997296
30,9.4375,19.599027884159966
30,9.78125,20.65957359579863
30,10.125,21.739292611301394
30,10.46875,22.837835337204332
30,10.8125,23.954871563933608
30,11.15625,25.09008866220751
30,11.5,26.243190010279555
30,11.84375,27.413893615928906
30,12.1875,28.601930903421913
30,12.53125,29.80704564082124
30,12.875,31.028992987216093
30,13.21875,32.26753864286387
30,13.5625,33.522458088014545
30,13.90625,34.79353589845152
30,14.25,36.08056512762083
30,14.59375,37.38334674670776
30,14.9375,38.70168913521323
30,15.28125,40.035407615522374
30,15.625,41.38432402567254
30,15.96875,42.74826632503013
30,16.3125,44.1270682278755
30,16.65625,45.52056885995381
30,17.0,46.928612432841234
30,17.34375,48.35104793043626
30,17.6875,49.78772880091856
30,18.03125,51.23851264597875
30,18.375,52.70326089680275
30,18.71875,54.18183846289784
30,19.0625,55.67411333494842
30,19.40625,57.179956115889766
30,19.75,58.69923944443924
30,20.09375,60.23183726123234
30,20.4375,61.77762384779062
30,20.78125,63.3364725404349
30,21.125,64.90825398161945
30,21.46875,66.49283371534402
30,21.8125,68.09006885477507
30,22.15625,69.69980343989991
30,22.5,71.3218619483613
30,22.84375,72.95604020627839
30,23.1875,74.60209264433998
30,23.53125,76.25971442633886
30,23.875,77.92851640172663
30,24.21875,79.60799004979447
30,24.5625,81.29745853205833
30,24.90625,82.99600859400192
30,25.25,84.70239632519394
30,25.59375,86.4149177435562
30,25.9375,88.13123304642691
30,26.28125,89.84813178752074
30,26.625,91.56122655218564
30,26.96875,93.2645675382987
30,27.3125,94.95018432153991
30,27.65625,96.60759064595297
30,28.0,98.22334068934136
30,28.34375,99.78080324088828
30,28.6875,101.26040791720553
30,29.03125,102.64066291076679
30,29.375,103.90015302667325
30,29.71875,105.02041174326285
30,30.0625,105.98906157301624
30,30.40625,106.8022069411887
30,30.75,107.46513007323506
30,31.09375,107.99099813654352
30,31.4375,108.39814592878315
30,31.78125,108.70697037984948
30,32.125,108.93734088783894
30,32.46875,109.1069493742859
30,32.8125,109.23057492356958
30,33.15625,109.32000789248812
30,33.5,109.38434626193379
30,33.84375,109.43044370241343
30,34.1875,109.46337466963497
30,34.53125,109.4868499696098
30,34.875,109.50355924182493
30,35.21875,109.51543966862792
30,35.5625,109.5238802056491
30,35.90625,109.52987354097263
30,36.25,109.53412753366533
30,36.59375,109.5371461219054
30,36.9375,109.53928765637946
30,37.28125,109.54080675252243
30,37.625,109.54188421502175
30,37.96875,109.54264838215461
30,38.3125,109.54319032409244
30,38.65625,109.54357465181553
30,39.0,109.54384719774922
30,39.34375,109.54404047018875
30,39.6875,109.54417752511117
30,40.03125,109.54427471373646
30,40.375,109.54434363186382
30,40.71875,109.54439250267322
30,41.0625,109.54442715753743
30,41.40625,109.54445173165223
30,41.75,109.54446915737753
30,42.09375,109.54448151410153
30,42.4375,109.54449027634826
30,42.78125,109.54449648972027
30,43.125,109.54450089566521
30,43.46875,109.54450401995018
30,43.8125,109.54450623540109
30,44.15625,109.54450780639156
30,44.5,109.54450892039092
30,44.84375,109.54450971033489
30,45.1875,109.5445102704891
30,45.53125,109.54451066769798
30,45.875,109.54451094936124
30,46.21875,109.54451114909043
30,46.5625,109.54451129071961
30,46.90625,109.54451139114977
30,47.25,109.54451146236539
30,47.59375,109.54451151286486
30,47.9375,109.54451154867432
30,48.28125,109.54451157406703
30,48.625,109.54451159207318
30,48.96875,109.54451160484143
30,49.3125,109.54451161389548
30,49.65625,109.54451162031577
30,50.0,109.54451162486845
30,50.34375,109.54451162809676
30,50.6875,109.54451163038598
30,51.03125,109.54451163200929
30,51.375,109.54451163316037
30,51.71875,109.54451163397661
30,52.0625,109.54451163455542
30,52.40625,109.54451163496586
30,52.75,109.5445116352569
30,53.09375,109.54451163546327
30,53.4375,109.54451163560961
30,53.78125,109.5445116357134
30,54.125,109.54451163578699
30,54.46875,109.54451163583917
30,54.8125,109.54451163587618
30,55.15625,109.54451163590241
30,55.5,109.54451163592103
30,55.84375,109.54451163593421
30,56.1875,109.54451163594356
30,56.53125,109.54451163595019
30,56.875,109.5445116359549
30,57.21875,109.54451163595823
30,57.5625,109.54451163596059
30,57.90625,109.5445116359623
30,58.25,109.54451163596346
30,58.59375,109.54451163596431
30,58.9375,109.54451163596491
30,59.28125,109.54451163596534
30,59.625,109.54451163596565
30,59.96875,109.54451163596585
30,60.3125,109.54451163596599
30,60.65625,109.5445116359661
30,61.0,109.54451163596619
30,61.34375,109.54451163596624
30,61.6875,109.54451163596627
30,62.03125,109.5445116359663
30,62.375,109.54451163596633
30,62.71875,109.54451163596633
30,63.0625,109.54451163596636
30,63.40625,109.54451163596636
30,63.75,109.54451163596636
30,64.09375,109.54451163596636
30,64.4375,109.54451163596636
30,64.78125,109.54451163596636
30,65.125,109.54451163596636
30,65.46875,109.54451163596636
30,65.8125,109.54451163596636
30,66.15625,109.54451163596636
30,66.5,109.54451163596636
30,66.84375,109.54451163596636
30,67.1875,109.54451163596636
30,67.53125,109.54451163596636
30,67.875,109.54451163596636
30,68.21875,109.54451163596636
30,68.5625,109.54451163596636
30,68.90625,109.54451163596636
30,69.25,109.54451163596636
30,69.59375,109.54451163596636
30,69.9375,109.54451163596636
30,70.28125,109.54451163596636
30,70.625,109.54451163596636
30,70.96875,109.54451163596636
30,71.3125,109.54451163596636
30,71.65625,109.54451163596636
30,72.0,109.54451163596636
30,72.34375,109.54451163596636
30,72.6875,109.54451163596636
30,73.03125,109.54451163596636
30,73.375,109.54451163596636
30,73.71875,109.54451163596636
30,74.0625,109.54451163596636
30,74.40625,109.54451163596636
30,74.75,109.54451163596636
30,75.09375,109.54451163596636
30,75.4375,109.54451163596636
30,75.78125,109.54451163596636
30,76.125,109.54451163596636
30,76.46875,109.54451163596636
30,76.8125,109.54451163596636
30,77.15625,109.54451163596636
30,77.5,109.54451163596636
30,77.84375,109.54451163596636
30,78.1875,109.54451163596636
30,78.53125,109.54451163596636
30,78.875,109.54451163596636
30,79.21875,109.54451163596636
30,79.5625,109.54451163596636
30,79.90625,109.54451163596636
30,80.25,109.54451163596636
30,80.59375,109.54451163596636
30,80.9375,109.54451163596636
30,81.28125,109.54451163596636
30,81.625,109.54451163596636
30,81.96875,109.54451163596636
30,82.3125,109.54451163596636
30,82.65625,109.54451163596636
30,83.0,109.54451163596636
30,83.34375,109.54451163596636
30,83.6875,109.54451163596636
30,84.03125,109.54451163596636
30,84.375,109.54451163596636
30,84.71875,109.54451163596636
30,85.0625,109.54451163596636
30,85.40625,109.54451163596636
30,85.75,109.54451163596636
30,86.09375,109.54451163596636
30,86.4375,109.54451163596636
30,86.78125,109.54451163596636
30,87.125,109.54451163596636
30,87.46875,109.54451163596636
30,87.8125,109.54451163596636
30,88.15625,109.54451163596636
30,88.5,109.54451163596636
30,88.84375,109.54451163596636
30,89.1875,109.54451163596636
30,89.53125,109.54451163596636
30,89.875,109.54451163596636
30,90.21875,109.54451163596636
30,90.5625,109.54451163596636
30,90.90625,109.54451163596636
30,91.25,109.54451163596636
30,91.59375,109.54451163596636
30,91.9375,109.54451163596636
30,92.28125,109.54451163596636
30,92.625,109.54451163596636
30,92.96875,109.54451163596636
30,93.3125,109.54451163596636
30,93.65625,109.54451163596636
30,94.0,109.54451163596636
30,94.34375,109.54451163596636
30,94.6875,109.54451163596636
30,95.03125,109.54451163596636
30,95.375,109.54451163596636
30,95.71875,109.54451163596636
30,96.0625,109.54451163596636
30,96.40625,109.54451163596636
30,96.75,109.54451163596636
30,97.09375,109.54451163596636
30,97.4375,109.54451163596636
30,97.78125,109.54451163596636
30,98.125,109.54451163596636
30,98.46875,109.54451163596636
30,98.8125,109.54451163596636
30,99.15625,109.54451163596636
30,99.5,109.54451163596636
30,99.84375,109.54451163596636
30,100.1875,109.54451163596636
30,100.53125,109.54451163596636
30,100.875,109.54451163596636
30,101.21875,109.54451163596636
30,101.5625,109.54451163596636
30,101.90625,109.54451163596636
30,102.25,109.54451163596636
30,102.59375,109.54451163596636
30,102.9375,109.54451163596636
30,103.28125,109.54451163596636
30,103.625,109.54451163596636
30,103.96875,109.54451163596636
30,104.3125,109.54451163596636
30,104.65625,109.54451163596636
30,105.0,109.54451163596636
50,-5.0,0.005957178848630797
50,-4.65625,0.008392811490882042
50,-4.3125,0.01181959693238662
50,-3.96875,0.0166363187121016
50,-3.625,0.02339781023829767
50,-3.28125,0.03287183472057692
50,-2.9375,0.046112792338885746
50,-2.59375,0.06455363287287863
50,-2.25,0.09011387514810243
50,-1.90625,0.1253147487156192
50,-1.5625,0.17338119693951243
50,-1.21875,0.23829565849639578
50,-0.875,0.3247553677117772
50,-0.53125,0.43798474722520697
50,-0.1875,0.5833814639210537
50,0.15625,0.7660330789607446
50,0.5,0.99020942944311
50,0.84375,1.2589695654309156
50,1.1875,1.5739884871509726
50,1.53125,1.9356234083040953
50,1.875,2.3431561048604386
50,2.21875,2.795111548908351
50,2.5625,3.2895664296525835
50,2.90625,3.8243983415757783
50,3.25,4.397461458444806
50,3.59375,5.006695984469845
50,3.9375,5.650187117616706
50,4.28125,6.3261896634098065
50,4.625,7.033131388048091
50,4.96875,7.76960445454249
50,5.3125,8.534351057557702
50,5.65625,9.32624698515773
50,6.0,10.144285221809303
50,6.34375,10.987560683019657
50,6.6875,11.85525655577373
50,7.03125,12.74663236765143
50,7.375,13.661013720664334
50,7.71875,14.597783537120572
50,8.0625,15.556374632258217
50,8.40625,16.53626342631394
50,8.75,17.53696462187286
50,9.09375,18.558026692013488
50,9.4375,19.599028046083106
50,9.78125,20.659573760407426
50,10.125,21.739292779695063
50,10.46875,22.837835510933736
50,10.8125,23.954871745186324
50,11.15625,25.090088854068902
50,11.5,26.24319021710094
50,11.84375,27.413893843846807
50,12.1875,28.60193116109035
50,12.53125,29.80704594044443
50,12.875,31.028993346004796
50,13.21875,32.26753908508922
50,13.5625,33.52245864790434
50,13.90625,34.79353662427472
50,14.25,36.08056608744758
50,14.59375,37.38334803653236
50,14.9375,38.70169089040934
50,15.28125,40.03541002699744
50,15.625,41.38432736264912
50,15.96875,42.748270967172765
50,16.3125,44.12707471059677
50,16.65625,45.52057793830598
50,17.0,46.92862517161764
50,17.34375,48.35106583123413
50,17.6875,49.78775398132542
50,18.03125,51.23854809226369
50,18.375,52.70331082026433
50,18.71875,54.18190880238735
50,19.0625,55.67421246552581
50,19.40625,57.180095848157855
50,19.75,58.69943643376942
50,20.09375,60.23211499496933
50,20.4375,61.778015447418
50,20.78125,63.33702471277915
50,21.125,64.90903258998173
50,21.46875,66.49393163414791
50,21.8125,68.09161704260286
50,22.15625,69.70198654743783
50,22.5,71.32494031414458
50,22.84375,72.96038084588294
50,23.1875,74.60821289298188
50,23.53125,76.26834336730839
50,23.875,77.94068126117008
50,24.21875,79.62513757044513
50,24.5625,81.32162522165763
50,24.90625,83.0300590027407
50,25.25,84.75035549724866
50,25.59375,86.48243302179908
50,25.9375,88.22621156654233
50,26.28125,89.98161273847158
50,26.625,91.74855970740005
50,26.96875,93.52697715444519
50,27.3125,95.3167912228713
50,27.65625,97.11792947115228
50,28.0,98.93032082812603
50,28.34375,100.75389555012111
50,28.6875,102.58858517994415
50,29.03125,104.43432250762326
50,29.375,106.29104153281011
50,29.71875,108.15867742874855
50,30.0625,110.03716650772301
50,30.40625,111.92644618790425
50,30.75,113.82645496151326
50,31.09375,115.73713236422654
50,31.4375,117.65841894574773
50,31.78125,119.59025624146885
50,32.125,121.53258674514319
50,32.46875,123.48535388248533
50,32.8125,125.44850198560493
50,33.15625,127.42197626816622
50,33.5,129.40572280114236
50,33.84375,131.39968848900202
50,34.1875,133.40382104611746
50,34.53125,135.4180689731159
50,34.875,137.4423815327992
50,35.21875,139.4767087251193
50,35.5625,141.5210012605026
50,35.90625,143.57521053053992
50,36.25,145.6392885746708
50,36.59375,147.71318804093983
50,36.9375,149.79686213812766
50,37.28125,151.89026457546376
50,37.625,153.9933494845837
50,37.96875,156.10607131621495
50,38.3125,158.22838470100237
50,38.65625,160.3602442595507
50,39.0,162.50160434065208
50,39.34375,164.65241865804978
50,39.6875,166.81263978394534
50,40.03125,168.98221844033407
50,40.375,171.16110250512884
50,40.71875,173.34923561603915
50,41.0625,175.54655520730438
50,41.40625,177.7529897470046
50,41.75,179.96845484792163
50,42.09375,182.19284779182408
50,42.4375,184.4260398203876
50,42.78125,186.667865284781
50,43.125,188.9181063817102
50,43.46875,191.1764716981324
50,43.8125,193.44256608987297
50,44.15625,195.71584846804058
50,44.5,197.99557278764624
50,44.84375,200.28070585012148
50,45.1875,202.5698133952058
50,45.53125,204.86090340180846
50,45.875,207.15121278251303
50,46.21875,209.43692142357557
50,46.5625,211.7127773237881
50,46.90625,213.97162144463636
50,47.25,216.20381611646346
50,47.59375,218.39661454711649
50,47.9375,220.53357076050708
50,48.28125,222.59418421008417
50,48.625,224.55408699193345
50,48.96875,226.3861569706914
50,49.3125,228.06286440792928
50,49.65625,229.55980892360566
50,50.0,230.85978585844526
50,50.34375,231.95613474063066
50,50.6875,232.85407066403934
50,51.03125,233.56943147329957
50,51.375,234.12539141183353
50,51.71875,234.54843075165118
50,52.0625,234.86480819730247
50,52.40625,235.09820321940512
50,52.75,235.2685800543312
50,53.09375,235.3919732870724
50,53.4375,235.48081673102675
50,53.78125,235.54451029498173
50,54.125,235.59003148721416
50,54.46875,235.62249213444196
50,54.8125,235.6456022213476
50,55.15625,235.66203632721414
50,55.5,235.67371340022933
50,55.84375,235.6820055662414
50,56.1875,235.68789158149772
50,56.53125,235.69206840807868
50,56.875,235.69503174044524
50,57.21875,235.69713382212888
50,57.5625,235.69862480584254
50,57.90625,235.69968226508456
50,58.25,235.70043221328558
50,58.59375,235.70096405513533
50,58.9375,235.7013412120935
50,59.28125,235.70160866880258
50,59.625,235.70179833023326
50,59.96875,235.70193282345645
50,60.3125,235.70202819500653
50,60.65625,235.70209582435376
50,61.0,235.70214378114
50,61.34375,235.70217778779372
50,61.6875,235.70220190222278
50,62.03125,235.7022190019641
50,62.375,235.70223112752183
50,62.71875,235.7022397258426
50,63.0625,235.70224582297143
50,63.40625,235.70225014648642
50,63.75,235.70225321231922
50,64.09375,235.70225538632107
50,64.4375,235.70225692791962
50,64.78125,235.7022580210769
50,65.125,235.70225879624158
50,65.46875,235.70225934591568
50,65.8125,235.70225973569305
50,66.15625,235.70226001208655
50,66.5,235.70226020807897
50,66.84375,235.70226034705834
50,67.1875,235.70226044560948
50,67.53125,235.70226051549275
50,67.875,235.7022605650474
50,68.21875,235.7022606001869
50,68.5625,235.70226062510454
50,68.90625,235.70226064277378
50,69.25,235.70226065530315
50,69.59375,235.7022606641878
50,69.9375,235.70226067048796
50,70.28125,235.70226067495545
50,70.625,235.70226067812337
50,70.96875,235.7022606803698
50,71.3125,235.7022606819627
50,71.65625,235.70226068309225
50,72.0,235.70226068389323
50,72.34375,235.7022606844612
50,72.6875,235.70226068486397
50,73.03125,235.70226068514958
50,73.375,235.7022606853521
50,73.71875,235.7022606854957
50,74.0625,235.7022606855975
50,74.40625,235.70226068566976
50,74.75,235.70226068572092
50,75.09375,235.70226068575727
50,75.4375,235.702260685783
50,75.78125,235.70226068580124
50,76.125,235.7022606858142
50,76.46875,235.70226068582338
50,76.8125,235.70226068582988
50,77.15625,235.7022606858345
50,77.5,235.70226068583779
50,77.84375,235.7022606858401
50,78.1875,235.70226068584174
50,78.53125,235.7022606858429
50,78.875,235.70226068584375
50,79.21875,235.70226068584432
50,79.5625,235.70226068584472
50,79.90625,235.70226068584503
50,80.25,235.70226068584523
50,80.59375,235.7022606858454
50,80.9375,235.7022606858455
50,81.28125,235.70226068584557
50,81.625,235.70226068584563
50,81.96875,235.70226068584566
50,82.3125,235.7022606858457
50,82.65625,235.70226068584572
50,83.0,235.70226068584572
50,83.34375,235.70226068584574
50,83.6875,235.70226068584574
50,84.03125,235.70226068584574
50,84.375,235.70226068584574
50,84.71875,235.70226068584574
50,85.0625,235.70226068584574
50,85.40625,235.70226068584574
50,85.75,235.70226068584574
50,86.09375,235.70226068584574
50,86.4375,235.70226068584574
50,86.78125,235.70226068584574
50,87.125,235.70226068584574
50,87.46875,235.70226068584574
50,87.8125,235.70226068584574
50,88.15625,235.70226068584574
50,88.5,235.70226068584574
50,88.84375,235.70226068584574
50,89.1875,235.70226068584574
50,89.53125,235.70226068584574
50,89.875,235.70226068584574
50,90.21875,235.70226068584574
50,90.5625,235.70226068584574
50,90.90625,235.70226068584574
50,91.25,235.70226068584574
50,91.59375,235.70226068584574
50,91.9375,235.70226068584574
50,92.28125,235.70226068584574
50,92.625,235.70226068584574
50,92.96875,235.70226068584574
50,93.3125,235.70226068584574
50,93.65625,235.70226068584574
50,94.0,235.70226068584574
50,94.34375,235.70226068584574
50,94.6875,235.70226068584574
50,95.03125,235.70226068584574
50,95.375,235.70226068584574
50,95.71875,235.70226068584574
50,96.0625,235.70226068584574
50,96.40625,235.70226068584574
50,96.75,235.70226068584574
50,97.09375,235.70226068584574
50,97.4375,235.70226068584574
50,97.78125,235.70226068584574
50,98.125,235.70226068584574
50,98.46875,235.70226068584574
50,98.8125,235.70226068584574
50,99.15625,235.70226068584574
50,99.5,235.70226068584574
50,99.84375,235.70226068584574
50,100.1875,235.70226068584574
50,100.53125,235.70226068584574
50,100.875,235.70226068584574
50,101.21875,235.70226068584574
50,101.5625,235.70226068584574
50,101.90625,235.70226068584574
50,102.25,235.70226068584574
50,102.59375,235.70226068584574
50,102.9375,235.70226068584574
50,103.28125,235.70226068584574
50,103.625,235.70226068584574
50,103.96875,235.70226068584574
50,104.3125,235.70226068584574
50,104.65625,235.70226068584574
50,105.0,235.70226068584574
100,-5.0,0.005957182402964017
100,-4.65625,0.008392816489565445
100,-4.3125,0.01181960395453462
100,-3.96875,0.016636328561469692
100,-3.625,0.023397824023211566
100,-3.28125,0.03287185395551915
100,-2.9375,0.04611281906720596
100,-2.59375,0.06455366980306189
100,-2.25,0.09011392578295863
100,-1.90625,0.12531481743334008
100,-1.5625,0.17338128896042884
100,-1.21875,0.23829577965121773
100,-0.875,0.3247555239405252
100,-0.53125,0.4379849438095644
100,-0.1875,0.5833817045884462
100,0.15625,0.766033365133439
100,0.5,0.9902097599261582
100,0.84375,1.2589699366752773
100,1.1875,1.5739888939763456
100,1.53125,1.9356238447944694
100,1.875,2.3431565651509603
100,2.21875,2.7951120277117303
100,2.5625,3.2895669225124298
100,2.90625,3.8243988449139072
100,3.25,4.39746196948727
100,3.59375,5.006696501119986
100,3.9375,5.6501876383184495
100,4.28125,6.3261901870232915
100,4.625,7.0331319137461215
100,4.96875,7.769604981728769
100,5.3125,8.534351585804426
100,5.65625,9.32624751415901
100,6.0,10.144285751346944
100,6.34375,10.987561212938301
100,6.6875,11.85525708596287
100,7.03125,12.746632898032546
100,7.375,13.661014251181665
100,7.71875,14.597784067734532
100,8.0625,15.556375162940714
100,8.40625,16.536263957045048
100,8.75,17.536965152638437
100,9.09375,18.55802722280351
100,9.4375,19.59902857689046
100,9.78125,20.65957429122708
100,10.125,21.739293310523433
100,10.46875,22.837836041768288
100,10.8125,23.95487227602526
100,11.15625,25.090089384910954
100,11.5,26.243190747945196
100,11.84375,27.41389437469263
100,12.1875,28.60193169193729
100,12.53125,29.807046471292153
100,12.875,31.028993876853075
100,13.21875,32.26753961593789
100,13.5625,33.522459178753294
100,13.90625,34.79353715512387
100,14.25,36.08056661829688
100,14.59375,37.38334856738175
100,14.9375,38.70169142125879
100,15.28125,40.035410557846944
100,15.625,41.38432789349866
100,15.96875,42.74827149802233
100,16.3125,44.12707524144636
100,16.65625,45.520578469155595
100,17.0,46.928625702467265
100,17.34375,48.35106636208377
100,17.6875,49.78775451217509
100,18.03125,51.2385486231134
100,18.375,52.70331135111408
100,18.71875,54.18190933323715
100,19.0625,55.6742129963757
100,19.40625,57.18009637900785
100,19.75,58.699436964619565
100,20.09375,60.2321155258197
100,20.4375,61.77801597826867
100,20.78125,63.337025243630215
100,21.125,64.90903312083344
100,21.46875,66.49393216500046
100,21.8125,68.09161757345657
100,22.15625,69.70198707829321
100,22.5,71.32494084500232
100,22.84375,72.96038137674404
100,23.1875,74.60821342384767
100,23.53125,76.26834389818083
100,23.875,77.9406817920519
100,24.21875,79.62513810134016
100,24.5625,81.32162575257128
100,24.90625,83.03005953368063
100,25.25,84.75035602822564
100,25.59375,86.48243355282827
100,25.9375,88.2262120976452
100,26.28125,89.98161326967835
100,26.625,91.74856023875331
100,26.96875,93.52697768600507
100,27.3125,95.31679175472257
100,27.65625,97.11793000341443
100,28.0,98.9303213609676
100,28.34375,100.75389608377986
100,28.6875,102.5885857147553
100,29.03125,104.43432304405957
100,29.375,106.2910420715382
100,29.71875,108.15867797070857
100,30.0625,110.03716705424081
100,30.40625,111.92644674084954
100,30.75,113.82645552352277
100,31.09375,115.73713293901865
100,31.4375,117.65841953856618
100,31.78125,119.59025685970853
100,32.125,121.53258739923253
100,32.46875,123.48535458713081
100,32.8125,125.44850276154602
100,33.15625,127.4219771446502
100,33.5,129.40572381941456
100,33.84375,131.39968970722762
100,34.1875,133.40382254632257
100,34.53125,135.41807087097587
100,34.875,137.4423839914423
100,35.21875,139.47671197459331
100,35.5625,141.52100562522685
100,35.90625,143.57521646801874
100,36.25,145.6392967300885
100,36.59375,147.71319932415153
100,36.9375,149.79687783223358
100,37.28125,151.8902864899229
100,37.625,153.99338017113772
100,37.96875,156.10611437338738
100,38.3125,158.22844520350674
100,38.65625,160.3603293638443
100,39.0,162.50172413888583
100,39.34375,164.6525873822963
100,39.6875,166.81287750436186
100,40.03125,168.98255345981855
100,40.375,171.16157473605006
100,40.71875,173.34990134164218
100,41.0625,175.5474937952789
100,41.40625,177.75431311496757
100,41.75,179.9703208075812
100,42.09375,182.1954788587048
100,42.4375,184.42974972277526
100,42.78125,186.6730963135044
100,43.125,188.92548199457335
100,43.46875,191.18687057058958
100,43.8125,193.4572262782973
100,44.15625,195.73651377803066
100,44.5,198.02469814540322
100,44.84375,200.32174486322342
100,45.1875,202.62761981362974
100,45.53125,204.94228927043687
100,45.875,207.2657198916863
100,46.21875,209.59787871239354
100,46.5625,211.93873313748696
100,46.90625,214.2882509349295
100,47.25,216.6464002290189
100,47.59375,219.0131494938608
100,47.9375,221.3884675470066
100,48.28125,223.77232354325395
100,48.625,226.16468696860213
100,48.96875,228.5655276343585
100,49.3125,230.9748156713911
100,49.65625,233.39252152452232
100,50.0,235.81861594705956
100,50.34375,238.25306999545893
100,50.6875,240.6958550241169
100,51.03125,243.14694268028688
100,51.375,245.60630489911642
100,51.71875,248.07391389880175
100,52.0625,250.54974217585558
100,52.40625,253.03376250048518
100,52.75,255.5259479120774
100,53.09375,258.0262717147873
100,53.4375,260.5347074732276
100,53.78125,263.0512290082559
100,54.125,265.57581039285617
100,54.46875,268.10842594811356
100,54.8125,270.6490502392776
100,55.15625,273.19765807191317
100,55.5,275.75422448813566
100,55.84375,278.31872476292824
100,56.1875,280.8911344005389
100,56.53125,283.4714291309557
100,56.875,286.0595849064568
100,57.21875,288.65557789823424
100,57.5625,291.25938449308944
100,57.90625,293.87098129019756
100,58.25,296.49034509794
100,58.59375,299.11745293080253
100,58.9375,301.75228200633757
100,59.28125,304.39480974218867
100,59.625,307.0450137531761
100,59.96875,309.70287184844085
100,60.3125,312.36836202864725
100,60.65625,315.0414624832412
100,61.0,317.72215158776265
100,61.34375,320.4104079012122
100,61.6875,323.1062101634691
100,62.03125,325.80953729276007
100,62.375,328.52036838317747
100,62.71875,331.23868270224574
100,63.0625,333.9644596885341
100,63.40625,336.6976789493159
100,63.75,339.4383202582725
100,64.09375,342.18636355323974
100,64.4375,344.9417889339983
100,64.78125,347.70457666010446
100,65.125,350.47470714876204
100,65.46875,353.2521609727333
100,65.8125,356.0369188582888
100,66.15625,358.8289616831948
100,66.5,361.6282704747375
100,66.84375,364.4348264077829
100,67.1875,367.2486108028722
100,67.53125,370.06960512435126
100,67.875,372.8977909785332
100,68.21875,375.7331501118946
100,68.5625,378.57566440930236
100,68.90625,381.42531589227326
100,69.25,384.2820867172629
100,69.59375,387.14595917398526
100,69.9375,390.01691568376054
100,70.28125,392.8949387978926
100,70.625,395.7800111960741
100,70.96875,398.67211568481764
100,71.3125,401.5712351959155
100,71.65625,404.4773527849244
100,72.0,407.39045162967557
100,72.34375,410.3105150288105
100,72.6875,413.2375264003412
100,73.03125,416.1714692802333
100,73.375,419.11232732101377
100,73.71875,422.06008429040116
100,74.0625,425.01472406995777
100,74.40625,427.97623065376433
100,74.75,430.9445881471162
100,75.09375,433.9197807652396
100,75.4375,436.9017928320298
100,75.78125,439.890608778808
100,76.125,442.8862131430984
100,76.46875,445.88859056742444
100,76.8125,448.897725798123
100,77.15625,451.9136036841767
100,77.5,454.9362091760637
100,77.84375,457.9655273246234
100,78.1875,461.0015432799378
100,78.53125,464.0442422902279
100,78.875,467.093609700761
100,79.21875,470.14963095277096
100,79.5625,473.21229158238475
100,79.90625,476.28157721955455
100,80.25,479.3574735869887
100,80.59375,482.43996649907524
100,80.9375,485.529041860789
100,81.28125,488.62468566656685
100,81.625,491.726883999135
100,81.96875,494.8356230282592
100,82.3125,497.95088900938356
100,82.65625,501.0726682821029
100,83.0,504.2009472683965
100,83.34375,507.33571247052043
100,83.6875,510.47695046841
100,84.03125,513.624647916389
100,84.375,516.778791538893
100,84.71875,519.9393681248002
100,85.0625,523.1063645197904
100,85.40625,526.2797676159197
100,85.75,529.4595643372629
100,86.09375,532.6457416200071
100,86.4375,535.838286384714
100,86.78125,539.0371854975327
100,87.125,542.2424257158291
100,87.46875,545.4539936118315
100,87.8125,548.6718754652719
100,88.15625,551.8960571123005
100,88.5,555.1265237327327
100,88.84375,558.363259550334
100,89.1875,561.606247410469
100,89.53125,564.8554681848238
100,89.875,568.1108999322923
100,90.21875,571.3725167160642
100,90.5625,574.6402869360171
100,90.90625,577.9141709778509
100,91.25,581.1941178992228
100,91.59375,584.4800607589314
100,91.9375,587.7719100346709
100,92.28125,591.0695443495736
100,92.625,594.3727974121522
100,92.96875,597.6814396333941
100,93.3125,600.9951522714158
100,93.65625,604.3134911056749
100,94.0,607.6358354789974
100,94.34375,610.9613169689881
100,94.6875,614.2887198534025
100,95.03125,617.6163428238593
100,95.375,620.9418080588259
100,95.71875,624.2617999688167
100,96.0625,627.5717122999316
100,96.40625,630.8651803528057
100,96.75,634.1334780213892
100,97.09375,637.3647730715019
100,97.4375,640.5432682013956
100,97.78125,643.6483230528809
100,98.125,646.6537652212896
100,98.46875,649.5277520919053
100,98.8125,652.2336909685558
100,99.15625,654.7327379264494
100,99.5,656.9880919465292
100,99.84375,658.9705747186506
100,100.1875,660.6640582135121
100,100.53125,662.0688037432225
100,100.875,663.2013211878955
100,101.21875,664.0908163840667
100,101.5625,664.7737051857553
100,101.90625,665.2881192025905
100,102.25,665.6697655568653
100,102.59375,665.9495749885239
100,102.9375,666.1528825575267
100,103.28125,666.2996158392177
100,103.625,666.4049959598647
100,103.96875,666.480405613138
100,104.3125,666.5342284366797
100,104.65625,666.5725721950053
100,105.0,666.5998520434784
