N,mu,reference,selvaggi,poisson,selvaggi_error,poisson_error
10,0.1,0.7332368885266983,0.7199424182498395,0.7332438270457655,0.013294470276858816,6.938519067190008e-06
10,0.1345,0.7531127249258418,0.7407224156047587,0.7531198088313035,0.012390309321083093,7.083905461668927e-06
10,0.169,0.7734052533653984,0.7619132189711671,0.7734124778746452,0.011492034394231299,7.224509246728239e-06
10,0.20350000000000001,0.7941182629962942,0.7834579054019353,0.7941256221085357,0.010660357594358905,7.359112241478449e-06
10,0.23800000000000002,0.8152554147660432,0.805339480854646,0.8152629007188322,0.009915933911397223,7.485952788988115e-06
10,0.2725,0.8368202385090822,0.8275593474927457,0.8368278413970408,0.009260891016336426,7.602887958646498e-06
10,0.30700000000000005,0.8588161302962705,0.8501270101829632,0.8588238379058302,0.008689120113307247,7.707609559703954e-06
10,0.3415,0.8812463500491137,0.8730549897327305,0.8812541479176791,0.008191360316383123,7.797868565417865e-06
10,0.376,0.9041140194230519,0.896356320068239,0.9041218910966269,0.007757699354812964,7.87167357496621e-06
10,0.4105,0.9274221199629746,0.9200433717814603,0.9274300474055657,0.007378748181514294,7.927442591038059e-06
10,0.44500000000000006,0.951173491532918,0.9441273627582192,0.9511814556326681,0.00704612877469879,7.96409975012402e-06
10,0.47950000000000004,0.9753708310207245,0.9686182198470902,0.9753788121387174,0.006752611173634349,7.981117992827969e-06
10,0.514,1.0000166913172652,0.9935246121917488,1.0000246698319994,0.0064920791255164145,7.978514734219289e-06
10,0.5485,1.0251134805686828,1.018854060489357,1.0251214373793824,0.006259420079325784,7.956810699649708e-06
10,0.5830000000000001,1.0506634616990076,1.044613071935704,1.0506713786621198,0.006050389763303521,7.916963112197806e-06
10,0.6175,1.0766687521994212,1.0708072755415152,1.0766766124830807,0.0058614766579059285,7.86028365951097e-06
10,0.652,1.1031313241794305,1.097441546098479,1.1031391125298278,0.005689778080951502,7.788350397275323e-06
10,0.6865,1.1300530046742365,1.1245201123588189,1.1300607075948763,0.005532892315417648,7.70292063978495e-06
10,0.721,1.1574354762016752,1.1520466487554868,1.157443082051799,0.0053888274461884045,7.605850123715285e-06
10,0.7555000000000001,1.1852802775612759,1.180024351799354,1.1852877765830458,0.005255925761921798,7.499021769996617e-06
10,0.79,1.213588804867183,1.208456003033664,1.2135961891531237,0.005132801833519052,7.384285940714719e-06
10,0.8245,1.242362312806,1.2373440206079054,1.2423695762188156,0.005018292198094576,7.263412815650128e-06
10,0.8590000000000001,1.2716019161099716,1.2666905014363032,1.2716090541665406,0.004911414673668402,7.138056568933848e-06
10,0.8935000000000001,1.3013085912353741,1.2964972556870362,1.3013156009658582,0.004811335548337903,7.0097304840643915e-06
10,0.928,1.3314831782354748,1.3267658350911766,1.3314900580272044,0.0047173431442981695,6.879791729641482e-06
10,0.9625,1.3621263828170511,1.3574975563080884,1.3621331322513057,0.00462882650896268,6.749434254604836e-06
10,0.997,1.3932387785691076,1.3886935203563566,1.3932453982574216,0.00454525821275098,6.619688313946881e-06
10,1.0315,1.424820809352172,1.4203546289233417,1.4248273007774033,0.00446618042883018,6.491425231347492e-06
10,1.066,1.4568727918363737,1.4524815982027304,1.456879157202254,0.0043911936336433754,6.365365880167673e-06
10,1.1005000000000003,1.489394918176397,1.4850749707753526,1.4894011602682982,0.004319947401044466,6.242091901142999e-06
10,1.1350000000000002,1.5223872588113456,1.5181351259402467,1.5223933808698813,0.004252132871098935,6.122058535673602e-06
10,1.1695000000000002,1.5558497653775758,1.5516622888163014,1.5558557709858376,0.004187476561274384,6.005608261805406e-06
10,1.2040000000000002,1.5897822737226375,1.5856565384659893,1.589788166707276,0.004125735256648166,5.892984638489196e-06
10,1.2385000000000002,1.6241845070085925,1.6201178152383262,1.6241902913544433,0.004066691770266306,5.784345850745609e-06
10,1.2730000000000001,1.6590560788931659,1.6550459274853115,1.6590617586707181,0.004010151407854323,5.679777552280996e-06
10,1.3075,1.694396496777422,1.6904405577724364,1.694402076082228,0.003955939004985698,5.579304805936047e-06
10,1.342,1.7302051651089425,1.7263012686774042,1.7302106480119144,0.003903896431538323,5.482902971865045e-06
10,1.3765000000000003,1.7664813887297872,1.7626275082504628,1.76648677923727,0.0038538804793244452,5.3905074828275445e-06
10,1.4110000000000003,1.8032243762588904,1.7994186151935017,1.8032296782813004,0.0038057610653887686,5.302022410003104e-06
10,1.4455000000000002,1.8404332434989144,1.8366738238023177,1.8404384608268651,0.0037594196965966553,5.217327950779449e-06
10,1.4800000000000002,1.8781070168579932,1.8743922687064565,1.8781121531448424,0.0037147481515367176,5.1362868491722224e-06
10,1.5145000000000002,1.9162446367772508,1.9125729894332244,1.9162496955270432,0.003671647344026363,5.058749792397066e-06
10,1.5490000000000002,1.9548449611553875,1.9512149348163144,1.9548499457153174,0.003630026339073167,4.984559929921417e-06
10,1.5835000000000001,1.9939067687621395,1.990316967264708,1.9939116823187484,0.0035898014974313774,4.913556608920899e-06
10,1.6180000000000003,2.0334287626328473,2.0298778669037403,2.0334336082111935,0.003550895729107051,4.845578346124313e-06
10,1.6525000000000003,2.0734095734368765,2.069896335597324,2.0734143539020753,0.0035132378395523745,4.780465198805928e-06
10,1.6870000000000003,2.1138477628130983,2.110371000858022,2.1138524808737165,0.0034767619550764017,4.7180606181917994e-06
10,1.7215000000000003,2.1547418266661316,2.1513004196499272,2.1547464848789493,0.003441407016204323,4.658212817698626e-06
10,1.7560000000000002,2.1960901984175183,2.1926830820879557,2.1960947991933546,0.0034071163295625873,4.60077583630536e-06
10,1.7905000000000002,2.2378912522064884,2.2345174150361347,2.2378957978166336,0.0033738371703537773,4.545610145179069e-06
10,1.8250000000000002,2.2801433060354097,2.2768017856067035,2.2801477986185903,0.0033415204287061684,4.492583180581988e-06
10,1.8595000000000002,2.322844624855527,2.319534504561283,2.322849066425015,0.0033101202942438235,4.441569488200514e-06
10,1.8940000000000001,2.3659934235889604,2.362713829614975,2.3659978160398163,0.003279593973985584,4.392450855927876e-06
10,1.9285000000000003,2.4095878700834543,2.4063379686439665,2.4095922151996794,0.003249901439487779,4.345116225046297e-06
10,1.9630000000000003,2.453626087996694,2.4504050827970554,2.4536303874581793,0.003221005199638416,4.299461485501865e-06
10,1.9975000000000003,2.498106159607474,2.49491328951141,2.4981104149968103,0.003192870096063949,4.255389336460524e-06
10,2.032,2.5430261285513525,2.5398606654328386,2.5430303413602844,0.003165463118513845,4.212808931924883e-06
10,2.0665,2.5883840024788016,2.585245249240871,2.588388174114362,0.0031387532379305583,4.171635560545894e-06
10,2.1010000000000004,2.6341777556341945,2.6310650443789756,2.634181887424572,0.0031127112552189473,4.131790377392974e-06
10,2.1355000000000004,2.680405331354323,2.677318021690338,2.6804094245543024,0.0030873096639849607,4.093199979404716e-06
10,2.1700000000000004,2.727064644485429,2.7240021219596944,2.727068700281521,0.003062522525734579,4.055796091861907e-06
10,2.2045000000000003,2.77415358371804,2.771115258361828,2.7741576032332484,0.0030383253562122903,4.019515208231184e-06
10,2.2390000000000003,2.821670013839132,2.8186553188174366,2.821673998137438,0.0030146950216956014,3.984298305947931e-06
10,2.2735000000000003,2.8696117779014623,2.8666201682572083,2.869615727991918,0.002991609644253934,3.950090455617783e-06
10,2.3080000000000003,2.9179766993100733,2.915007650795043,2.9179806161506034,0.002969048515030437,3.916840530138188e-06
10,2.3425000000000002,2.966762583826251,2.9638155918114655,2.966766468327227,0.0029469920147855433,3.8845009759924665e-06
10,2.3770000000000002,3.0159672214893702,3.0130417999484047,3.015971074516863,0.0029254215409655338,3.8530274926174e-06
10,2.4115,3.065588388457258,3.0626840690165826,3.0655922108360008,0.0029043194406752626,3.822378742857069e-06
10,2.446,3.1156238487658947,3.1127401798168917,3.115627641282121,0.0028836689490030487,3.7925162263974244e-06
10,2.4805,3.1660713560093736,3.1632079018771826,3.1660751194133128,0.0028634541321910234,3.7634039391498675e-06
10,2.515,3.2169286549412064,3.2140849951060075,3.216932389949467,0.002843659835198853,3.735008260452588e-06
10,2.5495,3.2681934829981785,3.265369211364896,3.268197190295923,0.0028242716332824713,3.7072977443486366e-06
10,2.584,3.319863571748042,3.3170582959608383,3.319867251990969,0.002805275787203687,3.680242926851207e-06
10,2.6185000000000005,3.371936648262458,3.369149989060679,3.3719403020785843,0.00278665920177934,3.653816126103493e-06
10,2.6530000000000005,3.424410436416622,3.421642027029184,3.4244140644081265,0.0027684093874378313,3.6279915045511757e-06
10,2.6875000000000004,3.477282658117171,3.4745321436925787,3.4772862608617987,0.0027505144245925095,3.602744627517751e-06
10,2.7220000000000004,3.530551034459893,3.527818071529383,3.5305546125125353,0.0027329629305099523,3.57805264217248e-06
10,2.7565000000000004,3.584213286818929,3.5814975427903932,3.5842168407128745,0.002715744028535916,3.5538939453516605e-06
10,2.7910000000000004,3.6382671378691196,3.635568290549673,3.638270668117311,0.0026988473194466955,3.530248191552232e-06
10,2.8255000000000003,3.6927103125432006,3.690028049688429,3.692713819639361,0.0026822628547717997,3.5070961605931927e-06
10,2.8600000000000003,3.7475405389255547,3.7448745578136466,3.7475440233452746,0.002665981111908078,3.484419719868015e-06
10,2.8945000000000003,3.8027555490842535,3.8001055561133485,3.802759011285987,0.0026499929709049574,3.462201733306358e-06
10,2.9290000000000003,3.8583530798431287,3.8557187901503376,3.8583565202690973,0.002634289692791114,3.440425968559424e-06
10,2.9635000000000002,3.9143308734955684,3.9117120105962764,3.9143342925725397,0.0026188628992920293,3.41907697132271e-06
10,2.998,3.970686678461784,3.9680829739079084,3.9706900766019615,0.0026037045538753745,3.3981401776905784e-06
10,3.0325,4.027418249891233,4.024829442947239,4.027421627492939,0.00258880694399366,3.377601705878419e-06
10,3.067,4.084523350211872,4.0819491875474325,4.084526707660282,0.002574162664439328,3.357448409957442e-06
10,3.1015,4.141999749627916,4.139439985026162,4.142003087295583,0.002559764601754111,3.337667666691857e-06
10,3.1360000000000006,4.199845226567698,4.1972996206481294,4.199848544815242,0.0025456059195683167,3.318247544292774e-06
10,3.1705000000000005,4.258057568083249,4.255525888038384,4.2580608672599904,0.0025316800448651477,3.2991767415779805e-06
10,3.2050000000000005,4.316634570203146,4.314116589548108,4.316637850647474,0.0025179806550372774,3.280444328623844e-06
10,3.2395000000000005,4.375574038240142,4.373069536574401,4.375577300280117,0.00250450166574101,3.2620399750271645e-06
10,3.2740000000000005,4.434873787055063,4.432382549835617,4.434877031008804,0.0024912372194467736,3.243953740295069e-06
10,3.3085000000000004,4.494531641278406,4.492053459603741,4.494534867454582,0.0024781816746646257,3.226176175985529e-06
10,3.3430000000000004,4.554545435491022,4.552080105895233,4.554548644189305,0.0024653295957888233,3.2086982830747957e-06
10,3.3775000000000004,4.614913014365238,4.612460338621719,4.61491620587649,0.0024526757435197055,3.191511251721124e-06
10,3.4120000000000004,4.675632232767702,4.673192017701875,4.675635407374673,0.002440215065827367,3.1746069710791858e-06
10,3.4465000000000003,4.7367009558252,4.73427301313579,4.736704113802494,0.0024279426894100453,3.1579772938883366e-06
10,3.4810000000000003,4.798117058954658,4.795701205043013,4.798120200569367,0.002415853911644561,3.1416147097118596e-06
10,3.5155000000000003,4.859878427858446,4.857474483665493,4.859881553370255,0.002403944192952423,3.1255118093653778e-06
10,3.5500000000000003,4.921982958486117,4.919590749336513,4.921986068147719,0.002392209149603808,3.1096616019965495e-06
10,3.5845000000000002,4.984428556963588,4.982047912416704,4.984431651020873,0.0023806445468848025,3.09405728415868e-06
10,3.619,5.047213139490783,5.044843893198143,5.04721621818315,0.0023692462926394597,3.0786923677084133e-06
10,3.6535,5.110334632208676,5.107976621777518,5.1103376957692825,0.0023580104311573535,3.063560606975102e-06
10,3.688,5.173790971036612,5.171444037899256,5.173794019692595,0.002346933137356011,3.048655982773596e-06
10,3.7225000000000006,5.237580101480775,5.235244090769486,5.23758313545342,0.0023360107112893047,3.0339726446726445e-06
10,3.7570000000000006,5.301699978414558,5.299374738841627,5.301702997919617,0.0023252395729311814,3.0195050584325145e-06
10,3.7915000000000005,5.366148565831594,5.363833949574398,5.366151571079448,0.0023146162571956452,3.0052478541264804e-06
10,3.8260000000000005,5.430923836572152,5.4286196991629,5.4309268277679354,0.0023041374092516165,2.9911957835082603e-06
10,3.8605000000000005,5.496023772023509,5.493729972243473,5.496026749367406,0.0022937997800358545,2.977343896759521e-06
10,3.8950000000000005,5.561446361794909,5.559162761572907,5.561449325482213,0.0022836002220021356,2.9636873044580625e-06
10,3.9295000000000004,5.6271896033676505,5.624916067682582,5.627192553589022,0.002273535685068495,2.950221371200712e-06
10,3.9640000000000004,5.693251501720804,5.690987898508029,5.693254438662423,0.0022636032127749672,2.9369416196800557e-06
10,3.9985000000000004,5.759630068932989,5.757376268994383,5.759632992776602,0.0022537999386056384,2.9238436134448875e-06
10,4.033,5.826323323760659,5.824079200678146,5.826326234683854,0.002244123082512317,2.9109231949320247e-06
10,4.0675,5.893329291193192,5.891094721245624,5.893332189369476,0.002234569947567877,2.898176283849807e-06
10,4.102,5.960646001985167,5.958420864068363,5.960648887584102,0.002225137916804343,2.8855989349096944e-06
10,4.1365,6.028271492166035,6.026055667715849,6.028274365353369,0.002215824450185977,2.873187333385374e-06
10,4.171,6.0962038025274765,6.093997175445753,6.09620666346529,0.002206627081723589,2.860937813764508e-06
10,4.2055,6.164440978088569,6.162243434671853,6.164443826935349,0.0021975434167158525,2.848846779812675e-06
10,4.24,6.232981067538953,6.2307924964098405,6.232983904449734,0.0021885711291123044,2.836910780956714e-06
10,4.2745,6.301822122660097,6.299642414701069,6.3018249477865576,0.002179707959028221,2.8251264607703774e-06
10,4.309,6.3709621977246815,6.3687912460143785,6.370965011215233,0.002170951710303015,2.813490551645259e-06
10,4.3435,6.440399348874196,6.438237048625963,6.440402150874139,0.0021623002482336062,2.8019999422923547e-06
10,4.378,6.510131633474678,6.507977881977311,6.510134424126249,0.0021537514973672955,2.7906515702724732e-06
10,4.4125,6.580157109450573,6.5780118060111645,6.580159888892962,0.0021453034394083303,2.779442389133635e-06
10,4.447,6.650473834596612,6.6483368804854095,6.650476602966209,0.002136954111202627,2.768369596672926e-06
10,4.4815,6.721079865867598,6.718951164264786,6.721082623298027,0.0021287016028113115,2.7574304297672825e-06
10,4.516,6.791973258645933,6.789852714590249,6.791976005268027,0.0021205440556837374,2.746622094207396e-06
10,4.5505,6.863152065986678,6.86103958632581,6.863154801928679,0.0021124796608678054,2.735942000953173e-06
10,4.585,6.934614337839948,6.932509831182607,6.934617063227505,0.0021045066573410764,2.725387557411807e-06
10,4.6195,7.006358120250367,7.004261496919987,7.006360835206681,0.0020966233303800763,2.7149563139872157e-06
10,4.654,7.078381454533255,7.076292626523252,7.078384159179067,0.0020888280100024303,2.7046458122015338e-06
10,4.6885,7.1506823764273015,7.148601257357817,7.1506850708810905,0.002081119069484494,2.6944537889761477e-06
10,4.723,7.223258915223265,7.221185420299349,7.223261599601127,0.0020734949239153977,2.684377862216536e-06
10,4.7575,7.296109092868426,7.294043138839581,7.296111767284196,0.0020659540288452405,2.6744157697322635e-06
10,4.792,7.369230923046254,7.367172428167309,7.369233587611756,0.0020584948789448276,2.664565502463745e-06
10,4.8265,7.442622410230962,7.44057129422421,7.442625065055801,0.0020511160067524514,2.6548248390767526e-06
10,4.861,7.516281548716382,7.514237732734929,7.5162841939081755,0.0020438159814526458,2.64519179360434e-06
10,4.8955,7.59020632161872,7.588169728211012,7.590208957282994,0.0020365934077082315,2.6356642734981506e-06
10,4.93,7.664394699852624,7.66236525292809,7.6643973260931615,0.002029446924533218,2.6262405379284814e-06
10,4.9645,7.738844641080046,7.73682226587583,7.738847257998442,0.002022375204216331,2.6169183957591713e-06
10,4.999,7.813554088631298,7.811538711680016,7.81355669632747,0.0020153769512818442,2.6076961718857206e-06
10,5.0335,7.888520970397704,7.88651251949622,7.888523568969869,0.00200845090148416,2.598572164558277e-06
10,5.068,7.9637431976952335,7.961741601874383,7.963745787239723,0.002001595820850355,2.5895444890622343e-06
10,5.1025,8.039218664098472,8.03722385359372,8.039221244709955,0.0019948105047529197,2.5806114827275906e-06
10,5.1370000000000005,8.11494524424424,8.112957150467224,8.114947816015603,0.001988093777015365,2.5717713629802574e-06
10,5.1715,8.190920792604205,8.188939348115143,8.1909233556269,0.001981444489061346,2.563022695412087e-06
10,5.206,8.267143142225773,8.265168280706698,8.267145696589507,0.0019748615190753327,2.5543637338643066e-06
10,5.2405,8.343610103440518,8.341641759669308,8.343612649233629,0.001968343771210357,2.5457931105421494e-06
10,5.275,8.420319462539464,8.418357572364632,8.420321999848552,0.0019618901748312823,2.5373090881686267e-06
10,5.3095,8.497268980414384,8.495313480730632,8.4972715093248,0.0019554996837527483,2.5289104161885234e-06
10,5.344,8.57445639116447,8.572507219888935,8.57445891175997,0.0019491712755339563,2.5205955012097547e-06
10,5.3785,8.65187940066749,8.649936496716686,8.651881913030437,0.0019429039508036539,2.512362947015845e-06
10,5.413,8.72953568511472,8.727598988382145,8.729538189326195,0.0019366967325762374,2.5042114746298694e-06
10,5.4475,8.807422889508828,8.805492340843214,8.80742538564856,0.0019305486656140403,2.4961397322442735e-06
10,5.482,8.885538626123939,8.883614167308128,8.885541114270232,0.0019244588158109366,2.4881462934445153e-06
10,5.5165,8.963880472927068,8.961962046657458,8.963882953157041,0.0019184262696096965,2.480229973400583e-06
10,5.551,9.042445971960118,9.040533521826731,9.042448444349565,0.0019124501333873667,2.472389446950274e-06
10,5.5855,9.121232627681692,9.11932609814875,9.121235092305277,0.001906529532941903,2.4646235843306386e-06
10,5.62,9.200237905267864,9.198337241654944,9.20024036219901,0.0019006636129201837,2.456931145644603e-06
10,5.6545000000000005,9.279459228871175,9.277564377334862,9.279461678181946,0.0018948515363135243,2.4493107702028283e-06
10,5.689,9.358893979837095,9.35700488735314,9.358896421598718,0.0018890924839549683,2.4417616231176e-06
10,5.7235000000000005,9.43853949487714,9.436656109223115,9.438541929159456,0.00188338565402546,2.434282315277869e-06
10,5.758,9.51839306419796,9.516515333936377,9.518395491069759,0.0018777302615831104,2.426871798633101e-06
10,5.7925,9.598451929585687,9.596579804047558,9.598454349114665,0.0018721255381297652,2.419528977171126e-06
10,5.827,9.678713282444786,9.676846711713647,9.678715694697555,0.001866570731138495,2.412252769090628e-06
10,5.8615,9.759174261790875,9.75731319668722,9.759176666832857,0.0018610651036556902,2.4050419824561686e-06
10,5.896,9.839831952196747,9.837976344262875,9.839834350092476,0.001855607933871184,2.3978957290893277e-06
10,5.9305,9.920683381691175,9.918833183176442,9.920685772503937,0.0018501985147327815,2.390812761987604e-06
10,5.965,10.001725519609822,9.999880683456263,10.001727903402045,0.0018448361535590152,2.3837922231706443e-06
10,5.9995,10.082955274397886,10.081115754226236,10.082957651230611,0.001839520171650122,2.376832725303757e-06
10,6.034,10.164369491363987,10.16253524146004,10.16437186129751,0.0018342499039469828,2.369933524093426e-06
10,6.0685,10.245964950385009,10.244135925686336,10.245967313478264,0.0018290246986722991,2.363093255297599e-06
10,6.103,10.327738363561542,10.325914519644558,10.327740719872462,0.0018238439169842025,2.3563109206037325e-06
10,6.1375,10.409686372823796,10.407867665891128,10.409688722409083,0.001818706932667169,2.3495852872201795e-06
10,6.172000000000001,10.491805547487786,10.489991934355992,10.491807890402926,0.0018136131317945114,2.342915140118862e-06
10,6.2065,10.574092381761869,10.572283819849451,10.574094718061035,0.0018085619124175167,2.3362991665720756e-06
10,6.2410000000000005,10.656543292203658,10.65473973951937,10.656545621939697,0.0018035526842883343,2.3297360396412614e-06
10,6.2755,10.739154615127507,10.737356030258955,10.739156938351712,0.0017985848685526662,2.323224205014185e-06
10,6.3100000000000005,10.821922603962925,10.820128946065463,10.82192492072508,0.0017936578974619977,2.3167621545638895e-06
10,6.3445,10.904843426564387,10.903054655350262,10.904845736912305,0.0017887712141249068,2.31034791831064e-06
10,6.3790000000000004,10.987913162473085,10.986129238200869,10.987915466452725,0.0017839242722157422,2.3039796399615398e-06
10,6.4135,11.071127800131475,11.06934868359574,11.071130097786307,0.0017791165357348149,2.297654832617013e-06
10,6.448,11.154483234051458,11.152708886572707,11.154485525422686,0.0017743474787508262,2.2913712278693765e-06
10,6.4825,11.237975261937379,11.236205645352216,11.23797754706297,0.0017696165851628365,2.285125590972825e-06
10,6.517,11.32159958176512,11.31983465841666,11.321601860679534,0.0017649233484604565,2.2789144136226014e-06
10,6.5515,11.405351788818797,11.403591521547291,11.405354061552465,0.0017602672715053558,2.27273366881775e-06
10,6.586,11.489227372686834,11.487471724820532,11.489229639265652,0.0017556478663021124,2.266578817966547e-06
10,6.6205,11.573221714219342,11.571470649565564,11.573223974663025,0.001751064653777945,2.260443682899904e-06
10,6.655,11.6573300824491,11.65558356528551,11.657332336771061,0.0017465171635890897,2.2543219611037557e-06
10,6.6895,11.741547631478554,11.73980562654466,11.741549879683857,0.0017420049338934263,2.2482053037009564e-06
10,6.724,11.825869397335703,11.82413186982452,11.825871639419926,0.001737527511183501,2.242084223169627e-06
10,6.758500000000001,11.910290294801907,11.908557210351827,11.910292530748949,0.0017330844500804687,2.2359470417399052e-06
10,6.793,11.994805114215016,11.99307643890188,11.994807343994804,0.0017286753131351418,2.2297797883652493e-06
10,6.827500000000001,12.079408518251643,12.077684218580984,12.079410741817757,0.001724299670659235,2.2235661134573093e-06
10,6.862,12.164095038692572,12.162375081592016,12.164097255977877,0.0017199571005566128,2.217285304695338e-06
10,6.8965000000000005,12.248859073175883,12.247143425987742,12.248861284089404,0.0017156471881403235,2.2109135215941933e-06
10,6.931,12.33369488194258,12.331983512416612,12.333697086363603,0.0017113695259691752,2.2044210226113137e-06
10,6.9655000000000005,12.41859658458008,12.416889460866395,12.418598782352955,0.001707123713684311,2.197772875689452e-06
10,7.0,12.503558156769202,12.50185524741135,12.503560347695467,0.0017029093578528887,2.1909262652997086e-06
30,0.1,0.7332368885266983,0.7314177591480773,0.7332368885267023,0.0018191293786210538,3.9968028886505635e-15
30,0.1345,0.7531127249258418,0.751570019307273,0.7531127249258456,0.0015427056185688404,3.774758283725532e-15
30,0.169,0.7734052533653984,0.7720508762204636,0.7734052533654031,0.001354377144934804,4.6629367034256575e-15
30,0.20350000000000001,0.7941182629962942,0.792897861776059,0.7941182629962984,0.0012204012202351455,4.218847493575595e-15
30,0.23800000000000002,0.8152554147660432,0.8141351479164951,0.8152554147660476,0.001120266849548135,4.3298697960381105e-15
30,0.2725,0.8368202385090822,0.8357781840968851,0.8368202385090866,0.0010420544121970687,4.440892098500626e-15
30,0.30700000000000005,0.8588161302962705,0.8578373828110393,0.8588161302962749,0.0009787474852311906,4.440892098500626e-15
30,0.3415,0.8812463500491137,0.8803202881774147,0.8812463500491186,0.0009260618716989688,4.884981308350689e-15
30,0.376,0.9041140194230519,0.9032327591652527,0.9041140194230561,0.0008812602577992212,4.218847493575595e-15
30,0.4105,0.9274221199629746,0.9265796080867964,0.9274221199629805,0.0008425118761782313,5.88418203051333e-15
30,0.44500000000000006,0.951173491532918,0.9503649513012811,0.9511734915329227,0.0008085402316369006,4.773959005888173e-15
30,0.47950000000000004,0.9753708310207245,0.974592408222871,0.9753708310207279,0.0007784227978535618,3.3306690738754696e-15
30,0.514,1.0000166913172652,0.99926521881673,1.0000166913172714,0.0007514725005351997,6.217248937900877e-15
30,0.5485,1.0251134805686828,1.0243863159289566,1.025113480568688,0.0007271646397262188,5.10702591327572e-15
30,0.5830000000000001,1.0506634616990076,1.0499583716733851,1.0506634616990114,0.0007050900256224679,3.774758283725532e-15
30,0.6175,1.0766687521994212,1.0759838283598162,1.0766687521994232,0.0006849238396049451,1.9984014443252818e-15
30,0.652,1.1031313241794305,1.1024649198892467,1.1031313241794343,0.0006664042901838307,3.774758283725532e-15
30,0.6865,1.1300530046742365,1.1294036870903335,1.1300530046742407,0.0006493175839030751,4.218847493575595e-15
30,0.721,1.1574354762016752,1.156801989107347,1.157435476201681,0.000633487094328089,5.773159728050814e-15
30,0.7555000000000001,1.1852802775612759,1.1846615121633794,1.185280277561281,0.0006187653978964036,5.10702591327572e-15
30,0.79,1.213588804867183,1.2129837765531986,1.2135888048671872,0.000605028313984457,4.218847493575595e-15
30,0.8245,1.242362312806,1.2417701424308154,1.2423623128060037,0.0005921703751845531,3.774758283725532e-15
30,0.8590000000000001,1.2716019161099716,1.2710218147731611,1.2716019161099812,0.0005801013368105234,9.547918011776346e-15
30,0.8935000000000001,1.3013085912353741,1.3007398477816223,1.3013085912353761,0.0005687434537517966,1.9984014443252818e-15
30,0.928,1.3314831782354748,1.3309251489033729,1.3314831782354786,0.000558029332101917,3.774758283725532e-15
30,0.9625,1.3621263828170511,1.3615784826000874,1.3621263828170551,0.0005479002169637148,3.9968028886505635e-15
30,0.997,1.3932387785691076,1.3927004739539601,1.3932387785691083,0.000538304615147478,6.661338147750939e-16
30,1.0315,1.424820809352172,1.424291612174396,1.4248208093521684,0.0005291971777758864,3.552713678800501e-15
30,1.066,1.4568727918363737,1.4563522540497773,1.4568727918363786,0.0005205377865964422,4.884981308350689e-15
30,1.1005000000000003,1.489394918176397,1.4888826273749736,1.4893949181763957,0.000512290801423454,1.3322676295501878e-15
30,1.1350000000000002,1.5223872588113456,1.5218828343752604,1.5223872588113547,0.0005044244360852268,9.103828801926284e-15
30,1.1695000000000002,1.5558497653775758,1.5553528551399038,1.5558497653775754,0.0004969102376719547,4.440892098500626e-16
30,1.2040000000000002,1.5897822737226375,1.5892925510731999,1.5897822737226361,0.000489722649437585,1.3322676295501878e-15
30,1.2385000000000002,1.6241845070085925,1.6237016683667085,1.6241845070085914,0.00048283864188403136,1.1102230246251565e-15
30,1.2730000000000001,1.6590560788931659,1.6585798414933728,1.6590560788931663,0.000476237399793078,4.440892098500626e-16
30,1.3075,1.694396496777422,1.6939265967219959,1.6943964967774328,0.00046990005542624225,1.0658141036401503e-14
30,1.342,1.7302051651089425,1.7297413556488945,1.7302051651089443,0.0004638094600479814,1.7763568394002505e-15
30,1.3765000000000003,1.7664813887297872,1.7660234387423699,1.7664813887297917,0.0004579499874173276,4.440892098500626e-15
30,1.4110000000000003,1.8032243762588904,1.8027720688947975,1.803224376258892,0.0004523073640929631,1.5543122344752192e-15
30,1.4455000000000002,1.8404332434989144,1.8399863749765948,1.8404332434989235,0.00044686852231956564,9.103828801926284e-15
30,1.4800000000000002,1.8781070168579932,1.8776653953859648,1.8781070168579936,0.0004416214720284195,4.440892098500626e-16
30,1.5145000000000002,1.9162446367772508,1.915808081588163,1.9162446367772699,0.0004365551890876951,1.9095836023552692e-14
30,1.5490000000000002,1.9548449611553875,1.9544133016379892,1.9548449611554037,0.00043165951739831954,1.6209256159527285e-14
30,1.5835000000000001,1.9939067687621395,1.993479843679266,1.9939067687621381,0.00042692508287345277,1.3322676295501878e-15
30,1.6180000000000003,2.0334287626328473,2.033006419415228,2.0334287626328513,0.0004223432176191366,3.9968028886505635e-15
30,1.6525000000000003,2.0734095734368765,2.0729916675439637,2.0734095734368703,0.00041790589291279545,6.217248937900877e-15
30,1.6870000000000003,2.1138477628130983,2.11343415715329,2.1138477628131067,0.0004136056598080806,8.43769498715119e-15
30,1.7215000000000003,2.1547418266661316,2.15433239106978,2.1547418266661222,0.0004094355963517593,9.325873406851315e-15
30,1.7560000000000002,2.1960901984175183,2.1956848091569565,2.1960901984175334,0.0004053892605617726,1.509903313490213e-14
30,1.7905000000000002,2.2378912522064884,2.237489791558049,2.2378912522064907,0.0004014606484394889,2.220446049250313e-15
30,1.8250000000000002,2.2801433060354097,2.279745661879029,2.2801433060353977,0.000397644156380661,1.199040866595169e-14
30,1.8595000000000002,2.322844624855527,2.3224506903080533,2.3228446248555428,0.00039393454747349566,1.5987211554602254e-14
30,1.8940000000000001,2.3659934235889604,2.365603096667778,2.3659934235889315,0.00039032692118246004,2.886579864025407e-14
30,1.9285000000000003,2.4095878700834543,2.409201053397391,2.4095878700834548,0.00038681668606344033,4.440892098500626e-16
30,1.9630000000000003,2.453626087996694,2.453242688461572,2.4536260879967027,0.0003833995351216757,8.881784197001252e-15
30,1.9975000000000003,2.498106159607474,2.4977260881839385,2.498106159607484,0.0003800714235353553,1.021405182655144e-14
30,2.032,2.5430261285513525,2.542649300002875,2.5430261285513964,0.0003768285484775369,4.39648317751562e-14
30,2.0665,2.5883840024788016,2.5880103351479944,2.588384002478789,0.0003736673308072369,1.2434497875801753e-14
30,2.1010000000000004,2.6341777556341945,2.6338071712357753,2.6341777556342127,0.00037058439841919366,1.8207657603852567e-14
30,2.1355000000000004,2.680405331354323,2.680037754783231,2.68040533135431,0.0003675765710919876,1.2878587085651816e-14
30,2.1700000000000004,2.727064644485429,2.7267000036387667,2.727064644485431,0.00036464084666221197,2.220446049250313e-15
30,2.2045000000000003,2.77415358371804,2.773791809329626,2.7741535837180247,0.0003617743884141156,1.554312234475219e-14
30,2.2390000000000003,2.821670013839132,2.8213110393256136,2.821670013839117,0.0003589745135186284,1.509903313490213e-14
30,2.2735000000000003,2.8696117779014623,2.8692555392189902,2.8696117779014965,0.00035623868247203205,3.419486915845482e-14
30,2.3080000000000003,2.9179766993100733,2.917623134820688,2.9179766993100675,0.000353564489385505,5.773159728050814e-15
30,2.3425000000000002,2.966762583826251,2.9664116341731686,2.9667625838262417,0.0003509496530824663,9.325873406851315e-15
30,2.3770000000000002,3.0159672214893702,3.0156188294804656,3.0159672214893565,0.00034839200890468547,1.3766765505351941e-14
30,2.4115,3.065588388457258,3.0652424989560942,3.0655883884572472,0.00034588950116365424,1.0658141036401503e-14
30,2.446,3.1156238487658947,3.1152804085897063,3.1156238487659307,0.00034344017618836986,3.597122599785507e-14
30,2.4805,3.1660713560093736,3.1657303138334694,3.1660713560093607,0.00034104217590424923,1.2878587085651816e-14
30,2.515,3.2169286549412064,3.2165899612093085,3.2169286549411855,0.00033869373189787666,2.0872192862952943e-14
30,2.5495,3.2681934829981785,3.2678570898382473,3.268193482998185,0.0003363931599311698,6.661338147750939e-15
30,2.584,3.319863571748042,3.3195294328931904,3.3198635717480807,0.00033413885485167327,3.863576125695545e-14
30,2.6185000000000005,3.371936648262458,3.371604718976567,3.3719366482624515,0.00033192928589098614,6.661338147750939e-15
30,2.6530000000000005,3.424410436416622,3.4240806734243527,3.4244104364166503,0.00032976299226916694,2.842170943040401e-14
30,2.6875000000000004,3.477282658117171,3.476955019538013,3.4772826581171445,0.0003276385791584069,2.6645352591003757e-14
30,2.7220000000000004,3.530551034459893,3.530225479746012,3.5305510344599105,0.00032555471388118207,1.7319479184152442e-14
30,2.7565000000000004,3.584213286818929,3.583889776696527,3.5842132868189363,0.00032351012240194876,7.105427357601002e-15
30,2.7910000000000004,3.6382671378691196,3.637945634283071,3.6382671378691596,0.00032150358604843277,3.9968028886505635e-14
30,2.8255000000000003,3.6927103125432006,3.6923907786047416,3.692710312543246,0.00031953393845896017,4.529709940470639e-14
30,2.8600000000000003,3.7475405389255547,3.747222938862831,3.7475405389255725,0.0003176000627238551,1.7763568394002505e-14
30,2.8945000000000003,3.8027555490842535,3.8024398481955313,3.80275554908426,0.0003157008887222368,6.661338147750939e-15
30,2.9290000000000003,3.8583530798431287,3.8580392444524905,3.8583530798431664,0.0003138353906382285,3.774758283725532e-14
30,2.9635000000000002,3.9143308734955684,3.914018870910949,3.9143308734955964,0.0003120025846192753,2.7977620220553945e-14
30,2.998,3.970686678461784,3.970376476935183,3.9706866784618056,0.000310201526600995,2.1760371282653068e-14
30,3.0325,4.027418249891233,4.027109818580973,4.027418249891222,0.00030843131025992676,1.0658141036401503e-14
30,3.067,4.084523350211872,4.0842166591467794,4.084523350211916,0.0003066910650924015,4.440892098500626e-14
30,3.1015,4.141999749627916,4.141694769673298,4.141999749627994,0.0003049799546186449,7.72715225139109e-14
30,3.1360000000000006,4.199845226567698,4.1995419293930105,4.199845226567704,0.0003032971746872448,6.217248937900877e-15
30,3.1705000000000005,4.258057568083249,4.257755926131357,4.258057568083238,0.0003016419518919733,1.0658141036401503e-14
30,3.2050000000000005,4.316634570203146,4.316334556661078,4.316634570203077,0.0003000135420681005,6.838973831690964e-14
30,3.2395000000000005,4.375574038240142,4.375275627011248,4.375574038240141,0.00029841122889440186,8.881784197001252e-16
30,3.2740000000000005,4.434873787055063,4.434576952732505,4.434873787054996,0.00029683432255822595,6.750155989720952e-14
30,3.3085000000000004,4.494531641278406,4.49423635911989,4.494531641278403,0.00029528215851559736,2.6645352591003757e-15
30,3.3430000000000004,4.554545435491022,4.55425168139471,4.554545435491086,0.0002937540963117158,6.394884621840902e-14
30,3.3775000000000004,4.614913014365238,4.614620764846776,4.614913014365225,0.0002922495184627394,1.3322676295501878e-14
30,3.4120000000000004,4.675632232767702,4.675341464938281,4.67563223276783,0.00029076782942105694,1.2789769243681803e-13
30,3.4465000000000003,4.7367009558252,4.7364116473706375,4.736700955825208,0.00028930845456276444,7.993605777301127e-15
30,3.4810000000000003,4.798117058954658,4.797829188115385,4.798117058954601,0.0002878708392728413,5.684341886080802e-14
30,3.5155000000000003,4.859878427858446,4.859591973410406,4.859878427858393,0.00028645444804009657,5.240252676230739e-14
30,3.5500000000000003,4.921982958486117,4.9216978997224805,4.92198295848616,0.0002850587636364921,4.263256414560601e-14
30,3.5845000000000002,4.984428556963588,4.98414487367728,4.984428556963661,0.00028368328630801187,7.283063041541027e-14
30,3.619,5.047213139490783,5.046930811957758,5.047213139490748,0.00028232753302503966,3.4638958368304884e-14
30,3.6535,5.110334632208676,5.110053641171891,5.11033463220864,0.0002809910367842505,3.552713678800501e-14
30,3.688,5.173790971036612,5.173511297690707,5.173790971036672,0.0002796733459051737,5.950795411990839e-14
30,3.7225000000000006,5.237580101480775,5.237301727457366,5.237580101480754,0.0002783740234093557,2.1316282072803006e-14
30,3.7570000000000006,5.301699978414558,5.301422885768144,5.301699978414483,0.00027709264641462283,7.549516567451064e-14
30,3.7915000000000005,5.366148565831594,5.365872737026065,5.366148565831564,0.0002758288055293434,3.019806626980426e-14
30,3.8260000000000005,5.430923836572152,5.430649254467817,5.430923836572108,0.0002745821043346197,4.3520742565306136e-14
30,3.8605000000000005,5.496023772023509,5.495750419864669,5.496023772023508,0.00027335215883983466,8.881784197001252e-16
30,3.8950000000000005,5.561446361794909,5.561174223197912,5.561446361794919,0.0002721385969968182,9.769962616701378e-15
30,3.9295000000000004,5.6271896033676505,5.626918662309429,5.627189603367608,0.00027094105822111914,4.263256414560601e-14
30,3.9640000000000004,5.693251501720804,5.692981742527861,5.693251501720795,0.0002697591929425869,8.881784197001252e-15
30,3.9985000000000004,5.759630068932989,5.759361476270812,5.759630068933043,0.0002685926621763812,5.417888360170764e-14
30,4.033,5.826323323760659,5.826055882623539,5.82632332376062,0.0002674411371197394,3.907985046680551e-14
30,4.0675,5.893329291193192,5.893062986894437,5.8933292911933135,0.0002663042987549602,1.2168044349891716e-13
30,4.102,5.960646001985167,5.96038082014769,5.960646001985221,0.00026518183747725743,5.417888360170764e-14
30,4.1365,6.028271492166035,6.028007418713287,6.0282714921660565,0.00026407345274837013,2.1316282072803006e-14
30,4.171,6.0962038025274765,6.095940823674722,6.09620380252753,0.00026297885275461397,5.3290705182007514e-14
30,4.2055,6.164440978088569,6.164179080334491,6.164440978088594,0.0002618977540782552,2.4868995751603507e-14
30,4.24,6.232981067538953,6.232720237657563,6.23298106753904,0.000260829881390201,8.704148513061227e-14
30,4.2745,6.301822122660097,6.301562347692919,6.301822122660094,0.0002597749671782168,2.6645352591003757e-15
30,4.309,6.3709621977246815,6.370703464973258,6.37096219772488,0.0002587327514236293,1.9806378759312793e-13
30,4.3435,6.440399348874196,6.44014164589283,6.4403993488742275,0.00025770298136684744,3.108624468950438e-14
30,4.378,6.510131633474678,6.509874948063448,6.510131633474771,0.0002566854112302508,9.237055564881302e-14
30,4.4125,6.580157109450573,6.5799014296485865,6.580157109450615,0.00025567980198637486,4.1744385725905886e-14
30,4.447,6.650473834596612,6.650219148675502,6.650473834596548,0.00025468592111010935,6.394884621840902e-14
30,4.4815,6.721079865867598,6.720826162325245,6.721079865867623,0.0002537035423522127,2.5757174171303632e-14
30,4.516,6.791973258645933,6.791720526200396,6.791973258645867,0.0002527324455368074,6.572520305780927e-14
30,4.5505,6.863152065986678,6.862900293570341,6.863152065986658,0.0002517724163366708,1.9539925233402755e-14
30,4.585,6.934614337839948,6.934363514593864,6.934614337839946,0.00025082324608405315,1.7763568394002505e-15
30,4.6195,7.006358120250367,7.006108235518783,7.006358120250369,0.00024988473158327196,2.6645352591003757e-15
30,4.654,7.078381454533255,7.078132497858337,7.0783814545332335,0.00024895667491797724,2.1316282072803006e-14
30,4.6885,7.1506823764273015,7.150434337544019,7.150682376427364,0.00024803888328239765,6.217248937900877e-14
30,4.723,7.223258915223265,7.223011784054457,7.22325891522338,0.0002471311688072575,1.1546319456101628e-13
30,4.7575,7.296109092868426,7.295862859520014,7.296109092868319,0.0002462333484123391,1.0746958878371515e-13
30,4.792,7.369230923046254,7.368985577802624,7.369230923046211,0.0002453452436297354,4.263256414560601e-14
30,4.8265,7.442622410230962,7.442377943550487,7.442622410230955,0.0002444666804750639,7.105427357601002e-15
30,4.861,7.516281548716382,7.5160379512270925,7.516281548716382,0.00024359748928937108,0.0
30,4.8955,7.59020632161872,7.589963584114109,7.59020632161871,0.00024273750461123456,1.0658141036401503e-14
30,4.93,7.664394699852624,7.6641528132875845,7.664394699852738,0.00024188656503909556,1.1457501614131615e-13
30,4.9645,7.738844641080046,7.738603596566941,7.738844641079935,0.00024104451310513753,1.1102230246251565e-13
30,4.999,7.813554088631298,7.8133138774361415,7.813554088631217,0.0002402111951562702,8.08242361927114e-14
30,5.0335,7.888520970397704,7.888281583936475,7.888520970397922,0.0002393864612288965,2.1760371282653068e-13
30,5.068,7.9637431976952335,7.963504627530291,7.9637431976952495,0.00023857016494233108,1.5987211554602254e-14
30,5.1025,8.039218664098472,8.038980901935085,8.039218664098458,0.00023776216338688982,1.4210854715202004e-14
30,5.1370000000000005,8.11494524424424,8.114708281927218,8.114945244244215,0.0002369623170217494,2.4868995751603507e-14
30,5.1715,8.190920792604205,8.19068462211464,8.190920792604228,0.00023617048956481312,2.3092638912203256e-14
30,5.206,8.267143142225773,8.266907755677869,8.267143142225748,0.0002353865479047812,2.4868995751603507e-14
30,5.2405,8.343610103440518,8.343375493078517,8.343610103440344,0.00023461036200167484,1.7408297026122455e-13
30,5.275,8.420319462539464,8.420085620734655,8.420319462539428,0.00023384180480867656,3.552713678800501e-14
30,5.3095,8.497268980414384,8.497035899662226,8.497268980414448,0.00023308075215844326,6.394884621840902e-14
30,5.344,8.57445639116447,8.57422406408177,8.574456391164663,0.00023232708269915747,1.936228954946273e-13
30,5.3785,8.65187940066749,8.651647819989673,8.65187940066748,0.0002315806778163676,8.881784197001252e-15
30,5.413,8.72953568511472,8.729304843693177,8.729535685114783,0.0002308414215441701,6.217248937900877e-14
30,5.4475,8.807422889508828,8.807192780308343,8.807422889508848,0.0002301092004852734,1.9539925233402755e-14
30,5.482,8.885538626123939,8.885309242220192,8.88553862612403,0.0002293839037470491,9.059419880941277e-14
30,5.5165,8.963880472927068,8.963651807504188,8.963880472927112,0.00022866542287935943,4.440892098500626e-14
30,5.551,9.042445971960118,9.042218018308342,9.042445971959916,0.00022795365177685767,2.0250467969162855e-13
30,5.5855,9.121232627681692,9.12100537919504,9.12123262768157,0.00022724848665234276,1.2256862191861728e-13
30,5.62,9.200237905267864,9.200011355441923,9.200237905267892,0.00022654982594083606,2.842170943040401e-14
30,5.6545000000000005,9.279459228871175,9.279233371300927,9.279459228871021,0.00022585757024806696,1.545430450278218e-13
30,5.689,9.358893979837095,9.358668808214793,9.358893979837077,0.0002251716223025113,1.7763568394002505e-14
30,5.7235000000000005,9.43853949487714,9.438315002990256,9.438539494876858,0.00022449188688433708,2.824407374646398e-13
30,5.758,9.51839306419796,9.518169245927195,9.51839306419802,0.00022381827076500826,6.039613253960852e-14
30,5.7925,9.598451929585687,9.598228778903003,9.598451929585597,0.00022315068268419225,9.059419880941277e-14
30,5.827,9.678713282444786,9.678490793411534,9.678713282444964,0.00022248903325206015,1.7763568394002505e-13
30,5.8615,9.759174261790875,9.758952428555931,9.759174261791218,0.0002218332349439578,3.4283687000424834e-13
30,5.896,9.839831952196747,9.839610768994731,9.83983195219669,0.00022118320201514052,5.684341886080802e-14
30,5.9305,9.920683381691175,9.920462842840697,9.920683381691198,0.00022053885047768063,2.3092638912203256e-14
30,5.965,10.001725519609822,10.00150561951177,10.001725519609957,0.00021990009805250565,1.3500311979441904e-13
30,5.9995,10.082955274397886,10.082736007533782,10.082955274397776,0.00021926686410367324,1.1013412404281553e-13
30,6.034,10.164369491363987,10.164150852294364,10.164369491363937,0.00021863906962238389,4.973799150320701e-14
30,6.0685,10.245964950385009,10.245746933747835,10.245964950384849,0.00021801663717369024,1.5987211554602254e-13
30,6.103,10.327738363561542,10.32752096407069,10.32773836356165,0.0002173994908520882,1.0835776720341528e-13
30,6.1375,10.409686372823796,10.409469585267535,10.40968637282379,0.00021678755626020063,5.329070518200751e-15
30,6.172000000000001,10.491805547487786,10.49158936672734,10.491805547487779,0.00021618076044660484,7.105427357601002e-15
30,6.2065,10.574092381761869,10.573876802729986,10.574092381761947,0.00021557903188273997,7.815970093361102e-14
30,6.2410000000000005,10.656543292203658,10.656328309903229,10.65654329220372,0.00021498230042915623,6.217248937900877e-14
30,6.2755,10.739154615127507,10.738940224630204,10.739154615127351,0.00021439049730354043,1.5631940186722204e-13
30,6.3100000000000005,10.821922603962925,10.821708800407897,10.821922603963058,0.00021380355502742532,1.3322676295501878e-13
30,6.3445,10.904843426564387,10.904630205156959,10.904843426564515,0.00021322140742796591,1.2789769243681803e-13
30,6.3790000000000004,10.987913162473085,10.987700518483518,10.987913162472843,0.00021264398956688524,2.4158453015843406e-13
30,6.4135,11.071127800131475,11.070915728893727,11.0711278001316,0.00021207123774757974,1.2612133559741778e-13
30,6.448,11.154483234051458,11.154271730962005,11.154483234051327,0.00021150308945294682,1.3145040611561853e-13
30,6.4825,11.237975261937379,11.237764322454032,11.237975261937516,0.00021093948334716117,1.3677947663381929e-13
30,6.517,11.32159958176512,11.3213892014059,11.321599581765229,0.00021038035922060772,1.0835776720341528e-13
30,6.5515,11.405351788818797,11.405141963160817,11.40535178881852,0.00020982565797922348,2.7711166694643907e-13
30,6.586,11.489227372686834,11.489018097365213,11.489227372686825,0.00020927532162140494,8.881784197001252e-15
30,6.6205,11.573221714219342,11.57301298492615,11.573221714219292,0.00020872929319182276,4.973799150320701e-14
30,6.655,11.6573300824491,11.657121894932317,11.65733008244916,0.00020818751678319813,6.039613253960852e-14
30,6.6895,11.741547631478554,11.74133998154107,11.741547631478616,0.00020764993748301208,6.217248937900877e-14
30,6.724,11.825869397335703,11.825662280834322,11.825869397335866,0.00020711650138061088,1.6342482922482304e-13
30,6.758500000000001,11.910290294801907,11.910083707646375,11.910290294801994,0.00020658715553167895,8.704148513061227e-14
30,6.793,11.994805114215016,11.994599052367095,11.994805114214815,0.0002060618479209353,2.007283228522283e-13
30,6.827500000000001,12.079408518251643,12.079202977724183,12.079408518252192,0.00020554052746035723,5.488942633746774e-13
30,6.862,12.164095038692572,12.16389001554861,12.164095038692498,0.00020502314396253496,7.460698725481052e-14
30,6.8965000000000005,12.248859073175883,12.248654563527756,12.24885907317645,0.00020450964812646077,5.666578317686799e-13
30,6.931,12.33369488194258,12.333490881951079,12.333694881942826,0.00020399999150200188,2.4513724383723456e-13
30,6.9655000000000005,12.41859658458008,12.418393090453595,12.418596584580309,0.00020349412648457132,2.291500322826323e-13
30,7.0,12.503558156769202,12.503355164762912,12.503558156769394,0.00020299200629025904,1.9184653865522705e-13
50,0.1,0.7332368885266983,0.7325934051408108,0.7332368885266983,0.0006434833858874889,0.0
50,0.1345,0.7531127249258418,0.7525673006065868,0.7531127249258419,0.0005454243192549724,1.1102230246251565e-16
50,0.169,0.7734052533653984,0.7729226988928846,0.7734052533653992,0.0004825544725138853,7.771561172376096e-16
50,0.20350000000000001,0.7941182629962942,0.7936803394474904,0.7941182629962944,0.0004379235488037869,2.220446049250313e-16
50,0.23800000000000002,0.8152554147660432,0.8148514059670909,0.8152554147660432,0.00040400879895230446,0.0
50,0.2725,0.8368202385090822,0.8364431999625366,0.8368202385090826,0.0003770385465455828,4.440892098500626e-16
50,0.30700000000000005,0.8588161302962705,0.8584612365560258,0.8588161302962708,0.00035489374024466613,3.3306690738754696e-16
50,0.3415,0.8812463500491137,0.8809100765080725,0.8812463500491142,0.00033627354104115437,5.551115123125783e-16
50,0.376,0.9041140194230519,0.9037936941812286,0.9041140194230525,0.0003203252418233493,5.551115123125783e-16
50,0.4105,0.9274221199629746,0.927115658276852,0.9274221199629774,0.0003064616861225833,2.7755575615628914e-15
50,0.44500000000000006,0.951173491532918,0.9508792287010535,0.951173491532919,0.0002942628318645113,9.992007221626409e-16
50,0.47950000000000004,0.9753708310207245,0.9750874121779751,0.9753708310207237,0.00028341884274940554,7.771561172376096e-16
50,0.514,1.0000166913172652,0.9997429959821111,1.0000166913172672,0.0002736953351540894,1.9984014443252818e-15
50,0.5485,1.0251134805686828,1.024848569365847,1.0251134805686852,0.00026491120283589353,2.4424906541753444e-15
50,0.5830000000000001,1.0506634616990076,1.0504065377513605,1.0506634616990058,0.0002569239476470919,1.7763568394002505e-15
50,0.6175,1.0766687521994212,1.0764191325224468,1.0766687521994176,0.0002496196769743442,3.552713678800501e-15
50,0.652,1.1031313241794305,1.1028884180752945,1.103131324179429,0.00024290610413602032,1.5543122344752192e-15
50,0.6865,1.1300530046742365,1.12981629713543,1.1300530046742359,0.0002367075388065576,6.661338147750939e-16
50,0.721,1.1574354762016752,1.1572045149714152,1.1574354762016767,0.00023096123026000726,1.5543122344752192e-15
50,0.7555000000000001,1.1852802775612759,1.1850546629101744,1.185280277561277,0.00022561465110149115,1.1102230246251565e-15
50,0.79,1.213588804867183,1.2133681814192667,1.213588804867184,0.00022062344791629052,8.881784197001252e-16
50,0.8245,1.242362312806,1.2421463629327008,1.242362312806001,0.0002159498732992038,1.1102230246251565e-15
50,0.8590000000000001,1.2716019161099716,1.2713903545390335,1.2716019161099714,0.00021156157093815686,2.220446049250313e-16
50,0.8935000000000001,1.3013085912353741,1.3011011606119918,1.3013085912353728,0.00020743062338235418,1.3322676295501878e-15
50,0.928,1.3314831782354748,1.3312796454376519,1.33148317823548,0.0002035327978229251,5.10702591327572e-15
50,0.9625,1.3621263828170511,1.361926535874086,1.3621263828170491,0.00019984694296515393,1.9984014443252818e-15
50,0.997,1.3932387785691076,1.3930424240666712,1.393238778569104,0.00019635450243637997,3.552713678800501e-15
50,1.0315,1.424820809352172,1.4246277702331733,1.4248208093521644,0.00019303911899859472,7.549516567451064e-15
50,1.066,1.4568727918363737,1.456682905526193,1.456872791836378,0.00018988631018079793,4.218847493575595e-15
50,1.1005000000000003,1.489394918176397,1.4892080349758205,1.4893949181763861,0.0001868832005764709,1.0880185641326534e-14
50,1.1350000000000002,1.5223872588113456,1.5222032405118902,1.5223872588113387,0.00018401829945546844,6.8833827526759706e-15
50,1.1695000000000002,1.5558497653775758,1.5556684840626889,1.555849765377558,0.00018128131488692745,1.7763568394002505e-14
50,1.2040000000000002,1.5897822737226375,1.5896036107251372,1.5897822737226406,0.00017866299750024517,3.1086244689504383e-15
50,1.2385000000000002,1.6241845070085925,1.624008352000149,1.62418450700858,0.00017615500844359033,1.2434497875801753e-14
50,1.2730000000000001,1.6590560788931659,1.6588823290859316,1.6590560788931719,0.00017374980723428024,5.995204332975845e-15
50,1.3075,1.694396496777422,1.694225056221372,1.694396496777433,0.00017144055605000652,1.0880185641326534e-14
50,1.342,1.7302051651089425,1.730035944071255,1.730205165108948,0.00016922103768757246,5.551115123125783e-15
50,1.3765000000000003,1.7664813887297872,1.76631430314485,1.7664813887297799,0.00016708558493716552,7.327471962526033e-15
50,1.4110000000000003,1.8032243762588904,1.8030593472393455,1.803224376258873,0.00016502901954495997,1.7319479184152442e-14
50,1.4455000000000002,1.8404332434989144,1.8402701968996609,1.8404332434989314,0.0001630465992534802,1.709743457922741e-14
50,1.4800000000000002,1.8781070168579932,1.8779458828862992,1.8781070168579939,0.00016113397169403854,6.661338147750939e-16
50,1.5145000000000002,1.9162446367772508,1.916085349643142,1.916244636777264,0.00015928713410873208,1.3322676295501878e-14
50,1.5490000000000002,1.9548449611553875,1.9546874587573537,1.954844961155402,0.00015750239803380417,1.4432899320127035e-14
50,1.5835000000000001,1.9939067687621395,1.9937509924038794,1.993906768762137,0.0001557763582600291,2.4424906541753444e-15
50,1.6180000000000003,2.0334287626328473,2.0332746567673894,2.0334287626328327,0.00015410586545794303,1.4654943925052066e-14
50,1.6525000000000003,2.0734095734368765,2.0732570854349115,2.073409573436859,0.0001524880019649899,1.7319479184152442e-14
50,1.6870000000000003,2.1138477628130983,2.113696842752777,2.1138477628131085,0.00015092006032135785,1.021405182655144e-14
50,1.7215000000000003,2.1547418266661316,2.154592427141946,2.154741826666137,0.00014939952418568936,5.329070518200751e-15
50,1.7560000000000002,2.1960901984175183,2.195942274366189,2.1960901984175396,0.00014792405132935116,2.1316282072803006e-14
50,1.7905000000000002,2.2378912522064884,2.237744760748045,2.2378912522064787,0.00014649145844325417,9.769962616701378e-15
50,1.8250000000000002,2.2801433060354097,2.279998206327881,2.280143306035388,0.00014509970752873969,2.1760371282653068e-14
50,1.8595000000000002,2.322844624855527,2.3227008779618235,2.3228446248555548,0.0001437468937033337,2.7977620220553945e-14
50,1.8940000000000001,2.3659934235889604,2.3658509923547504,2.3659934235889586,0.00014243123420998316,1.7763568394002505e-15
50,1.9285000000000003,2.4095878700834543,2.4094467190249125,2.4095878700834463,0.00014115105854184407,7.993605777301127e-15
50,1.9630000000000003,2.453626087996694,2.453486183197187,2.4536260879967,0.0001399047995067626,6.217248937900877e-15
50,1.9975000000000003,2.498106159607474,2.497967468622318,2.4981061596075076,0.00013869098515595368,3.375077994860476e-14
50,2.032,2.5430261285513525,2.542888620319889,2.5430261285513933,0.00013750823146363444,4.085620730620576e-14
50,2.0665,2.5883840024788016,2.58824764724311,2.588384002478788,0.00013635523569144326,1.3766765505351941e-14
50,2.1010000000000004,2.6341777556341945,2.634042524863846,2.6341777556342416,0.00013523077034838238,4.707345624410664e-14
50,2.1355000000000004,2.680405331354323,2.680271197676632,2.6804053313543212,0.0001341336776912172,1.7763568394002505e-15
50,2.1700000000000004,2.727064644485429,2.726931581620721,2.727064644485439,0.00013306286470804451,1.021405182655144e-14
50,2.2045000000000003,2.77415358371804,2.7740215664194965,2.774153583718031,0.00013201729854372957,9.325873406851315e-15
50,2.2390000000000003,2.821670013839132,2.821539017836831,2.821670013839087,0.00013099600230104258,4.529709940470639e-14
50,2.2735000000000003,2.8696117779014623,2.869481779850255,2.8696117779014925,0.0001299980512072807,3.019806626980426e-14
50,2.3080000000000003,2.9179766993100733,2.9178476767409878,2.9179766993100644,0.0001290225690855351,8.881784197001252e-15
50,2.3425000000000002,2.966762583826251,2.9666345151011257,2.9667625838262124,0.00012806872512527434,3.863576125695545e-14
50,2.3770000000000002,3.0159672214893702,3.015840085758466,3.015967221489369,0.00012713573090428198,1.3322676295501878e-15
50,2.4115,3.065588388457258,3.0654621656196146,3.0655883884572317,0.00012622283764329723,2.6201263381153694e-14
50,2.446,3.1156238487658947,3.11549851943221,3.115623848765942,0.00012532933368492039,4.707345624410664e-14
50,2.4805,3.1660713560093736,3.1659469014672146,3.1660713560093847,0.00012445454215903595,1.1102230246251565e-14
50,2.515,3.2169286549412064,3.216805057122384,3.21692865494119,0.00012359781882231857,1.6431300764452317e-14
50,2.5495,3.2681934829981785,3.2680707244481098,3.268193482998151,0.0001227585500687134,2.7533531010703882e-14
50,2.584,3.319863571748042,3.3197416355969667,3.319863571748062,0.0001219361510753636,1.9984014443252818e-14
50,2.6185000000000005,3.371936648262458,3.37181551819836,3.3719366482624302,0.00012113006409819604,2.7977620220553945e-14
50,2.6530000000000005,3.424410436416622,3.424290096659756,3.4244104364165975,0.00012033975686609466,2.4424906541753444e-14
50,2.6875000000000004,3.477282658117171,3.477163093396048,3.4772826581171294,0.00011956472112339966,4.1744385725905886e-14
50,2.7220000000000004,3.530551034459893,3.530432229988655,3.530551034459894,0.00011880447123813198,8.881784197001252e-16
50,2.7565000000000004,3.584213286818929,3.5840952282759977,3.58421328681902,0.00011805854293145401,9.103828801926284e-14
50,2.7910000000000004,3.6382671378691196,3.6381498113770396,3.638267137869158,0.00011732649207996104,3.8191672047105385e-14
50,2.8255000000000003,3.6927103125432006,3.6925937046495863,3.692710312543211,0.00011660789361433999,1.021405182655144e-14
50,2.8600000000000003,3.7475405389255547,3.7474246365850847,3.74754053892556,0.0001159023404699866,5.329070518200751e-15
50,2.8945000000000003,3.8027555490842535,3.8026403396416337,3.8027555490843103,0.00011520944261977917,5.684341886080802e-14
50,2.9290000000000003,3.8583530798431287,3.8582385510169512,3.8583530798431425,0.0001145288261774624,1.3766765505351941e-14
50,2.9635000000000002,3.9143308734955684,3.9142170133630314,3.914330873495575,0.00011386013253700256,6.661338147750939e-15
50,2.998,3.970686678461784,3.970573475444198,3.970686678461787,0.00011320301758566131,3.1086244689504383e-15
50,3.0325,4.027418249891233,4.027305692740274,4.027418249891209,0.00011255715095881413,2.398081733190338e-14
50,3.067,4.084523350211872,4.084411427996536,4.084523350211942,0.00011192221533562474,7.016609515630989e-14
50,3.1015,4.141999749627916,4.141888451722121,4.141999749627969,0.00011129790579555987,5.240252676230739e-14
50,3.1360000000000006,4.199845226567698,4.199734542638508,4.19984522656769,0.00011068392919000303,7.993605777301127e-15
50,3.1705000000000005,4.258057568083249,4.257947488079673,4.2580575680832675,0.00011008000357559666,1.865174681370263e-14
50,3.2050000000000005,4.316634570203146,4.316525084345487,4.3166345702030435,0.00010948585765824248,1.021405182655144e-13
50,3.2395000000000005,4.375574038240142,4.37546513700985,4.375574038240167,0.0001089012302921688,2.4868995751603507e-14
50,3.2740000000000005,4.434873787055063,4.434765461185077,4.4348737870549995,0.00010832586998610338,6.394884621840902e-14
50,3.3085000000000004,4.494531641278406,4.494423881743947,4.4945316412783125,0.00010775953445918418,9.325873406851315e-14
50,3.3430000000000004,4.554545435491022,4.554438233500816,4.554545435491081,0.00010720199020575194,5.861977570020827e-14
50,3.3775000000000004,4.614913014365238,4.614806361353146,4.614913014365236,0.0001066530120921172,2.6645352591003757e-15
50,3.4120000000000004,4.675632232767702,4.675526120384722,4.675632232767832,0.00010611238297997261,1.2967404927621828e-13
50,3.4465000000000003,4.7367009558252,4.73659537593185,4.7367009558252,0.00010557989334980533,0.0
50,3.4810000000000003,4.798117058954658,4.798012003613676,4.7981170589546,0.00010505534098115277,5.773159728050814e-14
50,3.5155000000000003,4.859878427858446,4.859773889327838,4.859878427858308,0.00010453853060798934,1.376676550535194e-13
50,3.5500000000000003,4.921982958486117,4.9218789292124825,4.921982958486117,0.00010402927363450942,0.0
50,3.5845000000000002,4.984428556963588,4.984325029575758,4.9844285569636835,0.0001035273878304821,9.50350909079134e-14
50,3.619,5.047213139490783,5.047110106793724,5.047213139490729,0.00010303269705858042,5.3290705182007514e-14
50,3.6535,5.110334632208676,5.110232087177646,5.110334632208559,0.00010254503102924417,1.163513729807164e-13
50,3.688,5.173790971036612,5.173688906811582,5.173790971036698,0.00010206422503067358,8.526512829121202e-14
50,3.7225000000000006,5.237580101480775,5.237478511361063,5.237580101480709,0.00010159011971211385,6.661338147750939e-14
50,3.7570000000000006,5.301699978414558,5.301598855853692,5.301699978414468,0.00010112256086625138,9.059419880941277e-14
50,3.7915000000000005,5.366148565831594,5.3660479044324,5.366148565831595,0.00010066139919384653,8.881784197001252e-16
50,3.8260000000000005,5.430923836572152,5.4308236300820205,5.430923836571982,0.00010020649013142702,1.6964207816272392e-13
50,3.8605000000000005,5.496023772023509,5.495924014329866,5.496023772023471,9.97576936434541e-05,3.8191672047105385e-14
50,3.8950000000000005,5.561446361794909,5.56134704692086,5.5614463617949585,9.931487404912787e-05,4.973799150320701e-14
50,3.9295000000000004,5.6271896033676505,5.627090725467807,5.6271896033676985,9.88778998438633e-05,4.796163466380676e-14
50,3.9640000000000004,5.693251501720804,5.693153055077262,5.693251501720815,9.844664354119459e-05,1.1546319456101628e-14
50,3.9985000000000004,5.759630068932989,5.7595320479514776,5.759630068933027,9.802098151112659e-05,3.8191672047105385e-14
50,4.033,5.826323323760659,5.82622572296682,5.826323323760677,9.760079383891451e-05,1.865174681370263e-14
50,4.0675,5.893329291193192,5.893232105229017,5.893329291193282,9.718596417496173e-05,9.059419880941277e-14
50,4.102,5.960646001985167,5.9605492256055665,5.960646001985353,9.677637960070484e-05,1.8562928971732617e-13
50,4.1365,6.028271492166035,6.028175120235531,6.028271492165914,9.637193050426873e-05,1.2079226507921703e-13
50,4.171,6.0962038025274765,6.096107830017021,6.096203802527468,9.597251045523336e-05,8.881784197001252e-15
50,4.2055,6.164440978088569,6.164345400072486,6.164440978088522,9.557801608295335e-05,4.707345624410664e-14
50,4.24,6.232981067538953,6.23288587919199,6.232981067538936,9.518834696287115e-05,1.687538997430238e-14
50,4.2745,6.301822122660097,6.3017273192545655,6.301822122660066,9.480340553125188e-05,3.108624468950438e-14
50,4.309,6.3709621977246815,6.370867774627738,6.3709621977249125,9.4423096943963e-05,2.3092638912203256e-13
50,4.3435,6.440399348874196,6.440305301545185,6.440399348874174,9.404732901163726e-05,2.220446049250313e-14
50,4.378,6.510131633474678,6.510037957462593,6.510131633474722,9.367601208509768e-05,4.3520742565306136e-14
50,4.4125,6.580157109450573,6.58006380039159,6.580157109450576,9.330905898252695e-05,3.552713678800501e-15
50,4.447,6.650473834596612,6.650380888211721,6.650473834596731,9.294638489087959e-05,1.1901590823981678e-13
50,4.4815,6.721079865867598,6.720987277960318,6.721079865867627,9.258790727972865e-05,2.930988785010413e-14
50,4.516,6.791973258645933,6.791881025100088,6.7919732586460375,9.223354584442234e-05,1.0480505352461478e-13
50,4.5505,6.863152065986678,6.8630601827642765,6.863152065986686,9.188322240127889e-05,7.993605777301127e-15
50,4.585,6.934614337839948,6.934522800979109,6.934614337840091,9.15368608387368e-05,1.4299672557172016e-13
50,4.6195,7.006358120250367,7.006266925863328,7.006358120250515,9.119438703830696e-05,1.4832579608992091e-13
50,4.654,7.078381454533255,7.07829059880445,7.078381454533311,9.085572880440651e-05,5.595524044110789e-14
50,4.6885,7.1506823764273015,7.150591855611492,7.150682376427189,9.052081580929183e-05,1.127986593019159e-13
50,4.723,7.223258915223265,7.223168725643745,7.223258915223213,9.01895795193397e-05,5.1514348342607263e-14
50,4.7575,7.296109092868426,7.296019230915272,7.296109092868344,8.98619531541911e-05,8.260059303211165e-14
50,4.792,7.369230923046254,7.369141385174642,7.369230923046354,8.953787161125604e-05,1.0036416142611415e-13
50,4.8265,7.442622410230962,7.442533192959538,7.442622410231113,8.921727142396918e-05,1.509903313490213e-13
50,4.861,7.516281548716382,7.51619264862568,7.516281548716404,8.890009070228189e-05,2.220446049250313e-14
50,4.8955,7.59020632161872,7.59011773534963,7.590206321618545,8.858626909002965e-05,1.7497114868092467e-13
50,4.93,7.664394699852624,7.664306424104915,7.664394699852859,8.827574770897684e-05,2.353672812205332e-13
50,4.9645,7.738844641080046,7.738756672610933,7.738844641079958,8.796846911351963e-05,8.79296635503124e-14
50,4.999,7.813554088631298,7.813466424254042,7.813554088631455,8.766437725604703e-05,1.5720758028692217e-13
50,5.0335,7.888520970397704,7.888433606980277,7.8885209703980825,8.736341742743292e-05,3.7836400679225335e-13
50,5.068,7.9637431976952335,7.963656132159004,7.963743197695271,8.706553622950253e-05,3.730349362740526e-14
50,5.1025,8.039218664098472,8.039131893416943,8.03921866409844,8.677068152884715e-05,3.197442310920451e-14
50,5.1370000000000005,8.11494524424424,8.11485876544182,8.114945244244222,8.647880241952066e-05,1.7763568394002505e-14
50,5.1715,8.190920792604205,8.190834602755018,8.190920792604139,8.61898491866242e-05,6.572520305780927e-14
50,5.206,8.267143142225773,8.267057238452505,8.267143142225446,8.590377326811449e-05,3.268496584496461e-13
50,5.2405,8.343610103440518,8.343524482913294,8.343610103440287,8.562052722460578e-05,2.3092638912203256e-13
50,5.275,8.420319462539464,8.420234122474753,8.420319462539306,8.534006471094813e-05,1.580957587066223e-13
50,5.3095,8.497268980414384,8.497183918073958,8.497268980414242,8.506234042648941e-05,1.4210854715202004e-13
50,5.344,8.57445639116447,8.57437160385437,8.574456391164693,8.478731009908813e-05,2.2382096176443156e-13
50,5.3785,8.65187940066749,8.651794885737031,8.651879400667504,8.451493045846803e-05,1.4210854715202004e-14
50,5.413,8.72953568511472,8.72945143995552,8.729535685115284,8.424515920069098e-05,5.631051180898794e-13
50,5.4475,8.807422889508828,8.807338911553877,8.807422889508643,8.397795495085347e-05,1.8474111129762605e-13
50,5.482,8.885538626123939,8.885454912846685,8.885538626123813,8.371327725420485e-05,1.2612133559741778e-13
50,5.5165,8.963880472927068,8.963797021840518,8.963880472927132,8.345108654950195e-05,6.394884621840902e-14
50,5.551,9.042445971960118,9.042362780615996,9.04244597196036,8.319134412282381e-05,2.4158453015843406e-13
50,5.5855,9.121232627681692,9.121149693669581,9.121232627681245,8.293401211112439e-05,4.476419235288631e-13
50,5.62,9.200237905267864,9.200155226214402,9.20023790526766,8.267905346137638e-05,2.042810365310288e-13
50,5.6545000000000005,9.279459228871175,9.279376802439266,9.279459228871389,8.242643190925492e-05,2.1316282072803006e-13
50,5.689,9.358893979837095,9.358811803725123,9.35889397983685,8.217611197203212e-05,2.4513724383723456e-13
50,5.7235000000000005,9.43853949487714,9.438457566818235,9.438539494877038,8.192805890594457e-05,1.0302869668521453e-13
50,5.758,9.51839306419796,9.518311381959263,9.518393064198044,8.16822386973115e-05,8.348877145181177e-14
50,5.7925,9.598451929585687,9.598370490967632,9.59845192958622,8.14386180554294e-05,5.329070518200751e-13
50,5.827,9.678713282444786,9.678632085280423,9.678713282445129,8.119716436283397e-05,3.4283687000424834e-13
50,5.8615,9.759174261790875,9.759093303945184,9.759174261791633,8.095784569128739e-05,7.585043704239069e-13
50,5.896,9.839831952196747,9.839751231565993,9.839831952197107,8.072063075381664e-05,3.6060043839825084e-13
50,5.9305,9.920683381691175,9.920602896202263,9.92068338169105,8.048548891181895e-05,1.2434497875801753e-13
50,5.965,10.001725519609822,10.001645267219677,10.001725519609812,8.025239014486374e-05,1.0658141036401503e-14
50,5.9995,10.082955274397886,10.082875253092851,10.082955274397639,8.002130503470539e-05,2.469136006766348e-13
50,6.034,10.164369491363987,10.164289699159236,10.164369491363793,7.97922047510724e-05,1.936228954946273e-13
50,6.0685,10.245964950385009,10.24588538532396,10.245964950384986,7.956506104811467e-05,2.3092638912203256e-14
50,6.103,10.327738363561542,10.327659023715317,10.327738363561771,7.933984622532364e-05,2.291500322826323e-13
50,6.1375,10.409686372823796,10.409607256290652,10.409686372823439,7.911653314351952e-05,3.5704772471945034e-13
50,6.172000000000001,10.491805547487786,10.491726652392598,10.491805547487903,7.889509518754778e-05,1.1723955140041653e-13
50,6.2065,10.574092381761869,10.574013706255613,10.574092381761783,7.867550625562103e-05,8.526512829121202e-14
50,6.2410000000000005,10.656543292203658,10.656464834462898,10.656543292203635,7.8457740759319e-05,2.3092638912203256e-14
50,6.2755,10.739154615127507,10.7390763733539,10.73915461512712,7.824177360760132e-05,3.872457909892546e-13
50,6.3100000000000005,10.821922603962925,10.821844576382754,10.821922603963175,7.802758017128042e-05,2.504663143554353e-13
50,6.3445,10.904843426564387,10.904765611428072,10.904843426564378,7.781513631499593e-05,8.881784197001252e-15
50,6.3790000000000004,10.987913162473085,10.987835558054744,10.987913162472895,7.760441834037124e-05,1.900701818158268e-13
50,6.4135,11.071127800131475,11.071050404728464,11.071127800131503,7.739540301088255e-05,2.842170943040401e-14
50,6.448,11.154483234051458,11.154406045983942,11.154483234051204,7.718806751633167e-05,2.540190280342358e-13
50,6.4825,11.237975261937379,11.237898279547904,11.237975261937311,7.698238947462244e-05,6.750155989720952e-14
50,6.517,11.32159958176512,11.321522803418201,11.321599581765641,7.677834691932617e-05,5.204725539442734e-13
50,6.5515,11.405351788818797,11.40527521290051,11.405351788818676,7.657591828724719e-05,1.2079226507921703e-13
50,6.586,11.489227372686834,11.489150997604412,11.489227372686235,7.637508242197555e-05,5.986322548778844e-13
50,6.6205,11.573221714219342,11.573145538400805,11.57322171421902,7.61758185365835e-05,3.2152058793144533e-13
50,6.655,11.6573300824491,11.657254104342863,11.657330082449667,7.597810623671819e-05,5.666578317686799e-13
50,6.6895,11.741547631478554,11.741471849553072,11.741547631478724,7.578192548152174e-05,1.7053025658242404e-13
50,6.724,11.825869397335703,11.8257938100791,11.825869397335966,7.558725660317123e-05,2.6290081223123707e-13
50,6.758500000000001,11.910290294801907,11.910214900721618,11.910290294802103,7.53940802891151e-05,1.9539925233402755e-13
50,6.793,11.994805114215016,11.994729911837462,11.994805114214271,7.520237755365144e-05,7.442935157087049e-13
50,6.827500000000001,12.079408518251643,12.079333506121884,12.079408518252068,7.501212975924432e-05,4.2454928461665986e-13
50,6.862,12.164095038692572,12.16402021537398,12.16409503869295,7.48233185916547e-05,3.7836400679225335e-13
50,6.8965000000000005,12.248859073175883,12.248784437249817,12.248859073176288,7.463592606526959e-05,4.050093593832571e-13
50,6.931,12.33369488194258,12.333620432008079,12.333694881942765,7.444993450178572e-05,1.8474111129762605e-13
50,6.9655000000000005,12.41859658458008,12.41852231925355,12.418596584580461,7.426532653020956e-05,3.8191672047105385e-13
50,7.0,12.503558156769202,12.503484074684124,12.503558156769136,7.408208507797553e-05,6.572520305780927e-14
100,0.1,0.7332368885266983,0.7330790528609813,0.7332368885266983,0.00015783566571703211,0.0
100,0.1345,0.7531127249258418,0.7529771669508615,0.753112724925842,0.00013555797498032707,2.220446049250313e-16
100,0.169,0.7734052533653984,0.7732845199287819,0.7734052533653993,0.00012073343661656022,8.881784197001252e-16
100,0.20350000000000001,0.7941182629962942,0.7940083323744023,0.7941182629962943,0.00010993062189190717,1.1102230246251565e-16
100,0.23800000000000002,0.8152554147660432,0.8151538144362943,0.8152554147660436,0.00010160032974892985,3.3306690738754696e-16
100,0.2725,0.8368202385090822,0.8367253176585258,0.8368202385090826,9.492085055640143e-05,4.440892098500626e-16
100,0.30700000000000005,0.8588161302962705,0.8587267212115275,0.8588161302962712,8.940908474297515e-05,7.771561172376096e-16
100,0.3415,0.8812463500491137,0.881161590474579,0.8812463500491137,8.475957453468741e-05,0.0
100,0.376,0.9041140194230519,0.9040332510855428,0.9041140194230518,8.076833750914059e-05,1.1102230246251565e-16
100,0.4105,0.9274221199629746,0.9273448267510095,0.9274221199629775,7.729321196514594e-05,2.886579864025407e-15
100,0.44500000000000006,0.951173491532918,0.9510992598774051,0.9511734915329203,7.42316555129019e-05,2.3314683517128287e-15
100,0.47950000000000004,0.9753708310207245,0.9752993234409294,0.9753708310207229,7.150757979512701e-05,1.6653345369377348e-15
100,0.514,1.0000166913172652,0.999947628147465,1.0000166913172674,6.906316980026528e-05,2.220446049250313e-15
100,0.5485,1.0251134805686828,1.0250466269696603,1.025113480568684,6.685359902247612e-05,1.1102230246251565e-15
100,0.5830000000000001,1.0506634616990076,1.050598618197697,1.050663461699008,6.484350131064076e-05,4.440892098500626e-16
100,0.6175,1.0766687521994212,1.0766057476512487,1.076668752199419,6.300454817242951e-05,2.220446049250313e-15
100,0.652,1.1031313241794305,1.1030700104354372,1.1031313241794296,6.131374399331868e-05,8.881784197001252e-16
100,0.6865,1.1300530046742365,1.1299932524737533,1.1300530046742283,5.975220048326513e-05,8.215650382226158e-15
100,0.721,1.1574354762016752,1.1573771719628863,1.15743547620168,5.8304238788942087e-05,4.884981308350689e-15
100,0.7555000000000001,1.1852802775612759,1.1852233208407685,1.1852802775612636,5.695672050731737e-05,1.2212453270876722e-14
100,0.79,1.213588804867183,1.2135331063255288,1.213588804867187,5.5698541654214395e-05,3.9968028886505635e-15
100,0.8245,1.242362312806,1.2423077925613533,1.242362312806001,5.452024464669414e-05,1.1102230246251565e-15
100,0.8590000000000001,1.2716019161099716,1.2715485023928772,1.271601916109972,5.341371709444154e-05,4.440892098500626e-16
100,0.8935000000000001,1.3013085912353741,1.3012562192800385,1.301308591235381,5.237195533558392e-05,6.8833827526759706e-15
100,0.928,1.3314831782354748,1.3314317893586036,1.3314831782354792,5.138887687117233e-05,4.440892098500626e-15
100,0.9625,1.3621263828170511,1.3620759236468565,1.3621263828170465,5.045917019463886e-05,4.6629367034256575e-15
100,0.997,1.3932387785691076,1.393189200395605,1.3932387785690918,4.9578173502595746e-05,1.5765166949677223e-14
100,1.0315,1.424820809352172,1.4247720675762285,1.424820809352148,4.8741775943383914e-05,2.398081733190338e-14
100,1.066,1.4568727918363737,1.4568248454997585,1.4568727918363682,4.794633661520109e-05,5.551115123125783e-15
100,1.1005000000000003,1.489394918176397,1.4893477295587338,1.4893949181763735,4.718861766317417e-05,2.353672812205332e-14
100,1.1350000000000002,1.5223872588113456,1.5223407930826824,1.5223872588113363,4.646572866318088e-05,9.325873406851315e-15
100,1.1695000000000002,1.5558497653775758,1.5558039902974714,1.5558497653775367,4.577508010439324e-05,3.907985046680551e-14
100,1.2040000000000002,1.5897822737226375,1.5897371593783671,1.5897822737226348,4.511434427034722e-05,2.6645352591003757e-15
100,1.2385000000000002,1.6241845070085925,1.6241400255864331,1.6241845070085783,4.448142215940365e-05,1.4210854715202004e-14
100,1.2730000000000001,1.6590560788931659,1.6590122044777897,1.6590560788932112,4.387441537612169e-05,4.529709940470639e-14
100,1.3075,1.694396496777422,1.69435320517529,1.6943964967774368,4.3291602132011775e-05,1.4654943925052066e-14
100,1.342,1.7302051651089425,1.7301624336922772,1.7302051651089752,4.273141666533142e-05,3.26405569239796e-14
100,1.3765000000000003,1.7664813887297872,1.7664391962982675,1.7664813887297781,4.219243151970531e-05,9.103828801926284e-15
100,1.4110000000000003,1.8032243762588904,1.8031827029166685,1.8032243762588724,4.1673342221937304e-05,1.7985612998927536e-14
100,1.4455000000000002,1.8404332434989144,1.8403920705449301,1.8404332434988855,4.1172953984203176e-05,2.886579864025407e-14
100,1.4800000000000002,1.8781070168579932,1.8780663266878719,1.8781070168580098,4.0690170121315816e-05,1.6653345369377348e-14
100,1.5145000000000002,1.9162446367772508,1.9162044127953157,1.9162446367772596,4.022398193503918e-05,8.881784197001252e-15
100,1.5490000000000002,1.9548449611553875,1.9548051876955521,1.9548449611553889,3.9773459835412694e-05,1.3322676295501878e-15
100,1.5835000000000001,1.9939067687621395,1.9938674310165991,1.9939067687621543,3.933774554032432e-05,1.4876988529977098e-14
100,1.6180000000000003,2.0334287626328473,2.033389846587653,2.033428762632853,3.8916045194348214e-05,5.773159728050814e-15
100,1.6525000000000003,2.0734095734368765,2.0733710658135998,2.0734095734368796,3.8507623276728964e-05,3.1086244689504383e-15
100,1.6870000000000003,2.1138477628130983,2.113809651015891,2.113847762813083,3.811179720747404e-05,1.509903313490213e-14
100,1.7215000000000003,2.1547418266661316,2.154704098733589,2.1547418266661102,3.7727932542530596e-05,2.1316282072803006e-14
100,1.7560000000000002,2.1960901984175183,2.196052842978821,2.1960901984175196,3.735543869742841e-05,1.3322676295501878e-15
100,1.7905000000000002,2.2378912522064884,2.2378542584413617,2.2378912522065253,3.699376512678043e-05,3.68594044175552e-14
100,1.8250000000000002,2.2801433060354097,2.280106663637518,2.280143306035367,3.6642397891917255e-05,4.263256414560601e-14
100,1.8595000000000002,2.322844624855527,2.322808323998926,2.3228446248554793,3.6300856600668396e-05,4.75175454539567e-14
100,1.8940000000000001,2.3659934235889604,2.3659574548973294,2.365993423588914,3.596869163091654e-05,4.618527782440651e-14
100,1.9285000000000003,2.4095878700834543,2.4095522246018013,2.409587870083432,3.5645481653023836e-05,2.220446049250313e-14
100,1.9630000000000003,2.453626087996694,2.4535907571653173,2.4536260879967147,3.5330831376523264e-05,2.0872192862952943e-14
100,1.9975000000000003,2.498106159607474,2.4980711352379577,2.498106159607475,3.5024369516190035e-05,1.3322676295501878e-15
100,2.032,2.5430261285513525,2.5429914028044034,2.543026128551449,3.472574694907138e-05,9.636735853746359e-14
100,2.0665,2.5883840024788016,2.588349567843756,2.588384002478694,3.443463504559929e-05,1.0746958878371515e-13
100,2.1010000000000004,2.6341777556341945,2.6341436049100486,2.634177755634298,3.4150724145920464e-05,1.0347278589506459e-13
100,2.1355000000000004,2.680405331354323,2.680371457632148,2.68040533135429,3.3873722175226106e-05,3.2862601528904634e-14
100,2.1700000000000004,2.727064644485429,2.727031041132053,2.7270646444853726,3.3603353375877276e-05,5.639932965095795e-14
100,2.2045000000000003,2.77415358371804,2.7741202443608755,2.7741535837180633,3.333935716476333e-05,2.3092638912203256e-14
100,2.2390000000000003,2.821670013839132,2.821636932352069,2.821670013839014,3.308148706304692e-05,1.1812772982011666e-13
100,2.2735000000000003,2.8696117779014623,2.8695789483917205,2.869611777901603,3.282950974181631e-05,1.4077627952246985e-13
100,2.3080000000000003,2.9179766993100733,2.9179441161059505,2.917976699310167,3.258320412280469e-05,9.370282327836321e-14
100,2.3425000000000002,2.966762583826251,2.966730241465681,2.966762583826388,3.234236057014783e-05,1.3677947663381929e-13
100,2.3770000000000002,3.0159672214893702,3.015935114709231,3.0159672214892717,3.210678013942925e-05,9.85878045867139e-14
100,2.4115,3.065588388457258,3.065556512183374,3.065588388457134,3.187627388401282e-05,1.2390088954816747e-13
100,2.446,3.1156238487658947,3.115592198103675,3.115623848765803,3.165066221955115e-05,9.192646643896296e-14
100,2.4805,3.1660713560093736,3.166039926235036,3.166071356009213,3.142977433778782e-05,1.6076029396572267e-13
100,2.515,3.2169286549412064,3.2168974414935465,3.216928654941342,3.121344765988354e-05,1.354472090042691e-13
100,2.5495,3.2681934829981785,3.268162481470844,3.2681934829981327,3.100152733459538e-05,4.574118861455645e-14
100,2.584,3.319863571748042,3.3198327778822714,3.319863571748097,3.07938657706508e-05,5.5067062021407764e-14
100,2.6185000000000005,3.371936648262458,3.3719060579402456,3.3719366482626714,3.059032221264246e-05,2.1316282072803006e-13
100,2.6530000000000005,3.424410436416622,3.4243800456543,3.4244104364165127,3.039076232180804e-05,1.092459456231154e-13
100,2.6875000000000004,3.477282658117171,3.4772524630593415,3.477282658117082,3.0195057829640604e-05,8.926193117986259e-14
100,2.7220000000000004,3.530551034459893,3.530521031373726,3.5305510344598896,3.0003086167074144e-05,3.552713678800501e-15
100,2.7565000000000004,3.584213286818929,3.5841834720887737,3.5842132868189958,2.9814730155397484e-05,6.661338147750939e-14
100,2.7910000000000004,3.6382671378691196,3.6382375079914198,3.63826713786912,2.962987769983272e-05,4.440892098500626e-16
100,2.8255000000000003,3.6927103125432006,3.692680864121685,3.692710312543394,2.9448421515532175e-05,1.936228954946273e-13
100,2.8600000000000003,3.7475405389255547,3.7475112686666963,3.7475405389254295,2.9270258858460352e-05,1.2523315717771766e-13
100,2.8945000000000003,3.8027555490842535,3.802726453792972,3.8027555490841354,2.9095291281588942e-05,1.1812772982011666e-13
100,2.9290000000000003,3.8583530798431287,3.8583241564187123,3.8583530798430523,2.892342441640494e-05,7.638334409421077e-14
100,2.9635000000000002,3.9143308734955684,3.9143021189278233,3.9143308734955764,2.8754567745092885e-05,7.993605777301127e-15
100,2.998,3.970686678461784,3.9706580898273764,3.9706866784619432,2.858863440735604e-05,1.5942802633617248e-13
100,3.0325,4.027418249891233,4.027389824350218,4.027418249891225,2.8425541015231204e-05,7.993605777301127e-15
100,3.067,4.084523350211872,4.084495085004403,4.084523350212044,2.8265207468791687e-05,1.723066134218243e-13
100,3.1015,4.141999749627916,4.141971642071116,4.1419997496283365,2.8107556800271993e-05,4.2010839251815923e-13
100,3.1360000000000006,4.199845226567698,4.199817274052689,4.1998452265679,2.795251500842255e-05,2.0250467969162855e-13
100,3.1705000000000005,4.258057568083249,4.258029768072322,4.258057568083208,2.7800010927059304e-05,4.085620730620576e-14
100,3.2050000000000005,4.316634570203146,4.316606920227078,4.3166345702031395,2.764997606785613e-05,6.217248937900877e-15
100,3.2395000000000005,4.375574038240142,4.375546535895629,4.375574038240274,2.7502344512875254e-05,1.3233858453531866e-13
100,3.2740000000000005,4.434873787055063,4.434846430002289,4.4348737870549,2.7357052774235058e-05,1.6342482922482304e-13
100,3.3085000000000004,4.494531641278406,4.494504427238716,4.494531641278168,2.7214039690193204e-05,2.3803181647963356e-13
100,3.3430000000000004,4.554545435491022,4.554518362244707,4.554545435491176,2.707324631501251e-05,1.5365486660812167e-13
100,3.3775000000000004,4.614913014365238,4.614886079749423,4.614913014365275,2.6934615815044083e-05,3.6415315207705135e-14
100,3.4120000000000004,4.675632232767702,4.675605434674326,4.675632232767787,2.6798093376356746e-05,8.43769498715119e-14
100,3.4465000000000003,4.7367009558252,4.736674292199097,4.7367009558252064,2.6663626103484717e-05,6.217248937900877e-15
100,3.4810000000000003,4.798117058954658,4.798090527791709,4.798117058954533,2.653116294837332e-05,1.2434497875801753e-13
100,3.5155000000000003,4.859878427858446,4.859852027203833,4.859878427858358,2.6400654612679375e-05,8.79296635503124e-14
100,3.5500000000000003,4.921982958486117,4.9219566864326305,4.921982958485842,2.6272053486486868e-05,2.753353101070388e-13
100,3.5845000000000002,4.984428556963588,4.984402411650024,4.984428556963689,2.6145313564818196e-05,1.0036416142611415e-13
100,3.619,5.047213139490783,5.047187119100403,5.047213139490664,2.6020390379244418e-05,1.1901590823981678e-13
100,3.6535,5.110334632208676,5.110308734967734,5.110334632208505,2.5897240941930022e-05,1.7053025658242404e-13
100,3.688,5.173790971036612,5.173765195212947,5.173790971036699,2.5775823665696862e-05,8.704148513061227e-14
100,3.7225000000000006,5.237580101480775,5.237554445382455,5.237580101480768,2.5656098320503418e-05,7.105427357601002e-15
100,3.7570000000000006,5.301699978414558,5.30167444038858,5.301699978414386,2.5538025978377732e-05,1.723066134218243e-13
100,3.7915000000000005,5.366148565831594,5.366123144262651,5.366148565831647,2.5421568943251316e-05,5.3290705182007514e-14
100,3.8260000000000005,5.430923836572152,5.430898529881435,5.430923836571702,2.530669071720837e-05,4.503064587879635e-13
100,3.8605000000000005,5.496023772023509,5.495998578667562,5.496023772023715,2.5193355947195073e-05,2.0605739337042905e-13
100,3.8950000000000005,5.561446361794909,5.561421280264532,5.56144636179495,2.508153037705796e-05,4.085620730620576e-14
100,3.9295000000000004,5.6271896033676505,5.627164632186845,5.627189603367298,2.497118080579952e-05,3.526068326209497e-13
100,3.9640000000000004,5.693251501720804,5.693226639445756,5.693251501720538,2.4862275047610183e-05,2.6556534749033744e-13
100,3.9985000000000004,5.759630068932989,5.759605314151103,5.759630068932469,2.475478188568303e-05,5.195843755245733e-13
100,4.033,5.826323323760659,5.82629867508961,5.826323323760596,2.4648671048232984e-05,6.306066779870889e-14
100,4.0675,5.893329291193192,5.893304747280033,5.8933292911935204,2.4543913158758812e-05,3.2862601528904634e-13
100,4.102,5.960646001985167,5.9606215615054605,5.960646001985502,2.4440479706733242e-05,3.348432642269472e-13
100,4.1365,6.028271492166035,6.028247153823018,6.028271492166591,2.4338343017404895e-05,5.559996907322784e-13
100,4.171,6.0962038025274765,6.096179565051255,6.096203802528122,2.4237476221600218e-05,6.45705711121991e-13
100,4.2055,6.164440978088569,6.164416840235351,6.164440978089187,2.413785321841999e-05,6.181721801112872e-13
100,4.24,6.232981067538953,6.232957028090306,6.232981067539272,2.4039448646817618e-05,3.1885605267234496e-13
100,4.2745,6.301822122660097,6.301798180422212,6.301822122659703,2.394223788471095e-05,3.934630399271555e-13
100,4.309,6.3709621977246815,6.370938351527703,6.370962197724524,2.384619697881618e-05,1.5720758028692217e-13
100,4.3435,6.440399348874196,6.440375597571544,6.4403993488739495,2.375130265264147e-05,2.469136006766348e-13
100,4.378,6.510131633474678,6.510107975942408,6.510131633475174,2.3657532270071613e-05,4.956035581926699e-13
100,4.4125,6.580157109450573,6.580133544586751,6.580157109451654,2.3564863822045368e-05,1.0809131367750524e-12
100,4.447,6.650473834596612,6.650450361320718,6.650473834596942,2.3473275893692858e-05,3.2951419370874646e-13
100,4.4815,6.721079865867598,6.721056483119955,6.721079865868216,2.3382747643019286e-05,6.181721801112872e-13
100,4.516,6.791973258645933,6.791949965387133,6.791973258646724,2.329325880001676e-05,7.913669719528116e-13
100,4.5505,6.863152065986678,6.86312886119706,6.863152065986617,2.320478961781447e-05,6.039613253960852e-14
100,4.585,6.934614337839948,6.934591220519066,6.934614337839435,2.3117320881560488e-05,5.124789481669723e-13
100,4.6195,7.006358120250367,7.006335089416488,7.0063581202508205,2.303083387822369e-05,4.53859172466764e-13
100,4.654,7.078381454533255,7.078358509222878,7.078381454532979,2.294531037705383e-05,2.7622348852673895e-13
100,4.6885,7.1506823764273015,7.15065951569468,7.1506823764275325,2.2860732621587943e-05,2.3092638912203256e-13
100,4.723,7.223258915223265,7.22323613813996,7.2232589152241395,2.2777083304781343e-05,8.748557434046234e-13
100,4.7575,7.296109092868426,7.296086398522856,7.296109092868393,2.2694345569895802e-05,3.2862601528904634e-14
100,4.792,7.369230923046254,7.36920831054328,7.369230923046254,2.2612502973196058e-05,0.0
100,4.8265,7.442622410230962,7.442599878691468,7.442622410230331,2.2531539493719777e-05,6.31494856406789e-13
100,4.861,7.516281548716382,7.516259097276881,7.5162815487167745,2.2451439501303128e-05,3.9257486150745535e-13
100,4.8955,7.59020632161872,7.590183949430963,7.590206321618894,2.2372187757468964e-05,1.7408297026122455e-13
100,4.93,7.664394699852624,7.664372406083228,7.664394699853329,2.2293769395886898e-05,7.052136652418994e-13
100,4.9645,7.738844641080046,7.738822424910136,7.738844641079033,2.22161699099388e-05,1.0134115768778429e-12
100,4.999,7.813554088631298,7.813531949256149,7.81355408863183,2.2139375149166085e-05,5.32018873400375e-13
100,5.0335,7.888520970397704,7.888498907026405,7.888520970397099,2.2063371298841616e-05,6.048495038157853e-13
100,5.068,7.9637431976952335,7.963721209550359,7.96374319769593,2.1988144874640625e-05,6.963318810448982e-13
100,5.1025,8.039218664098472,8.039196750415757,8.039218664097428,2.1913682715535288e-05,1.0444978215673473e-12
100,5.1370000000000005,8.11494524424424,8.114923404272275,8.114945244243156,2.18399719642548e-05,1.0835776720341528e-12
100,5.1715,8.190920792604205,8.190899025604136,8.190920792603315,2.1767000069061737e-05,8.899547765395255e-13
100,5.206,8.267143142225773,8.267121447471004,8.267143142226015,2.169475476954119e-05,2.4158453015843406e-13
100,5.2405,8.343610103440518,8.343588480216438,8.343610103441629,2.1623224080613568e-05,1.1102230246251565e-12
100,5.275,8.420319462539464,8.420297910143155,8.420319462538114,2.1552396308521793e-05,1.3500311979441904e-12
100,5.3095,8.497268980414384,8.497247498154373,8.497268980413605,2.1482260011751464e-05,7.7982065249671e-13
100,5.344,8.57445639116447,8.574434978360465,8.574456391163586,2.1412804004583563e-05,8.828493491819245e-13
100,5.3785,8.65187940066749,8.651858056650122,8.6518794006671,2.13440173677526e-05,3.8902214782865485e-13
100,5.413,8.72953568511472,8.7295144092253,8.729535685117007,2.1275889420024896e-05,2.2861712523081223e-12
100,5.4475,8.807422889508828,8.807401681099117,8.807422889509397,2.1208409711093168e-05,5.684341886080801e-13
100,5.482,8.885538626123939,8.885517484555917,8.88553862612426,2.1141568021576518e-05,3.2152058793144533e-13
100,5.5165,8.963880472927068,8.963859397572696,8.963880472928148,2.1075354371902222e-05,1.0800249583553523e-12
100,5.551,9.042445971960118,9.042424962201142,9.04244597195966,2.1009758976120452e-05,4.583000645652646e-13
100,5.5855,9.121232627681692,9.121211682909411,9.121232627682327,2.0944772280984125e-05,6.341593916658894e-13
100,5.62,9.200237905267864,9.200217024882935,9.20023790526874,2.0880384928645412e-05,8.757439218243235e-13
100,5.6545000000000005,9.279459228871175,9.279438412283419,9.279459228870374,2.0816587756655736e-05,8.01136934569513e-13
100,5.689,9.358893979837095,9.358873226465281,9.358893979837813,2.075337181395298e-05,7.176481631177012e-13
100,5.7235000000000005,9.43853949487714,9.43851880414882,9.438539494875478,2.069072832000529e-05,1.6626700016786344e-12
100,5.758,9.51839306419796,9.518372435549274,9.518393064197419,2.062864868612735e-05,5.417888360170764e-13
100,5.7925,9.598451929585687,9.598431362461175,9.598451929587064,2.056712451192766e-05,1.3766765505351941e-12
100,5.827,9.678713282444786,9.67869277629723,9.678713282445328,2.0506147555110488e-05,5.417888360170764e-13
100,5.8615,9.759174261790875,9.759153816081119,9.75917426179105,2.0445709756344854e-05,1.758593271006248e-13
100,5.896,9.839831952196747,9.839811566393534,9.839831952197883,2.038580321261918e-05,1.1368683772161603e-12
100,5.9305,9.920683381691175,9.920663055270985,9.920683381691786,2.0326420189675787e-05,6.110667527536862e-13
100,5.965,10.001725519609822,10.001705252056713,10.001725519610547,2.0267553109576397e-05,7.247535904753022e-13
100,5.9995,10.082955274397886,10.08293506520335,10.082955274397648,2.0209194536491282e-05,2.3803181647963356e-13
100,6.034,10.164369491363987,10.16434934002679,10.164369491363216,2.0151337196239183e-05,7.709388682997087e-13
100,6.0685,10.245964950385009,10.245944856411057,10.245964950385662,2.009397395141832e-05,6.536993168992922e-13
100,6.103,10.327738363561542,10.327718326463732,10.327738363561306,2.0037097810288174e-05,2.362554596402333e-13
100,6.1375,10.409686372823796,10.409666392121874,10.409686372824702,1.9980701921440414e-05,9.059419880941277e-13
100,6.172000000000001,10.491805547487786,10.491785622708225,10.491805547489141,1.9924779561364403e-05,1.3553602684623911e-12
100,6.2065,10.574092381761869,10.57407251243773,10.574092381761558,1.986932413799991e-05,3.1086244689504383e-13
100,6.2410000000000005,10.656543292203658,10.656523477874467,10.656543292202763,1.9814329190737112e-05,8.952838470577262e-13
100,6.2755,10.739154615127507,10.739134855339119,10.739154615126207,1.975978838864023e-05,1.3002932064409833e-12
100,6.3100000000000005,10.821922603962925,10.821902898267423,10.821922603962266,1.9705695502025833e-05,6.590283874174929e-13
100,6.3445,10.904843426564387,10.90482377451994,10.904843426564545,1.965204444687174e-05,1.580957587066223e-13
100,6.3790000000000004,10.987913162473085,10.987893563643853,10.98791316247176,1.9598829231526338e-05,1.3251622021925868e-12
100,6.4135,11.071127800131475,11.071108254087482,11.071127800131219,1.9546043992235695e-05,2.5579538487363607e-13
100,6.448,11.154483234051458,11.154463740368493,11.154483234050067,1.949368296472187e-05,1.3908874052503961e-12
100,6.4825,11.237975261937379,11.237955820196877,11.237975261937391,1.944174050194647e-05,1.2434497875801753e-14
100,6.517,11.32159958176512,11.321580191554066,11.321599581767453,1.9390211054570727e-05,2.332356530132529e-12
100,6.5515,11.405351788818797,11.405332449729622,11.405351788817724,1.9339089174508217e-05,1.0729195309977513e-12
100,6.586,11.489227372686834,11.489208084317307,11.489227372685454,1.928836952735935e-05,1.3802292642139946e-12
100,6.6205,11.573221714219342,11.573202476172487,11.573221714219036,1.9238046855107882e-05,3.055333763768431e-13
100,6.655,11.6573300824491,11.657310894333085,11.657330082451589,1.9188116015200762e-05,2.488675931999751e-12
100,6.6895,11.741547631478554,11.741528492906612,11.741547631477353,1.9138571941468285e-05,1.2008172234345693e-12
100,6.724,11.825869397335703,11.825850307926036,11.825869397334614,1.9089409667216728e-05,1.0889067425523535e-12
100,6.758500000000001,11.910290294801907,11.910271254177585,11.91029029480264,1.9040624321675637e-05,7.336353746723034e-13
100,6.793,11.994805114215016,11.99478612200391,11.994805114213534,1.899221110512883e-05,1.4814816040598089e-12
100,6.827500000000001,12.079408518251643,12.079389574086331,12.079408518251586,1.8944165312007044e-05,5.684341886080802e-14
100,6.862,12.164095038692572,12.164076142210256,12.16409503869182,1.8896482316677066e-05,7.531752999057062e-13
100,6.8965000000000005,12.248859073175883,12.248840224018304,12.248859073176172,1.8849157578770814e-05,2.8954616482224083e-13
100,6.931,12.33369488194258,12.333676079755946,12.33369488194331,1.8802186634303553e-05,7.300826609935029e-13
100,6.9655000000000005,12.41859658458008,12.418577829014982,12.418596584580174,1.8755565097450244e-05,9.414691248821327e-14
100,7.0,12.503558156769202,12.503539447480549,12.503558156768747,1.8709288653440126e-05,4.547473508864641e-13
