c,a,T,mu,reference,gamma_N100,gamma_error,gamma_bound,poisson_N60,poisson_error
-0.75,2.5,0.4,-0.8,0.3505865618621103,0.3505865618621101,1.6653345369377348e-16,1.7034539002961598e-88,0.3505865618621102,1.1102230246251565e-16
-0.75,2.5,0.4,0.0,1.5984256911031887,1.1430992379776037,0.45532645312558495,0.9095272795366287,1.5984256911031878,8.881784197001252e-16
-0.75,2.5,0.4,0.025,1.655632650171531,1.6650731154310743,0.00944046525954323,0.1326419342973045,1.655632650171503,2.7977620220553945e-14
-0.75,2.5,0.4,1.25,3.9866221164511098,3.986630156256672,8.039805562187752e-06,0.006700262627730082,3.9866221164510227,8.704148513061227e-14
-0.75,2.5,0.4,2.375,4.809055287833799,4.809057902470926,2.6146371263635615e-06,0.004140211123054061,4.8090552878340125,2.1316282072803006e-13
-0.75,2.5,0.4,2.5,4.854329138690895,4.855331254362251,0.0010021156713557744,0.0019943470413848713,4.854329138690869,2.5757174171303632e-14
-0.75,2.5,0.4,3.3,4.998751366116155,4.998751366116155,0.0,3.7352131405252067e-91,4.998751366116155,0.0
-0.75,2.5,1.0,-2.0,0.4364053347240802,0.43640533472408033,1.1102230246251565e-16,2.1419798801561734e-88,0.43640533472408044,2.220446049250313e-16
-0.75,2.5,1.0,0.0,1.9783695019949203,1.4058267984158495,0.5725427035790709,1.143670006497933,1.9783695019949217,1.3322676295501878e-15
-0.75,2.5,1.0,0.025,2.0062889031501348,2.084930615773083,0.07864171262294839,0.4111305864567678,2.0062889031501316,3.1086244689504383e-15
-0.75,2.5,1.0,1.25,3.365109157823636,3.365159419493752,5.0261670116125146e-05,0.016751816062859262,3.3651091578235937,4.218847493575595e-14
-0.75,2.5,1.0,2.375,4.264455260701409,4.264471612057686,1.6351356276977924e-05,0.01035070984077028,4.2644552607015545,1.4566126083082054e-13
-0.75,2.5,1.0,2.5,4.335746632008636,4.338256446922545,0.00250981491390867,0.004994829910708116,4.335746632008645,8.881784197001252e-15
-0.75,2.5,1.0,4.5,4.912330261837262,4.912330261837263,8.881784197001252e-16,9.35481835910014e-91,4.912330261837262,0.0
-0.75,2.5,2.0,-4.0,0.4973468081537409,0.4973468081537412,3.3306690738754696e-16,2.547257713674397e-88,0.49734680815374116,2.7755575615628914e-16
-0.75,2.5,2.0,0.0,2.21488403750114,1.5340121807620162,0.6808718567391239,1.36006050894255,2.214884037501141,8.881784197001252e-16
-0.75,2.5,2.0,0.025,2.2300116036805724,2.4286677710762574,0.19865616739568503,0.841755627473371,2.230011603680574,1.7763568394002505e-15
-0.75,2.5,2.0,1.25,2.973609458936216,2.9738106905001063,0.00020123156389040275,0.03351193496786934,2.973609458936242,2.6201263381153694e-14
-0.75,2.5,2.0,2.375,3.5926954531094544,3.592770143027562,7.468991810766212e-05,0.0206849138773253,3.592695453109517,6.261657858885883e-14
-0.75,2.5,2.0,2.5,3.654374817030877,3.659409705539632,0.00503488850875522,0.010019874847250648,3.654374817030863,1.3766765505351941e-14
-0.75,2.5,2.0,6.5,4.778187368002919,4.7781873680029205,1.7763568394002505e-15,1.8766226448671485e-90,4.77818736800292,8.881784197001252e-16
-0.75,10.0,0.4,-0.8,0.3506340739923239,0.3506340739923237,1.6653345369377348e-16,1.7034539002961598e-88,0.35063407399232377,1.1102230246251565e-16
-0.75,10.0,0.4,0.0,1.5987764544003233,1.1434500012747384,0.45532645312558495,0.9095272795366287,1.5987764544003227,6.661338147750939e-16
-0.75,10.0,0.4,0.1,1.8307040715397018,1.8313773794923054,0.0006733079526035635,0.04463513485310311,1.8307040715397072,5.329070518200751e-15
-0.75,10.0,0.4,5.0,5.969090669985887,5.969091380578511,7.105926238537563e-07,0.002368871307045021,5.969090669986166,2.788880237858393e-13
-0.75,10.0,0.4,9.5,7.00122231776381,7.001222548864337,2.311005271593558e-07,0.0014637806718040102,7.001222317763774,3.6415315207705135e-14
-0.75,10.0,0.4,10.0,7.061904937108079,7.062258920503126,0.00035398339504677523,0.000704478407256887,7.061904937108117,3.730349362740526e-14
-0.75,10.0,0.4,10.8,7.103787021195243,7.103787021195244,8.881784197001252e-16,1.3194178091363528e-91,7.103787021195248,4.440892098500626e-15
-0.75,10.0,1.0,-2.0,0.44089798414060866,0.44089798414060893,2.7755575615628914e-16,2.1419798801561734e-88,0.44089798414060893,2.7755575615628914e-16
-0.75,10.0,1.0,0.0,2.0103474082753574,1.4378047046962865,0.5725427035790709,1.143670006497933,2.0103474082753587,1.3322676295501878e-15
-0.75,10.0,1.0,0.1,2.1258293506041883,2.1302763803789584,0.004447029774770073,0.11302842563103033,2.1258293506042216,3.3306690738754696e-14
-0.75,10.0,1.0,5.0,5.870771440845591,5.870775882120591,4.441275000210965e-06,0.005922203870994431,5.8707714408457985,2.078337502098293e-13
-0.75,10.0,1.0,9.5,6.918102539931699,6.918103984316405,1.4443847060618964e-06,0.003659456061891722,6.918102539931039,6.59916565837193e-13
-0.75,10.0,1.0,10.0,6.9755409772842984,6.97642633285258,0.0008853555682817316,0.0017619823849575704,6.975540977284283,1.509903313490213e-14
-0.75,10.0,1.0,12.0,7.088315180512313,7.0883151805123115,1.7763568394002505e-15,3.3000173094733744e-91,7.08831518051231,3.552713678800501e-15
-0.75,10.0,2.0,-4.0,0.5240332709935132,0.5240332709935134,2.220446049250313e-16,2.547257713674397e-88,0.5240332709935134,2.220446049250313e-16
-0.75,10.0,2.0,0.0,2.3886145242661962,1.7077426675270708,0.6808718567391254,1.36006050894255,2.388614524266198,1.7763568394002505e-15
-0.75,10.0,2.0,0.1,2.4568984711387425,2.4804250106122776,0.023526539473535113,0.24382172783413247,2.4568984711387407,1.7763568394002505e-15
-0.75,10.0,2.0,5.0,5.455502026344631,5.45551979246055,1.7766115918860237e-05,0.011844590651699871,5.455502026344624,7.105427357601002e-15
-0.75,10.0,2.0,9.5,6.697472920579765,6.697478698210093,5.777630327941097e-06,0.007318943427818456,6.697472920580102,3.375077994860476e-13
-0.75,10.0,2.0,10.0,6.769149568555855,6.7709216070075655,0.001772038451710145,0.0035265933094782076,6.7691495685558944,3.907985046680551e-14
-0.75,10.0,2.0,14.0,7.053396387935086,7.053396387935088,1.7763568394002505e-15,6.604957611441344e-91,7.053396387935087,8.881784197001252e-16
0.0,2.5,0.4,-0.8,0.05066671464309789,0.05066671464309789,0.0,7.417426867963601e-91,0.05066671464309789,0.0
0.0,2.5,0.4,0.0,0.2764874349422904,0.27449743444239033,0.0019900004999000576,0.0039603960396039604,0.27648743494229033,5.551115123125783e-17
0.0,2.5,0.4,0.025,0.2891330132656247,0.28912929225019257,3.721015432112118e-06,0.007913609925414913,0.28913301326562457,1.1102230246251565e-16
0.0,2.5,0.4,1.25,1.25,1.2500000000000007,6.661338147750939e-16,0.007920792079207862,1.2499999999999953,4.6629367034256575e-15
0.0,2.5,0.4,2.375,2.156432112258236,2.1564321122582353,8.881784197001252e-16,0.007920792079207843,2.156432112258183,5.3290705182007514e-14
0.0,2.5,0.4,2.5,2.2235125650577094,2.2255025655576097,0.0019900004999002796,0.0039603960396039604,2.2235125650577126,3.1086244689504383e-15
0.0,2.5,0.4,3.3,2.449333285356902,2.449333285356902,0.0,7.417426867964023e-91,2.449333285356902,0.0
0.0,2.5,1.0,-2.0,0.11588026619437869,0.11588026619437869,0.0,1.8543567169909003e-90,0.11588026619437869,0.0
0.0,2.5,1.0,0.0,0.6142574462673958,0.6092824450176456,0.004975001249750144,0.009900990099009901,0.6142574462673956,1.1102230246251565e-16
0.0,2.5,1.0,0.025,0.6249170517950356,0.6245138082925649,0.0004032435024707848,0.019009323635775045,0.6249170517950353,3.3306690738754696e-16
0.0,2.5,1.0,1.25,1.25,1.2500000000000004,4.440892098500626e-16,0.019801980198019785,1.2499999999999964,3.552713678800501e-15
0.0,2.5,1.0,2.375,1.8313404301577696,1.831340447535231,1.737746146979191e-08,0.019801947636040658,1.83134043015778,1.0436096431476471e-14
0.0,2.5,1.0,2.5,1.8857425537326038,1.8907175549823543,0.004975001249750477,0.009900990099009901,1.8857425537326087,4.884981308350689e-15
0.0,2.5,1.0,4.5,2.384119733805621,2.3841197338056213,4.440892098500626e-16,1.8543567169909003e-90,2.3841197338056213,4.440892098500626e-16
0.0,2.5,2.0,-4.0,0.17777327871037873,0.17777327871037873,0.0,3.7087134339818005e-90,0.1777732787103787,2.7755575615628914e-17
0.0,2.5,2.0,0.0,0.8824361984291448,0.8724861959296446,0.009950002499500177,0.019801980198019802,0.8824361984291446,2.220446049250313e-16
0.0,2.5,2.0,0.025,0.8893806470928481,0.8865478285100649,0.002832818582783281,0.03400107372051222,0.8893806470928481,0.0
0.0,2.5,2.0,1.25,1.25,1.2500000000000007,6.661338147750939e-16,0.039603960396039535,1.249999999999994,5.995204332975845e-15
0.0,2.5,2.0,2.375,1.5826089085537574,1.5826275136309187,1.8605077161337746e-05,0.03956804962707457,1.5826089085537427,1.4654943925052066e-14
0.0,2.5,2.0,2.5,1.617563801570855,1.6275138040703556,0.00995000249950051,0.019801980198019802,1.617563801570859,3.9968028886505635e-15
0.0,2.5,2.0,6.5,2.322226721289621,2.3222267212896215,4.440892098500626e-16,3.7087134339818005e-90,2.322226721289621,0.0
0.0,10.0,0.4,-0.8,0.050771204416437184,0.0507712044164372,1.3877787807814457e-17,7.417426867963601e-91,0.05077120441643719,6.938893903907228e-18
0.0,10.0,0.4,0.0,0.277258872218423,0.27526887171852293,0.0019900004999000576,0.0039603960396039604,0.277258872218423,0.0
0.0,10.0,0.4,0.1,0.3303757679444045,0.33037576794438034,2.4147350785597155e-14,0.007920792079165082,0.3303757679444047,2.220446049250313e-16
0.0,10.0,0.4,5.0,4.999999999999999,5.0,8.881784197001252e-16,0.007920792079207921,5.000000000000037,3.8191672047105385e-14
0.0,10.0,0.4,9.5,9.39922836748124,9.39922836748124,0.0,0.007920792079207921,9.39922836748141,1.7053025658242404e-13
0.0,10.0,0.4,10.0,9.722741127781578,9.724731128281476,0.001990000499898059,0.0039603960396039604,9.722741127781562,1.5987211554602254e-14
0.0,10.0,0.4,10.8,9.949228795583561,9.949228795583563,1.7763568394002505e-15,7.417426867962336e-91,9.949228795583563,1.7763568394002505e-15
0.0,10.0,1.0,-2.0,0.12692186684949477,0.12692186684949475,2.7755575615628914e-17,1.8543567169909003e-90,0.12692186684949477,0.0
0.0,10.0,1.0,0.0,0.6931017816607284,0.6881267804109783,0.004975001249750144,0.009900990099009901,0.6931017816607286,1.1102230246251565e-16
0.0,10.0,1.0,0.1,0.744346486650222,0.7443462721226506,2.1452757137385703e-07,0.01980157346975024,0.7443464866502217,2.220446049250313e-16
0.0,10.0,1.0,5.0,5.0,5.000000000000004,4.440892098500626e-15,0.019801980198019802,5.000000000000264,2.637889906509372e-13
0.0,10.0,1.0,9.5,9.025997864848522,9.025997864848526,3.552713678800501e-15,0.0198019801980198,9.025997864848549,2.6645352591003757e-14
0.0,10.0,1.0,10.0,9.30689821833927,9.311873219589021,0.004975001249750477,0.009900990099009901,9.306898218339288,1.7763568394002505e-14
0.0,10.0,1.0,12.0,9.873078133150504,9.873078133150505,1.7763568394002505e-15,1.8543567169909003e-90,9.873078133150505,1.7763568394002505e-15
0.0,10.0,2.0,-4.0,0.25203308917839656,0.2520330891783965,5.551115123125783e-17,3.7087134339818005e-90,0.25203308917839656,0.0
0.0,10.0,2.0,0.0,1.3728636641416545,1.3629136616421542,0.009950002499500288,0.019801980198019802,1.3728636641416547,2.220446049250313e-16
0.0,10.0,2.0,0.1,1.4228024171636555,1.4227370584155072,6.535874814828091e-05,0.039477042902054324,1.4228024171636553,2.220446049250313e-16
0.0,10.0,2.0,5.0,4.999999999999999,5.0,8.881784197001252e-16,0.03960396039603961,5.000000000000072,7.283063041541027e-14
0.0,10.0,2.0,9.5,8.365350127766662,8.365350127766781,1.1901590823981678e-13,0.03960396039582542,8.365350127766296,3.659295089164516e-13
0.0,10.0,2.0,10.0,8.627136335858346,8.637086338357847,0.009950002499500954,0.019801980198019802,8.62713633585835,3.552713678800501e-15
0.0,10.0,2.0,14.0,9.747966910821603,9.747966910821603,0.0,3.7087134339818005e-90,9.747966910821603,0.0
0.3,2.5,0.4,-0.8,0.034883312434922965,0.034883312434922965,0.0,1.2664706671366702e-91,0.034883312434922965,0.0
0.3,2.5,0.4,0.0,0.20025717479281538,0.19991689487336026,0.00034027991945512204,0.0006762082732579316,0.2002571747928153,8.326672684688674e-17
0.3,2.5,0.4,0.025,0.20999314056641236,0.20992741718478328,6.57233816290792e-05,0.002602354179379647,0.20999314056641225,1.1102230246251565e-16
0.3,2.5,0.4,1.25,1.0864688080933622,1.0864647432379653,4.064855396945788e-06,0.008469167096318375,1.086468808093381,1.887379141862766e-14
0.3,2.5,0.4,2.375,2.110486244672079,2.110483651007615,2.5936644640900397e-06,0.010267564595869166,2.1104862446720563,2.2648549702353193e-14
0.3,2.5,0.4,2.5,2.1915956876225744,2.194214036378412,0.0026183487558375518,0.005210914460716122,2.1915956876225766,2.220446049250313e-15
0.3,2.5,0.4,3.3,2.4685986461658116,2.468598646165812,4.440892098500626e-16,9.759523174213449e-91,2.4685986461658116,0.0
0.3,2.5,1.0,-2.0,0.09929441203937103,0.09929441203937109,5.551115123125783e-17,4.167898621325055e-91,0.09929441203937099,4.163336342344337e-17
0.3,2.5,1.0,0.0,0.5482744395425414,0.5471545934663844,0.001119846076157005,0.0022253713433508108,0.548274439542541,4.440892098500626e-16
0.3,2.5,1.0,0.025,0.5582582968931407,0.557774636289142,0.00048366060399862576,0.006229309327420211,0.5582582968931401,5.551115123125783e-16
0.3,2.5,1.0,1.25,1.1702031183806114,1.1701777114243357,2.5406956275730863e-05,0.021172683338076113,1.1702031183806072,4.218847493575595e-15
0.3,2.5,1.0,2.375,1.7826761755251548,1.7826599877404292,1.6187784725563148e-05,0.02566878987455436,1.7826761755252134,5.861977570020827e-14
0.3,2.5,1.0,2.5,1.841933615131054,1.8484747769920433,0.0065411618609894084,0.013017958618533814,1.8419336151310515,2.4424906541753444e-15
0.3,2.5,1.0,4.5,2.3986998868540845,2.3986998868540845,0.0,2.4381338395845638e-90,2.3986998868540845,0.0
0.3,2.5,2.0,-4.0,0.1661848488802797,0.16618484888027985,1.3877787807814457e-16,1.0262570206064642e-90,0.16618484888027968,2.7755575615628914e-17
0.3,2.5,2.0,0.0,0.8467856344641368,0.8440282499832029,0.0027573844809338777,0.005479506993968445,0.8467856344641369,1.1102230246251565e-16
0.3,2.5,2.0,0.025,0.8536627231629423,0.8517537076133798,0.001909015549562576,0.01156244230475784,0.853662723162943,6.661338147750939e-16
0.3,2.5,2.0,1.25,1.215193148360346,1.2150914974782578,0.00010165088208813344,0.042343690509639535,1.2151931483603406,5.329070518200751e-15
0.3,2.5,2.0,2.375,1.5561315483252551,1.5560912510558935,4.029726936161104e-05,0.051289719248284855,1.5561315483252716,1.6431300764452317e-14
0.3,2.5,2.0,2.5,1.5923682396872663,1.6054347919592966,0.013066552272030352,0.026004684854619087,1.5923682396872672,8.881784197001252e-16
0.3,2.5,2.0,6.5,2.338662523815669,2.338662523815669,0.0,4.870418165372838e-90,2.338662523815669,0.0
0.3,10.0,0.4,-0.8,0.03502686883610256,0.03502686883610256,0.0,1.2664706671366702e-91,0.03502686883610255,6.938893903907228e-18
0.3,10.0,0.4,0.0,0.2013170546449824,0.20097677472552733,0.0003402799194550665,0.0006762082732579316,0.20131705464498234,5.551115123125783e-17
0.3,10.0,0.4,0.1,0.24267704521618746,0.24265318314295067,2.3862073236791126e-05,0.0039684826120178,0.24267704521618758,1.1102230246251565e-16
0.3,10.0,0.4,5.0,6.259128027655947,6.259126487381203,1.5402747441939368e-06,0.012836882242912802,6.259128027655452,4.956035581926699e-13
0.3,10.0,0.4,9.5,14.170917051997098,14.17091606918513,9.82811966920849e-07,0.015562726275528894,14.17091705199627,8.277822871605167e-13
0.3,10.0,0.4,10.0,14.803105757691979,14.807075856489233,0.0039700987972537405,0.00790108985479459,14.80310575769197,8.881784197001252e-15
0.3,10.0,0.4,10.8,15.248162986639572,15.248162986639572,0.0,1.479795343422235e-90,15.248162986639572,0.0
0.3,10.0,1.0,-2.0,0.11525926221805506,0.11525926221805505,1.3877787807814457e-17,4.167898621325055e-91,0.11525926221805508,1.3877787807814457e-17
0.3,10.0,1.0,0.0,0.6624323345983704,0.6613124885222132,0.001119846076157116,0.0022253713433508108,0.6624323345983706,2.220446049250313e-16
0.3,10.0,1.0,0.1,0.7146065113695511,0.714455628904611,0.00015088246494010527,0.009902849942994622,0.7146065113695509,2.220446049250313e-16
0.3,10.0,1.0,5.0,6.39448709438514,6.3944774676298675,9.626755272940102e-06,0.03209218340873671,6.394487094385329,1.8829382497642655e-13
0.3,10.0,1.0,9.5,13.486243961269938,13.48623781868839,6.142581547408099e-06,0.03890680823400779,13.486243961270088,1.4921397450962104e-13
0.3,10.0,1.0,10.0,14.019208478442398,14.029131945918312,0.00992346747591455,0.019749200508454155,14.019208478442367,3.019806626980426e-14
0.3,10.0,1.0,12.0,15.103462592368274,15.103462592368276,1.7763568394002505e-15,3.6988283244232587e-90,15.103462592368274,0.0
0.3,10.0,2.0,-4.0,0.28000065886810077,0.2800006588681008,5.551115123125783e-17,1.0262570206064642e-90,0.2800006588681008,5.551115123125783e-17
0.3,10.0,2.0,0.0,1.6030945400698506,1.6003371555889168,0.0027573844809338777,0.005479506993968445,1.6030945400698513,6.661338147750939e-16
0.3,10.0,2.0,0.1,1.6649803704519786,1.6643377674515247,0.000642603000453823,0.019630429565321655,1.6649803704519792,6.661338147750939e-16
0.3,10.0,2.0,5.0,6.708056309439463,6.708017801873956,3.850756550782819e-05,0.06418420824547302,6.70805630943939,7.37188088351104e-14
0.3,10.0,2.0,9.5,12.37034355669034,12.370318986268149,2.4570422191061425e-05,0.07781356321789387,12.370343556690361,2.1316282072803006e-14
0.3,10.0,2.0,10.0,12.839048771044121,12.85888976763011,0.019840996585989146,0.039486640833001234,12.839048771044114,7.105427357601002e-15
0.3,10.0,2.0,14.0,14.881628652631894,14.881628652631896,1.7763568394002505e-15,7.395454083668383e-90,14.881628652631894,0.0
0.5,2.5,0.4,-0.8,0.0288111214630159,0.02881112146301589,6.938893903907228e-18,4.136828554956091e-92,0.028811121463015885,1.3877787807814457e-17
0.5,2.5,0.4,0.0,0.17023475155511567,0.17012349241818067,0.00011125913693499356,0.0002208782063808421,0.17023475155511553,1.3877787807814457e-16
0.5,2.5,0.4,0.025,0.17879392986445092,0.17874261255172363,5.131731272728368e-05,0.0012435018487246068,0.17879392986445078,1.3877787807814457e-16
0.5,2.5,0.4,1.25,1.0294273803954797,1.0294202964711137,7.0839243659914786e-06,0.008855692537609743,1.0294273803954854,5.773159728050814e-15
0.5,2.5,0.4,2.375,2.1513746404511807,2.1513695012605467,5.139190633940416e-06,0.012206751916076185,2.1513746404512837,1.0302869668521453e-13
0.5,2.5,0.4,2.5,2.243833897420943,2.246977857958502,0.003143960537558943,0.006256972073408308,2.2438338974209446,1.7763568394002505e-15
0.5,2.5,0.4,3.3,2.562363828424986,2.562363828424986,0.0,1.1718684774273332e-90,2.562363828424986,0.0
0.5,2.5,1.0,-2.0,0.09408864301654306,0.094088643016543,5.551115123125783e-17,1.6352250654105358e-91,0.09408864301654303,2.7755575615628914e-17
0.5,2.5,1.0,0.0,0.5313677602581932,0.5309279699041692,0.00043979035402397226,0.0008730977720702473,0.5313677602581932,0.0
0.5,2.5,1.0,0.025,0.5412969341158026,0.54096085469619,0.00033607941961255605,0.0030024870277008497,0.5412969341158025,1.1102230246251565e-16
0.5,2.5,1.0,1.25,1.1648444813516448,1.1648002050561077,4.427629553704904e-05,0.022138939575272056,1.1648444813516545,9.769962616701378e-15
0.5,2.5,1.0,2.375,1.81428219130608,1.814250098540155,3.2092765924973676e-05,0.03051671681948844,1.8142821913059808,9.9253938401489e-14
0.5,2.5,1.0,2.5,1.8782591657085268,1.8861096487376663,0.007850483029139488,0.015623778465010996,1.8782591657085186,8.215650382226158e-15
0.5,2.5,1.0,4.5,2.487795957036335,2.487795957036335,0.0,2.926177912678463e-90,2.4877959570363344,4.440892098500626e-16
0.5,2.5,2.0,-4.0,0.16558946817897585,0.1655894681789759,5.551115123125783e-17,4.625114930072022e-91,0.16558946817897585,0.0
0.5,2.5,2.0,0.0,0.8558006166290284,0.8545567016625063,0.0012439149665220972,0.002469493421078954,0.8558006166290281,3.3306690738754696e-16
0.5,2.5,2.0,0.025,0.8628683123873464,0.8616411002051116,0.0012272121822347604,0.005784546218847778,0.8628683123873473,8.881784197001252e-16
0.5,2.5,2.0,1.25,1.236878367821248,1.2367012373242463,0.00017713049700174288,0.044275793196023275,1.2368783678212394,8.659739592076221e-15
0.5,2.5,2.0,2.375,1.5938088192950017,1.5937098668403338,9.895245466795544e-05,0.060975737111563046,1.5938088192949726,2.90878432451791e-14
0.5,2.5,2.0,2.5,1.6319748014405189,1.6476442713669068,0.015669469926387958,0.031185184034142246,1.6319748014405244,5.551115123125783e-15
0.5,2.5,2.0,6.5,2.4271172282996814,2.427117228299681,4.440892098500626e-16,5.8406740039152145e-90,2.4271172282996805,8.881784197001252e-16
0.5,10.0,0.4,-0.8,0.02898868125566929,0.028988681255669283,6.938893903907228e-18,4.136828554956091e-92,0.028988681255669276,1.3877787807814457e-17
0.5,10.0,0.4,0.0,0.1715456940732252,0.1714344349362902,0.00011125913693499356,0.0002208782063808421,0.17154569407322506,1.3877787807814457e-16
0.5,10.0,0.4,0.1,0.20817923765042803,0.2081541622053342,2.507544509383619e-05,0.002503786287543746,0.20817923765042795,8.326672684688674e-17
0.5,10.0,0.4,5.0,7.512754992331521,7.512751450394583,3.5419369384115384e-06,0.017711426746753172,7.512754992331371,1.5010215292932116e-13
0.5,10.0,0.4,9.5,19.238084278343848,19.238081708753608,2.569590240142361e-06,0.024413519743117597,19.2380842783446,7.531752999057062e-13
0.5,10.0,0.4,10.0,20.226376850658024,20.232668532270026,0.006291681612001554,0.012521391455444907,20.226376850658042,1.7763568394002505e-14
0.5,10.0,0.4,10.8,20.92468472019685,20.92468472019685,0.0,2.3451317614987497e-90,20.924684720196847,3.552713678800501e-15
0.5,10.0,1.0,-2.0,0.11456746545688179,0.11456746545688175,4.163336342344337e-17,1.6352250654105358e-91,0.11456746545688175,4.163336342344337e-17
0.5,10.0,1.0,0.0,0.6779434681747655,0.677503677820742,0.0004397903540235282,0.0008730977720702473,0.6779434681747658,3.3306690738754696e-16
0.5,10.0,1.0,0.1,0.7332368885266983,0.7330790528609814,0.0001578356657169211,0.0062458908431956926,0.7332368885266983,0.0
0.5,10.0,1.0,5.0,7.815723428979489,7.815701291818422,2.2137161066915212e-05,0.04427853040512773,7.815723428979348,1.4033219031261979e-13
0.5,10.0,1.0,9.5,18.21086167548706,18.21084561553695,1.605995010933725e-05,0.061033785435788114,18.21086167548726,1.9895196601282805e-13
0.5,10.0,1.0,10.0,19.028724907165646,19.04444941193254,0.015724504766893688,0.03129417227754738,19.02872490716563,1.7763568394002505e-14
0.5,10.0,1.0,12.0,20.70246539241328,20.70246539241328,0.0,5.8610864151195815e-90,20.702465392413274,7.105427357601002e-15
0.5,10.0,2.0,-4.0,0.31780777537490495,0.31780777537490484,1.1102230246251565e-16,4.625114930072022e-91,0.3178077753749049,5.551115123125783e-17
0.5,10.0,2.0,0.0,1.8715505339703804,1.8703066190038586,0.0012439149665217641,0.002469493421078954,1.8715505339703808,4.440892098500626e-16
0.5,10.0,2.0,0.1,1.946190091769731,1.945539817478818,0.0006502742909129111,0.0123790549747508,1.9461900917697315,4.440892098500626e-16
0.5,10.0,2.0,5.0,8.495583877468315,8.495495328035004,8.854943331115805e-05,0.08855680035443653,8.495583877468139,1.758593271006248e-13
0.5,10.0,2.0,9.5,16.61367062157712,16.613606381618478,6.423995864324183e-05,0.12206747142644349,16.61367062157571,1.4104273304837989e-12
0.5,10.0,2.0,10.0,17.309802904554655,17.341236237355044,0.031433332800389735,0.06255729867259383,17.30980290455469,3.552713678800501e-14
0.5,10.0,2.0,14.0,20.375220200461747,20.375220200461744,3.552713678800501e-15,1.171635824602336e-89,20.37522020046174,7.105427357601002e-15
2.0,2.5,0.4,-0.8,0.016145495073751737,0.016145495073751733,3.469446951953614e-18,2.32680776173743e-95,0.016145495073751733,3.469446951953614e-18
2.0,2.5,0.4,0.0,0.10878532253857573,0.1087852594984158,6.304015992553147e-08,1.242355389347385e-07,0.10878532253857574,1.3877787807814457e-17
2.0,2.5,0.4,0.025,0.11511489784170607,0.11511410572306684,7.921186392367829e-07,5.198740826990766e-06,0.11511489784170606,1.3877787807814457e-17
2.0,2.5,0.4,1.25,1.1667467811109973,1.16670718107101,3.960003998737527e-05,0.012376486094840312,1.1667467811109982,8.881784197001252e-16
2.0,2.5,0.4,2.375,3.753623732099396,3.7535484920234135,7.524007598247451e-05,0.044678466292859556,3.7536237320990717,3.241851231905457e-13
2.0,2.5,0.4,2.5,4.018288584506504,4.03068655063105,0.012397966124546578,0.02467417579911113,4.018288584506508,4.440892098500626e-15
2.0,2.5,0.4,3.3,4.978815744139401,4.9788157441394,8.881784197001252e-16,4.621227086559163e-90,4.978815744139401,0.0
2.0,2.5,1.0,-2.0,0.11963833440859808,0.11963833440859807,1.3877787807814457e-17,3.635637127714735e-94,0.11963833440859806,2.7755575615628914e-17
2.0,2.5,1.0,0.0,0.7452030512729851,0.7452020662704861,9.850024990099016e-07,1.941180295855289e-06,0.745203051272985,1.1102230246251565e-16
2.0,2.5,1.0,0.025,0.7607181684590402,0.760713138625622,5.029833418213059e-06,1.610319059617195e-05,0.7607181684590404,2.220446049250313e-16
2.0,2.5,1.0,1.25,1.847619985057762,1.8473724848078357,0.00024750024992625796,0.030944476419997542,1.8476199850577646,2.6645352591003757e-15
2.0,2.5,1.0,2.375,3.202889797306216,3.2024196563081526,0.00047014099806341747,0.11169922178431453,3.202889797306112,1.0391687510491465e-13
2.0,2.5,1.0,2.5,3.347938385110497,3.3787856276740085,0.030847242563511568,0.061392981274404276,3.3479383851104885,8.43769498715119e-15
2.0,2.5,1.0,4.5,4.8260174708203145,4.826017470820314,8.881784197001252e-16,1.1498293207431102e-89,4.826017470820314,8.881784197001252e-16
2.0,2.5,2.0,-4.0,0.26909833904218566,0.2690983390421858,1.1102230246251565e-16,2.908509702171788e-93,0.26909833904218566,0.0
2.0,2.5,2.0,0.0,1.4783979137312158,1.4783900337112246,7.880019991191034e-06,1.552944236684231e-05,1.4783979137312158,0.0
2.0,2.5,2.0,0.025,1.4914985818171491,1.4914765384530477,2.2043364101387297e-05,5.1417369842574046e-05,1.4914985818171504,1.3322676295501878e-15
2.0,2.5,2.0,1.25,2.204997771119641,2.2040077701199374,0.0009900009997036996,0.06191224700354563,2.204997771119628,1.3322676295501878e-14
2.0,2.5,2.0,2.375,2.9222672022879563,2.920504347723033,0.0017628545649235328,0.2231941220033854,2.922267202288005,4.884981308350689e-14
2.0,2.5,2.0,2.5,3.0010224529843432,3.06222784762651,0.06120539464216668,0.12181731358117674,3.0010224529843352,7.993605777301127e-15
2.0,2.5,2.0,6.5,4.7292736572119125,4.7292736572119125,0.0,2.2815168122189234e-89,4.7292736572119125,0.0
2.0,10.0,0.4,-0.8,0.01704098927992702,0.01704098927992702,0.0,2.32680776173743e-95,0.017040989279927015,3.469446951953614e-18
2.0,10.0,0.4,0.0,0.11539746210158422,0.1153973990614243,6.304015992553147e-08,1.242355389347385e-07,0.11539746210158422,0.0
2.0,10.0,0.4,0.1,0.1446608653092144,0.14465769730601533,3.168003199077729e-06,7.945639186994745e-05,0.14466086530921435,5.551115123125783e-17
2.0,10.0,0.4,5.0,44.29840018249566,44.29824178233576,0.00015840015990420397,0.19802005045127588,44.29840018249096,4.703792910731863e-12
2.0,10.0,0.4,9.5,279.8212759499025,279.82097498959877,0.00030096030371851157,0.7148517336195928,279.82127594990783,5.343281372915953e-12
2.0,10.0,0.4,10.0,308.1239431551911,308.3227848680613,0.19884171287020536,0.39572603346012475,308.12394315519094,1.7053025658242404e-13
2.0,10.0,0.4,10.8,328.6584118533395,328.65841185333943,5.684341886080802e-14,7.411554005171712e-89,328.6584118533395,0.0
2.0,10.0,1.0,-2.0,0.2655158669499482,0.26551586694994816,5.551115123125783e-17,3.635637127714735e-94,0.26551586694994816,5.551115123125783e-17
2.0,10.0,1.0,0.0,1.7975466771837716,1.797545692181273,9.850024986768346e-07,1.941180295855289e-06,1.797546677183772,4.440892098500626e-16
2.0,10.0,1.0,0.1,1.9685578107591652,1.9685380106967187,1.9800062446506672e-05,0.00020190208282908547,1.9685578107591657,4.440892098500626e-16
2.0,10.0,1.0,5.0,57.309939868686676,57.30894986768691,0.0009900009997636516,0.4950533873110868,57.309939868686506,1.7053025658242404e-13
2.0,10.0,1.0,9.5,257.8391511321492,257.8372701302499,0.0018810018992780897,1.787132595231879,257.83915113212345,2.575006874394603e-11
2.0,10.0,1.0,10.0,278.6649613904259,279.16147249940366,0.4965111089777565,0.9881403589824721,278.6649613904259,0.0
2.0,10.0,1.0,12.0,322.9945287529685,322.9945287529685,0.0,1.850688359129036e-88,322.9945287529685,0.0
2.0,10.0,2.0,-4.0,1.8603079971683805,1.86030799716838,4.440892098500626e-16,2.908509702171788e-93,1.8603079971683805,0.0
2.0,10.0,2.0,0.0,12.435766137001949,12.435758256981961,7.88001998763832e-06,1.552944236684231e-05,12.435766137001954,5.329070518200751e-15
2.0,10.0,2.0,0.1,13.006092459445497,13.00601320761677,7.925182872803305e-05,0.00042699895531971726,13.006092459445503,5.329070518200751e-15
2.0,10.0,2.0,5.0,85.24934094220862,85.24538093820992,0.003960003998699335,0.9901300687857233,85.2493409422093,6.821210263296962e-13
2.0,10.0,2.0,9.5,231.163427378854,231.1559033712682,0.007524007585800518,3.574288484605806,231.16342737883738,1.6626700016786344e-11
2.0,10.0,2.0,10.0,246.184293590246,247.1753417162172,0.9910481259711901,1.9723711808490916,246.18429359024606,5.684341886080802e-14
2.0,10.0,2.0,14.0,316.3131946805629,316.3131946805629,0.0,3.6940545450828545e-88,316.3131946805629,0.0
