c,mu,normalized_complete
-1.5,-8.0,0.00033530354449410937
-1.5,-7.9,0.0003705492439378304
-1.5,-7.8,0.0004094976760005973
-1.5,-7.7,0.0004525373556629451
-1.5,-7.6,0.0005000974583064455
-1.5,-7.5,0.000552652051795698
-1.5,-7.4,0.0006107247638947539
-1.5,-7.3,0.0006748939286528497
-1.5,-7.2,0.0007457982595112443
-1.5,-7.1,0.0008241431013295968
-1.5,-7.0,0.0009107073183189769
-1.5,-6.9,0.0010063508800080083
-1.5,-6.8,0.001112023212862688
-1.5,-6.7,0.0012287723910263345
-1.5,-6.6,0.0013577552458323718
-1.5,-6.5,0.0015002484802462796
-1.5,-6.4,0.0016576608811763166
-1.5,-6.3,0.001831546729599069
-1.5,-6.2,0.002023620515595285
-1.5,-6.1,0.0022357730725739177
-1.5,-6.0,0.0024700892520308827
-1.5,-5.9,0.002728867266951163
-1.5,-5.8,0.0030146398381695914
-1.5,-5.699999999999999,0.003330197283339388
-1.5,-5.6,0.0036786126922169426
-1.5,-5.5,0.004063269334254324
-1.5,-5.4,0.004487890444373156
-1.5,-5.3,0.004956571529506363
-1.5,-5.199999999999999,0.005473815331095111
-1.5,-5.1,0.006044569566072137
-1.5,-5.0,0.006674267549565421
-1.5,-4.9,0.007368871774956563
-1.5,-4.8,0.008134920489048264
-1.5,-4.699999999999999,0.008979577249593654
-1.5,-4.6,0.009910683386572673
-1.5,-4.5,0.010936813204176927
-1.5,-4.4,0.012067331653814123
-1.5,-4.3,0.01331245407539794
-1.5,-4.199999999999999,0.01468330744007607
-1.5,-4.1,0.016191992327228552
-1.5,-4.0,0.017851644626506468
-1.5,-3.8999999999999995,0.019676495666091354
-1.5,-3.8,0.021681929125435685
-1.5,-3.7,0.023884532689011858
-1.5,-3.5999999999999996,0.026302141932399246
-1.5,-3.5,0.028953873400236817
-1.5,-3.3999999999999995,0.03186014323646205
-1.5,-3.3,0.035042667063789716
-1.5,-3.1999999999999993,0.03852443608966839
-1.5,-3.0999999999999996,0.042329663655129954
-1.5,-3.0,0.04648369566542544
-1.5,-2.8999999999999995,0.05101287758330203
-1.5,-2.8,0.055944369977947266
-1.5,-2.6999999999999993,0.06130590407301704
-1.5,-2.5999999999999996,0.06712546841353513
-1.5,-2.5,0.07343091778301371
-1.5,-2.3999999999999995,0.08024949597977234
-1.5,-2.3,0.08760726515565934
-1.5,-2.1999999999999993,0.09552843629594684
-1.5,-2.0999999999999996,0.10403459824512257
-1.5,-2.0,0.11314384661737205
-1.5,-1.8999999999999995,0.12286981909688259
-1.5,-1.7999999999999998,0.13322065009314613
-1.5,-1.6999999999999993,0.14419786543341526
-1.5,-1.5999999999999996,0.15579524657393548
-1.5,-1.5,0.16799770334221625
-1.5,-1.3999999999999995,0.18078020392385905
-1.5,-1.2999999999999998,0.1941068198932146
-1.5,-1.1999999999999993,0.20792995155583646
-1.5,-1.0999999999999996,0.2221898035529041
-1.5,-1.0,0.23681418132956078
-1.5,-0.8999999999999995,0.25171867451386887
-1.5,-0.7999999999999998,0.26680728256592684
-1.5,-0.6999999999999993,0.28197352077247895
-1.5,-0.5999999999999996,0.29710202097679234
-1.5,-0.5,0.312070612355595
-1.5,-0.39999999999999947,0.32675283496491736
-1.5,-0.2999999999999998,0.3410208053522307
-1.5,-0.1999999999999993,0.35474832251983524
-1.5,-0.09999999999999964,0.3678140773675292
-1.5,0.0,0.38010481260968404
-1.5,0.09999999999999964,0.39151827545025336
-1.5,0.20000000000000107,0.4019658132095671
-1.5,0.3000000000000007,0.4113744823694764
-1.5,0.40000000000000036,0.41968857238336227
-1.5,0.5,0.42687048404585254
-1.5,0.5999999999999996,0.43290094433757825
-1.5,0.7000000000000011,0.4377785812592
-1.5,0.8000000000000007,0.44151891934120113
-1.5,0.9000000000000004,0.44415288614882725
-1.5,1.0,0.44572494021210074
-1.5,1.0999999999999996,0.44629094067510416
-1.5,1.200000000000001,0.4459158790370323
-1.5,1.3000000000000007,0.4446715850589869
-1.5,1.4000000000000004,0.4426345042630565
-1.5,1.5,0.4398836257470874
-1.5,1.6000000000000014,0.43649861852145716
-1.5,1.700000000000001,0.4325582141933802
-1.5,1.8000000000000007,0.42813885509244604
-1.5,1.9000000000000004,0.42331361086780844
-1.5,2.0,0.41815135373795354
-1.5,2.1000000000000014,0.4127161730784208
-1.5,2.200000000000001,0.40706700372209925
-1.5,2.3000000000000007,0.40125743884439885
-1.5,2.4000000000000004,0.3953356971217127
-1.5,2.5,0.38934471445911567
-1.5,2.6000000000000014,0.3833223324744424
-1.5,2.700000000000001,0.37730155864858245
-1.5,2.8000000000000007,0.3713108762287673
-1.5,2.9000000000000004,0.3653745853064785
-1.5,3.0,0.35951315976583564
-1.5,3.1000000000000014,0.35374360786243997
-1.5,3.200000000000001,0.34807982695461653
-1.5,3.3000000000000007,0.34253294532205586
-1.5,3.4000000000000004,0.33711164605794397
-1.5,3.5,0.3318224697202923
-1.5,3.6000000000000014,0.3266700938020968
-1.5,3.700000000000001,0.3216575881626191
-1.5,3.8000000000000007,0.31678664639178467
-1.5,3.9000000000000004,0.31205779369514425
-1.5,4.0,0.3074705723248822
-1.5,4.100000000000001,0.303023705876609
-1.5,4.200000000000001,0.29871524395184335
-1.5,4.300000000000001,0.2945426887777314
-1.5,4.4,0.29050310540017316
-1.5,4.5,0.2865932170418571
-1.5,4.600000000000001,0.2828094871570995
-1.5,4.700000000000001,0.2791481896322587
-1.5,4.800000000000001,0.275605468482739
-1.5,4.9,0.272177388292039
-1.5,5.0,0.2688599765300174
-1.5,5.100000000000001,0.2656492587802683
-1.5,5.200000000000001,0.2625412878028233
-1.5,5.300000000000001,0.2595321672600852
-1.5,5.4,0.2566180708420372
-1.5,5.5,0.25379525744195647
-1.5,5.600000000000001,0.2510600829563085
-1.5,5.700000000000001,0.24840900921217
-1.5,5.800000000000001,0.24583861046218464
-1.5,5.9,0.2433455778303517
-1.5,6.0,0.24092672204143897
-1.5,6.100000000000001,0.23857897472203562
-1.5,6.200000000000001,0.23629938852172225
-1.5,6.300000000000001,0.23408513626804928
-1.5,6.4,0.23193350933851398
-1.5,6.5,0.22984191540605875
-1.5,6.600000000000001,0.22780787569136826
-1.5,6.700000000000001,0.22582902183503037
-1.5,6.800000000000001,0.22390309248509754
-1.5,6.9,0.22202792968042062
-1.5,7.0,0.22020147509703808
-1.5,7.100000000000001,0.21842176621363496
-1.5,7.200000000000001,0.2166869324424053
-1.5,7.300000000000001,0.21499519126335837
-1.5,7.4,0.21334484439302015
-1.5,7.5,0.2117342740124404
-1.5,7.600000000000001,0.21016193907428032
-1.5,7.700000000000001,0.2086263717044063
-1.5,7.800000000000001,0.20712617370974248
-1.5,7.9,0.20566001320104588
-1.5,8.0,0.20422662133668096
-1.5,8.100000000000001,0.20282478919131544
-1.5,8.2,0.20145336475167286
-1.5,8.3,0.20011125004000713
-1.5,8.400000000000002,0.19879739836476515
-1.5,8.5,0.19751081169693208
-1.5,8.600000000000001,0.19625053816977792
-1.5,8.7,0.19501566969911582
-1.5,8.8,0.19380533972070893
-1.5,8.900000000000002,0.19261872104111125
-1.5,9.0,0.19145502379797205
-1.5,9.100000000000001,0.19031349352565996
-1.5,9.2,0.18919340932195938
-1.5,9.3,0.18809408211154127
-1.5,9.400000000000002,0.18701485300191
-1.5,9.5,0.1859550917275608
-1.5,9.600000000000001,0.18491419517814833
-1.5,9.7,0.18389158600655595
-1.5,9.8,0.1828867113128609
-1.5,9.900000000000002,0.18189904140031432
-1.5,10.0,0.18092806859958435
-1.5,10.100000000000001,0.17997330615765184
-1.5,10.2,0.17903428718789074
-1.5,10.3,0.1781105636780116
-1.5,10.400000000000002,0.1772017055526946
-1.5,10.5,0.17630729978788467
-1.5,10.600000000000001,0.17542694957386504
-1.5,10.7,0.1745602735243699
-1.5,10.8,0.17370690492913318
-1.5,10.900000000000002,0.17286649104740645
-1.5,11.0,0.17203869244010886
-1.5,11.100000000000001,0.17122318233839723
-1.5,11.200000000000003,0.17041964604656584
-1.5,11.3,0.1696277803773003
-1.5,11.400000000000002,0.1688472931174202
-1.5,11.5,0.16807790252235244
-1.5,11.600000000000001,0.1673193368376747
-1.5,11.700000000000003,0.1665713338461667
-1.5,11.8,0.16583364043889579
-1.5,11.900000000000002,0.16510601220894933
-1.5,12.0,0.16438821306650964
-1.0,-8.0,0.0003353501304664781
-1.0,-7.9,0.00037060614062639664
-1.0,-7.8,0.0004095671649860503
-1.0,-7.7,0.00045262222324053507
-1.0,-7.6,0.0005002011070795641
-1.0,-7.5,0.0005527786369235996
-1.0,-7.4,0.0006108793594344012
-1.0,-7.3,0.000675082730632838
-1.0,-7.2,0.0007460288338366971
-1.0,-7.1,0.0008244246863982951
-1.0,-7.0,0.0009110511944006454
-1.0,-6.9,0.0010067708200856371
-1.0,-6.8,0.0011125360328603214
-1.0,-6.7,0.0012293986212774204
-1.0,-6.6,0.0013585199504289587
-1.0,-6.5,0.0015011822567369915
-1.0,-6.4,0.001658801080174422
-1.0,-6.3,0.001832938942492805
-1.0,-6.2,0.0020253203890498823
-1.0,-6.1,0.0022378485212763326
-1.0,-6.0,0.0024726231566347743
-1.0,-5.9,0.00273196076301106
-1.0,-5.8,0.003018416324708424
-1.0,-5.699999999999999,0.003334807307413348
-1.0,-5.6,0.0036842398994359877
-1.0,-5.5,0.004070137715896128
-1.0,-5.4,0.00449627316094118
-1.0,-5.3,0.00496680165005696
-1.0,-5.199999999999999,0.0054862988994504105
-1.0,-5.1,0.006059801491584114
-1.0,-5.0,0.0066928509242848554
-1.0,-4.9,0.007391541344281973
-1.0,-4.8,0.008162571153159895
-1.0,-4.699999999999999,0.009013298652847834
-1.0,-4.6,0.009951801866904322
-1.0,-4.5,0.01098694263059318
-1.0,-4.4,0.012128434984274239
-1.0,-4.3,0.013386917827664777
-1.0,-4.199999999999999,0.014774031693273073
-1.0,-4.1,0.01630249937144094
-1.0,-4.0,0.01798620996209156
-1.0,-3.8999999999999995,0.019840305734077517
-1.0,-3.8,0.021881270936130473
-1.0,-3.7,0.0241270214176692
-1.0,-3.5999999999999996,0.026596993576865867
-1.0,-3.5,0.02931223075135632
-1.0,-3.3999999999999995,0.03229546469845052
-1.0,-3.3,0.035571189272636174
-1.0,-3.1999999999999993,0.039165722796764384
-1.0,-3.0999999999999996,0.04310725494108614
-1.0,-3.0,0.04742587317756678
-1.0,-2.8999999999999995,0.05215356307841776
-1.0,-2.8,0.05732417589886875
-1.0,-2.6999999999999993,0.06297335605699653
-1.0,-2.5999999999999996,0.06913842034334684
-1.0,-2.5,0.07585818002124355
-1.0,-2.3999999999999995,0.08317269649392241
-1.0,-2.3,0.09112296101485613
-1.0,-2.1999999999999993,0.0997504891196852
-1.0,-2.0999999999999996,0.10909682119561298
-1.0,-2.0,0.11920292202211756
-1.0,-1.8999999999999995,0.1301084743629979
-1.0,-1.7999999999999998,0.14185106490048782
-1.0,-1.6999999999999993,0.1544652650835348
-1.0,-1.5999999999999996,0.16798161486607557
-1.0,-1.5,0.18242552380635635
-1.0,-1.3999999999999995,0.19781611144141834
-1.0,-1.2999999999999998,0.21416501695744142
-1.0,-1.1999999999999993,0.2314752165009825
-1.0,-1.0999999999999996,0.24973989440488248
-1.0,-1.0,0.2689414213699951
-1.0,-0.8999999999999995,0.28905049737499616
-1.0,-0.7999999999999998,0.3100255188723876
-1.0,-0.6999999999999993,0.33181222783183406
-1.0,-0.5999999999999996,0.35434369377420466
-1.0,-0.5,0.37754066879814546
-1.0,-0.39999999999999947,0.4013123398875481
-1.0,-0.2999999999999998,0.4255574831883411
-1.0,-0.1999999999999993,0.45016600268752227
-1.0,-0.09999999999999964,0.4750208125210601
-1.0,0.0,0.5
-1.0,0.09999999999999964,0.5249791874789399
-1.0,0.20000000000000107,0.5498339973124782
-1.0,0.3000000000000007,0.5744425168116591
-1.0,0.40000000000000036,0.5986876601124521
-1.0,0.5,0.6224593312018546
-1.0,0.5999999999999996,0.6456563062257954
-1.0,0.7000000000000011,0.6681877721681664
-1.0,0.8000000000000007,0.6899744811276126
-1.0,0.9000000000000004,0.710949502625004
-1.0,1.0,0.7310585786300049
-1.0,1.0999999999999996,0.7502601055951176
-1.0,1.200000000000001,0.7685247834990179
-1.0,1.3000000000000007,0.7858349830425587
-1.0,1.4000000000000004,0.8021838885585818
-1.0,1.5,0.8175744761936437
-1.0,1.6000000000000014,0.8320183851339247
-1.0,1.700000000000001,0.8455347349164655
-1.0,1.8000000000000007,0.8581489350995123
-1.0,1.9000000000000004,0.8698915256370022
-1.0,2.0,0.8807970779778824
-1.0,2.1000000000000014,0.8909031788043872
-1.0,2.200000000000001,0.9002495108803149
-1.0,2.3000000000000007,0.9088770389851439
-1.0,2.4000000000000004,0.9168273035060777
-1.0,2.5,0.9241418199787564
-1.0,2.6000000000000014,0.9308615796566533
-1.0,2.700000000000001,0.9370266439430036
-1.0,2.8000000000000007,0.9426758241011313
-1.0,2.9000000000000004,0.9478464369215823
-1.0,3.0,0.9525741268224333
-1.0,3.1000000000000014,0.956892745058914
-1.0,3.200000000000001,0.9608342772032357
-1.0,3.3000000000000007,0.9644288107273639
-1.0,3.4000000000000004,0.9677045353015495
-1.0,3.5,0.9706877692486436
-1.0,3.6000000000000014,0.9734030064231342
-1.0,3.700000000000001,0.9758729785823308
-1.0,3.8000000000000007,0.9781187290638695
-1.0,3.9000000000000004,0.9801596942659225
-1.0,4.0,0.9820137900379085
-1.0,4.100000000000001,0.9836975006285591
-1.0,4.200000000000001,0.9852259683067269
-1.0,4.300000000000001,0.9866130821723352
-1.0,4.4,0.9878715650157257
-1.0,4.5,0.9890130573694068
-1.0,4.600000000000001,0.9900481981330956
-1.0,4.700000000000001,0.9909867013471522
-1.0,4.800000000000001,0.9918374288468401
-1.0,4.9,0.992608458655718
-1.0,5.0,0.9933071490757152
-1.0,5.100000000000001,0.9939401985084159
-1.0,5.200000000000001,0.9945137011005496
-1.0,5.300000000000001,0.9950331983499431
-1.0,5.4,0.9955037268390589
-1.0,5.5,0.9959298622841039
-1.0,5.600000000000001,0.996315760100564
-1.0,5.700000000000001,0.9966651926925867
-1.0,5.800000000000001,0.9969815836752915
-1.0,5.9,0.9972680392369889
-1.0,6.0,0.9975273768433652
-1.0,6.100000000000001,0.9977621514787237
-1.0,6.200000000000001,0.9979746796109501
-1.0,6.300000000000001,0.9981670610575072
-1.0,6.4,0.9983411989198255
-1.0,6.5,0.998498817743263
-1.0,6.600000000000001,0.9986414800495711
-1.0,6.700000000000001,0.9987706013787225
-1.0,6.800000000000001,0.9988874639671397
-1.0,6.9,0.9989932291799144
-1.0,7.0,0.9990889488055994
-1.0,7.100000000000001,0.9991755753136017
-1.0,7.200000000000001,0.9992539711661633
-1.0,7.300000000000001,0.9993249172693671
-1.0,7.4,0.9993891206405656
-1.0,7.5,0.9994472213630764
-1.0,7.600000000000001,0.9994997988929204
-1.0,7.700000000000001,0.9995473777767595
-1.0,7.800000000000001,0.9995904328350139
-1.0,7.9,0.9996293938593735
-1.0,8.0,0.9996646498695335
-1.0,8.100000000000001,0.9996965529699711
-1.0,8.2,0.9997254218438987
-1.0,8.3,0.9997515449181607
-1.0,8.400000000000002,0.9997751832297667
-1.0,8.5,0.9997965730219448
-1.0,8.600000000000001,0.9998159280950366
-1.0,8.7,0.9998334419352226
-1.0,8.8,0.9998492896419402
-1.0,8.900000000000002,0.9998636296729205
-1.0,9.0,0.9998766054240138
-1.0,9.100000000000001,0.9998883466593704
-1.0,9.2,0.9998989708060922
-1.0,9.3,0.9999085841261478
-1.0,9.400000000000002,0.9999172827771483
-1.0,9.5,0.9999251537724894
-1.0,9.600000000000001,0.9999322758503802
-1.0,9.7,0.9999387202603834
-1.0,9.8,0.9999445514752772
-1.0,9.900000000000002,0.9999498278353163
-1.0,10.0,0.9999546021312976
-1.0,10.100000000000001,0.9999589221322353
-1.0,10.2,0.9999628310628971
-1.0,10.3,0.9999663680359613
-1.0,10.400000000000002,0.9999695684430995
-1.0,10.5,0.9999724643088854
-1.0,10.600000000000001,0.9999750846110605
-1.0,10.7,0.9999774555703496
-1.0,10.8,0.9999796009127201
-1.0,10.900000000000002,0.9999815421067043
-1.0,11.0,0.9999832985781519
-1.0,11.100000000000001,0.999984887904559
-1.0,11.200000000000003,0.9999863259909154
-1.0,11.3,0.9999876272288256
-1.0,11.400000000000002,0.9999888046404949
-1.0,11.5,0.9999898700090192
-1.0,11.600000000000001,0.9999908339962802
-1.0,11.700000000000003,0.9999917062496261
-1.0,11.8,0.9999924954984029
-1.0,11.900000000000002,0.9999932096413019
-1.0,12.0,0.9999938558253978
-0.5,-8.0,0.00033538307530676513
-0.5,-7.9,0.0003706463774973089
-0.5,-7.8,0.00040961630764705417
-0.5,-7.7,0.000452682242491435
-0.5,-7.6,0.0005002744097226517
-0.5,-7.5,0.0005528681621776332
-0.5,-7.4,0.0006109886966536055
-0.5,-7.3,0.0006752162630334848
-0.5,-7.2,0.0007461919139699531
-0.5,-7.1,0.0008246238503717851
-0.5,-7.0,0.0009112944233923789
-0.5,-6.9,0.0010070678595731743
-0.5,-6.8,0.0011128987822790373
-0.5,-6.7,0.0012298416096141443
-0.5,-6.6,0.0013590609166600931
-0.5,-6.5,0.001501842858165907
-0.5,-6.4,0.0016596077567722718
-0.5,-6.3,0.0018339239714950577
-0.5,-6.2,0.0020265231715444728
-0.5,-6.1,0.0022393171516251363
-0.5,-6.0,0.0024744163366452565
-0.5,-5.9,0.0027341501362393534
-0.5,-5.8,0.003021089322635993
-0.5,-5.699999999999999,0.00333807061910904
-0.5,-5.6,0.0036882237004313267
-0.5,-5.5,0.004075000821251923
-0.5,-5.4,0.00450220930293424
-0.5,-5.3,0.00497404712384549
-0.5,-5.199999999999999,0.005495141872015223
-0.5,-5.1,0.006070593332015849
-0.5,-5.0,0.006706019989268209
-0.5,-4.9,0.007407609743995322
-0.5,-4.8,0.008182175132812055
-0.5,-4.699999999999999,0.00903721335730453
-0.5,-4.6,0.009980971414525652
-0.5,-4.5,0.011022516612419883
-0.5,-4.4,0.01217181273175533
-0.5,-4.3,0.01343980206275935
-0.5,-4.199999999999999,0.014838493496453968
-0.5,-4.1,0.01638105678431106
-0.5,-4.0,0.018081922991399386
-0.5,-3.8999999999999995,0.01995689105321275
-0.5,-3.8,0.022023240199809595
-0.5,-3.7,0.024299847827144443
-0.5,-3.5999999999999996,0.02680731216840914
-0.5,-3.5,0.0295680788413078
-0.5,-3.3999999999999995,0.032606570013741655
-0.5,-3.3,0.03594931453376014
-0.5,-3.1999999999999993,0.039625076903763115
-0.5,-3.0999999999999996,0.04366498243887708
-0.5,-3.0,0.04810263533220408
-0.5,-2.8999999999999995,0.05297422565527804
-0.5,-2.8,0.05831862055491855
-0.5,-2.6999999999999993,0.06417743407800884
-0.5,-2.5999999999999996,0.07059506918157826
-0.5,-2.5,0.07761872459482337
-0.5,-2.3999999999999995,0.0852983583322309
-0.5,-2.3,0.093686598866768
-0.5,-2.1999999999999993,0.10283859432898526
-0.5,-2.0999999999999996,0.11281178968844059
-0.5,-2.0,0.12366562180120995
-0.5,-1.8999999999999995,0.13546112258879545
-0.5,-1.7999999999999998,0.14826042157645355
-0.5,-1.6999999999999993,0.1621261406913438
-0.5,-1.5999999999999996,0.1771206767212278
-0.5,-1.5,0.19330537025505337
-0.5,-1.3999999999999995,0.210739564314547
-0.5,-1.2999999999999998,0.22947956122057805
-0.5,-1.1999999999999993,0.24957749240956834
-0.5,-1.0999999999999996,0.27108012270450504
-0.5,-1.0,0.29402761761145124
-0.5,-0.8999999999999995,0.3184523090926583
-0.5,-0.7999999999999998,0.34437750139160245
-0.5,-0.6999999999999993,0.3718163632123218
-0.5,-0.5999999999999996,0.40077095522914286
-0.5,-0.5,0.43123144192639706
-0.5,-0.39999999999999947,0.463175533688603
-0.5,-0.2999999999999998,0.4965681986566097
-0.5,-0.1999999999999993,0.5313616742098328
-0.5,-0.09999999999999964,0.5674957954425449
-0.5,0.0,0.6048986434216304
-0.5,0.09999999999999964,0.6434875003748549
-0.5,0.20000000000000107,0.683170083476143
-0.5,0.3000000000000007,0.723846014829464
-0.5,0.40000000000000036,0.7654084737661658
-0.5,0.5,0.8077459695799047
-0.5,0.5999999999999996,0.8507441688957167
-0.5,0.7000000000000011,0.8942877121627352
-0.5,0.8000000000000007,0.938261958021479
-0.5,0.9000000000000004,0.98255460191993
-0.5,1.0,1.0270571254743508
-0.5,1.0999999999999996,1.0716660446921678
-0.5,1.200000000000001,1.116283937284458
-0.5,1.3000000000000007,1.160820240979925
-0.5,1.4000000000000004,1.2051918252707978
-0.5,1.5,1.2493233478527122
-0.5,1.6000000000000014,1.2931474138735586
-0.5,1.700000000000001,1.3366045608996708
-0.5,1.8000000000000007,1.379643095334967
-0.5,1.9000000000000004,1.4222188071096333
-0.5,2.0,1.464294589087629
-0.5,2.1000000000000014,1.5058399861579428
-0.5,2.200000000000001,1.5468306967023215
-0.5,2.3000000000000007,1.587248046373086
-0.5,2.4000000000000004,1.6270784511255225
-0.5,2.5,1.6663128834358314
-0.5,2.6000000000000014,1.7049463527510529
-0.5,2.700000000000001,1.742977408566997
-0.5,2.8000000000000007,1.780407672177625
-0.5,2.9000000000000004,1.8172414011144333
-0.5,3.0,1.8534850886015177
-0.5,3.1000000000000014,1.8891470989769787
-0.5,3.200000000000001,1.924237338948207
-0.5,3.3000000000000007,1.958766963724447
-0.5,3.4000000000000004,1.9927481164690728
-0.5,3.5,2.02619369910046
-0.5,3.6000000000000014,2.0591171722101773
-0.5,3.700000000000001,2.0915323817295772
-0.5,3.8000000000000007,2.123453409933551
-0.5,3.9000000000000004,2.1548944483997783
-0.5,4.0,2.1858696906238118
-0.5,4.100000000000001,2.21639324210865
-0.5,4.200000000000001,2.2464790458892723
-0.5,4.300000000000001,2.2761408216078363
-0.5,4.4,2.3053920164160826
-0.5,4.5,2.3342457661422444
-0.5,4.600000000000001,2.36271486531615
-0.5,4.700000000000001,2.390811744795407
-0.5,4.800000000000001,2.4185484558756314
-0.5,4.9,2.44593665989755
-0.5,5.0,2.472987622482944
-0.5,5.100000000000001,2.4997122116397295
-0.5,5.200000000000001,2.526120899074243
-0.5,5.300000000000001,2.552223764136455
-0.5,5.4,2.5780304999019674
-0.5,5.5,2.603550420963968
-0.5,5.600000000000001,2.6287924725694856
-0.5,5.700000000000001,2.653765240788093
-0.5,5.800000000000001,2.678476963448308
-0.5,5.9,2.7029355416180567
-0.5,6.0,2.727148551441318
-0.5,6.100000000000001,2.7511232561740644
-0.5,6.200000000000001,2.774866618289394
-0.5,6.300000000000001,2.7983853115448256
-0.5,6.4,2.8216857329245264
-0.5,6.5,2.844774014386217
-0.5,6.600000000000001,2.867656034356938
-0.5,6.700000000000001,2.8903374289341786
-0.5,6.800000000000001,2.912823602759261
-0.5,6.9,2.9351197395386546
-0.5,7.0,2.9572308121962694
-0.5,7.100000000000001,2.979161592645914
-0.5,7.200000000000001,3.0009166611782208
-0.5,7.300000000000001,3.0225004154605464
-0.5,7.4,3.0439170791517878
-0.5,7.5,3.065170710136853
-0.5,7.600000000000001,3.086265208387734
-0.5,7.700000000000001,3.1072043234599107
-0.5,7.800000000000001,3.1279916616341343
-0.5,7.9,3.148630692714688
-0.5,8.0,3.169124756495931
-0.5,8.100000000000001,3.189477068909439
-0.5,8.2,3.209690727864362
-0.5,8.3,3.229768718793738
-0.5,8.400000000000002,3.249713919919525
-0.5,8.5,3.269529107248996
-0.5,8.600000000000001,3.2892169593149685
-0.5,8.7,3.3087800616720493
-0.5,8.8,3.3282209111608023
-0.5,8.900000000000002,3.3475419199513534
-0.5,9.0,3.3667454193775903
-0.5,9.100000000000001,3.3858336635726953
-0.5,9.2,3.404808832916325
-0.5,9.3,3.4236730373033386
-0.5,9.400000000000002,3.44242831924353
-0.5,9.5,3.4610766568014015
-0.5,9.600000000000001,3.4796199663845906
-0.5,9.7,3.4980601053891376
-0.5,9.8,3.5163988747093926
-0.5,9.900000000000002,3.5346380211199486
-0.5,10.0,3.5527792395366173
-0.5,10.100000000000001,3.5708241751630925
-0.5,10.2,3.588774425529589
-0.5,10.3,3.60663154242941
-0.5,10.400000000000002,3.624397033759071
-0.5,10.5,3.6420723652672895
-0.5,10.600000000000001,3.659658962217876
-0.5,10.7,3.6771582109712453
-0.5,10.8,3.694571460489042
-0.5,10.900000000000002,3.711900023766081
-0.5,11.0,3.7291451791935972
-0.5,11.100000000000001,3.7463081718575455
-0.5,11.200000000000003,3.76339021477549
-0.5,11.3,3.780392490075421
-0.5,11.400000000000002,3.797316150119635
-0.5,11.5,3.8141623185766353
-0.5,11.600000000000001,3.8309320914438576
-0.5,11.700000000000003,3.8476265380238255
-0.5,11.8,3.8642467018562328
-0.5,11.900000000000002,3.880793601608277
-0.5,12.0,3.8972682319254393
0.0,-8.0,0.00033540637289576885
0.0,-7.9,0.00037067483205429925
0.0,-7.8,0.0004096510605253885
0.0,-7.7,0.0004527246875986175
0.0,-7.6,0.0005003262493859461
0.0,-7.5,0.0005529314753607964
0.0,-7.4,0.0006110660222531393
0.0,-7.3,0.0006753107015847132
0.0,-7.2,0.0007463072518276664
0.0,-7.1,0.0008247647113262079
0.0,-7.0,0.0009114664537742447
0.0,-6.9,0.001007277954234873
0.0,-6.8,0.0011131553604646573
0.0,-6.7,0.0012301549517136994
0.0,-6.6,0.0013594435752600918
0.0,-6.5,0.0015023101597542838
0.0,-6.4,0.001660178414045561
0.0,-6.3,0.0018346208305892793
0.0,-6.2,0.0020273741238381804
0.0,-6.1,0.0022403562462493714
0.0,-6.0,0.0024756851377304495
0.0,-5.9,0.0027356993785361185
0.0,-5.8,0.0030229809308316194
0.0,-5.699999999999999,0.003340380170367424
0.0,-5.6,0.0036910434269465386
0.0,-5.5,0.0040784432705707205
0.0,-5.4,0.004506411799249425
0.0,-5.3,0.004979177204327229
0.0,-5.199999999999999,0.00550140390965738
0.0,-5.1,0.006078236601779195
0.0,-5.0,0.006715348489118068
0.0,-4.9,0.00741899414868671
0.0,-4.8,0.008196067338267773
0.0,-4.699999999999999,0.009054164169887495
0.0,-4.6,0.010001652055651832
0.0,-4.5,0.011047744848593817
0.0,-4.4,0.012202584607696099
0.0,-4.3,0.013477330416026301
0.0,-4.199999999999999,0.014884254671918142
0.0,-4.1,0.016436847252909524
0.0,-4.0,0.01814992791780974
0.0,-3.8999999999999995,0.020039767260397617
0.0,-3.8,0.022124216454879192
0.0,-3.7,0.02442284593377916
0.0,-3.5999999999999996,0.02695709300820807
0.0,-3.5,0.029750418272620566
0.0,-3.3999999999999995,0.03282847042486536
0.0,-3.3,0.03621925887065928
0.0,-3.1999999999999993,0.03995333316243038
0.0,-3.0999999999999996,0.044063967938573874
0.0,-3.0,0.04858735157374206
0.0,-2.8999999999999995,0.0535627762179632
0.0,-2.8,0.0590328262879714
0.0,-2.6999999999999993,0.0650435617765906
0.0,-2.5999999999999996,0.07164469196766984
0.0,-2.5,0.07888973429254963
0.0,-2.3999999999999995,0.08683615215394971
0.0,-2.3,0.09554546459796294
0.0,-2.1999999999999993,0.10508331976869599
0.0,-2.0999999999999996,0.11551952317975502
0.0,-2.0,0.1269280110429725
0.0,-1.8999999999999995,0.13938675828296065
0.0,-1.7999999999999998,0.15297761052607417
0.0,-1.6999999999999993,0.16778602938626602
0.0,-1.5999999999999996,0.1839007408883389
0.0,-1.5,0.2014132779827524
0.0,-1.3999999999999995,0.22041740991845102
0.0,-1.2999999999999998,0.24100845383299224
0.0,-1.1999999999999993,0.26328246733803135
0.0,-1.0999999999999996,0.2873353251154309
0.0,-1.0,0.3132616875182228
0.0,-0.8999999999999995,0.34115387473208797
0.0,-0.7999999999999998,0.3711006659477778
0.0,-0.6999999999999993,0.4031860488854581
0.0,-0.5999999999999996,0.4374879504858858
0.0,-0.5,0.4740769841801067
0.0,-0.39999999999999947,0.5130152523999528
0.0,-0.2999999999999998,0.5543552444685272
0.0,-0.1999999999999993,0.5981388693815921
0.0,-0.09999999999999964,0.6443966600735711
0.0,0.0,0.6931471805599453
0.0,0.09999999999999964,0.7443966600735707
0.0,0.20000000000000107,0.7981388693815924
0.0,0.3000000000000007,0.8543552444685275
0.0,0.40000000000000036,0.9130152523999528
0.0,0.5,0.9740769841801067
0.0,0.5999999999999996,1.0374879504858854
0.0,0.7000000000000011,1.1031860488854586
0.0,0.8000000000000007,1.1711006659477783
0.0,0.9000000000000004,1.241153874732088
0.0,1.0,1.3132616875182228
0.0,1.0999999999999996,1.3873353251154306
0.0,1.200000000000001,1.463282467338032
0.0,1.3000000000000007,1.5410084538329927
0.0,1.4000000000000004,1.6204174099184512
0.0,1.5,1.7014132779827524
0.0,1.6000000000000014,1.78390074088834
0.0,1.700000000000001,1.8677860293862667
0.0,1.8000000000000007,1.9529776105260748
0.0,1.9000000000000004,2.039386758282961
0.0,2.0,2.1269280110429727
0.0,2.1000000000000014,2.2155195231797564
0.0,2.200000000000001,2.3050833197686966
0.0,2.3000000000000007,2.3955454645979635
0.0,2.4000000000000004,2.48683615215395
0.0,2.5,2.5788897342925496
0.0,2.6000000000000014,2.6716446919676713
0.0,2.700000000000001,2.7650435617765914
0.0,2.8000000000000007,2.859032826287972
0.0,2.9000000000000004,2.9535627762179635
0.0,3.0,3.048587351573742
0.0,3.1000000000000014,3.144063967938575
0.0,3.200000000000001,3.2399533331624313
0.0,3.3000000000000007,3.33621925887066
0.0,3.4000000000000004,3.432828470424866
0.0,3.5,3.5297504182726205
0.0,3.6000000000000014,3.6269570930082096
0.0,3.700000000000001,3.72442284593378
0.0,3.8000000000000007,3.82212421645488
0.0,3.9000000000000004,3.920039767260398
0.0,4.0,4.0181499279178094
0.0,4.100000000000001,4.116436847252911
0.0,4.200000000000001,4.214884254671919
0.0,4.300000000000001,4.313477330416028
0.0,4.4,4.412202584607696
0.0,4.5,4.511047744848594
0.0,4.600000000000001,4.610001652055653
0.0,4.700000000000001,4.709054164169888
0.0,4.800000000000001,4.808196067338269
0.0,4.9,4.907418994148687
0.0,5.0,5.006715348489118
0.0,5.100000000000001,5.10607823660178
0.0,5.200000000000001,5.2055014039096585
0.0,5.300000000000001,5.304979177204328
0.0,5.4,5.404506411799249
0.0,5.5,5.504078443270571
0.0,5.600000000000001,5.603691043426948
0.0,5.700000000000001,5.703340380170369
0.0,5.800000000000001,5.803022980930833
0.0,5.9,5.902735699378536
0.0,6.0,6.00247568513773
0.0,6.100000000000001,6.10224035624625
0.0,6.200000000000001,6.202027374123839
0.0,6.300000000000001,6.30183462083059
0.0,6.4,6.401660178414046
0.0,6.5,6.501502310159754
0.0,6.600000000000001,6.601359443575261
0.0,6.700000000000001,6.701230154951714
0.0,6.800000000000001,6.801113155360466
0.0,6.9,6.901007277954235
0.0,7.0,7.000911466453775
0.0,7.100000000000001,7.100824764711327
0.0,7.200000000000001,7.200746307251829
0.0,7.300000000000001,7.300675310701585
0.0,7.4,7.400611066022253
0.0,7.5,7.500552931475361
0.0,7.600000000000001,7.600500326249387
0.0,7.700000000000001,7.7004527246876
0.0,7.800000000000001,7.8004096510605265
0.0,7.9,7.900370674832054
0.0,8.0,8.000335406372896
0.0,8.100000000000001,8.100303493079396
0.0,8.2,8.200274615859586
0.0,8.3,8.300248485951917
0.0,8.400000000000002,8.400224842045313
0.0,8.5,8.50020344767213
0.0,8.600000000000001,8.600184088848277
0.0,8.7,8.700166571937112
0.0,8.8,8.800150721716006
0.0,8.900000000000002,8.90013637962636
0.0,9.0,9.000123402189724
0.0,9.100000000000001,9.10011165957433
0.0,9.2,9.2001010342977
0.0,9.3,9.300091420052539
0.0,9.400000000000002,9.400082720644113
0.0,9.5,9.500074849028628
0.0,9.600000000000001,9.600067726443005
0.0,9.7,9.700061281617296
0.0,9.8,9.800055450062048
0.0,9.900000000000002,9.90005017342335
0.0,10.0,10.000045398899218
0.0,10.100000000000001,10.100041078711484
0.0,10.2,10.200037169627885
0.0,10.3,10.300033632529606
0.0,10.400000000000002,10.400030432019951
0.0,10.5,10.50002753607023
0.0,10.600000000000001,10.600024915699334
0.0,10.7,10.70002254468378
0.0,10.8,10.800020399295343
0.0,10.900000000000002,10.900018458063647
0.0,11.0,11.000016701561318
0.0,11.100000000000001,11.10001511220963
0.0,11.200000000000003,11.200013674102578
0.0,11.3,11.300012372847718
0.0,11.400000000000002,11.400011195422175
0.0,11.5,11.50001013004229
0.0,11.600000000000001,11.600009166045728
0.0,11.700000000000003,11.70000829378477
0.0,11.8,11.800007504529756
0.0,11.900000000000002,11.900006790381754
0.0,12.0,12.000006144193478
0.5,-8.0,0.000335422847973596
0.5,-7.9,0.00037069495407702856
0.5,-7.8,0.0004096756366978678
0.5,-7.7,0.00045275470375955376
0.5,-7.6,0.0005003629095287283
0.5,-7.5,0.0005529762498941281
0.5,-7.4,0.0006111207069329274
0.5,-7.3,0.0006753774894750457
0.5,-7.2,0.0007463888211690556
0.5,-7.1,0.0008248643328242451
0.5,-7.0,0.0009115881215965713
0.5,-6.9,0.001007426545949594
0.5,-6.8,0.0011133368323063858
0.5,-6.7,0.0012303765769698246
0.5,-6.6,0.0013597142352850325
0.5,-6.5,0.0015026406992108734
0.5,-6.4,0.0016605820745223708
0.5,-6.3,0.001835113779850431
0.5,-6.2,0.002027976101749379
0.5,-6.1,0.002241091353037892
0.5,-6.0,0.0024765827958567184
0.5,-5.9,0.002736795506297533
0.5,-5.8,0.003024319374148932
0.5,-5.699999999999999,0.0033420144493395945
0.5,-5.6,0.0036930388660881054
0.5,-5.5,0.0040808795966341205
0.5,-5.4,0.0045093863087483695
0.5,-5.3,0.004982808624998348
0.5,-5.199999999999999,0.005505837106947922
0.5,-5.1,0.00608364831401819
0.5,-5.0,0.006721954314505913
0.5,-4.9,0.007427057055049817
0.5,-4.8,0.008205908024377533
0.5,-4.699999999999999,0.009066173677074739
0.5,-4.6,0.010016307112887072
0.5,-4.5,0.011065626536032758
0.5,-4.4,0.01222440104632191
0.5,-4.3,0.013503944338478477
0.5,-4.199999999999999,0.014916716906606762
0.5,-4.1,0.016476437365592116
0.5,-4.0,0.01819820350836711
0.5,-3.8999999999999995,0.020098623714982874
0.5,-3.8,0.02219595931340307
0.5,-3.7,0.02451027845944744
0.5,-3.5999999999999996,0.027063622050334545
0.5,-3.5,0.029880182108153824
0.5,-3.3999999999999995,0.032986492961016294
0.5,-3.3,0.03641163540460236
0.5,-3.1999999999999993,0.04018745383871842
0.5,-3.0999999999999996,0.04434878613510184
0.5,-3.0,0.04893370569649578
0.5,-2.8999999999999995,0.05398377480519696
0.5,-2.8,0.059544307924331435
0.5,-2.6999999999999993,0.06566464310020853
0.5,-2.5999999999999996,0.07239841901381797
0.5,-2.5,0.07980385454073086
0.5,-2.3999999999999995,0.08794402690155635
0.5,-2.3,0.09688714362460422
0.5,-2.1999999999999993,0.10670680260958441
0.5,-2.0999999999999996,0.117482233594931
0.5,-2.0,0.12929851332007558
0.5,-1.8999999999999995,0.14224674567713877
0.5,-1.7999999999999998,0.15642419721579498
0.5,-1.6999999999999993,0.17193437756505414
0.5,-1.5999999999999996,0.18888705374341808
0.5,-1.5,0.2073981870320298
0.5,-1.3999999999999995,0.22758978117885412
0.5,-1.2999999999999998,0.24958963128199158
0.5,-1.1999999999999993,0.27353096385693987
0.5,-1.0999999999999996,0.2995519603996832
0.5,-1.0,0.32779515926071157
0.5,-0.8999999999999995,0.3584067338499469
0.5,-0.7999999999999998,0.39153564905277705
0.5,-0.6999999999999993,0.42733270214569247
0.5,-0.5999999999999996,0.465949459283687
0.5,-0.5,0.5075371035546379
0.5,-0.39999999999999947,0.5522452153690691
0.5,-0.2999999999999998,0.6002205102534055
0.5,-0.1999999999999993,0.6516055626095025
0.5,-0.09999999999999964,0.7065375463856367
0.5,0.0,0.765147024625408
0.5,0.09999999999999964,0.8275568193617507
0.5,0.20000000000000107,0.8938809912574502
0.5,0.3000000000000007,0.9642239548400284
0.5,0.40000000000000036,1.0386797503389391
0.5,0.5,1.1173314873128224
0.5,0.5999999999999996,1.2002509688354859
0.5,0.7000000000000011,1.2874984984088405
0.5,0.8000000000000007,1.3791228654020111
0.5,0.9000000000000004,1.4751614990474178
0.5,1.0,1.5756407761513003
0.5,1.0999999999999996,1.6805764638986682
0.5,1.200000000000001,1.789974276549826
0.5,1.3000000000000007,1.903830523439533
0.5,1.4000000000000004,2.0221328254192508
0.5,1.5,2.144860877583114
0.5,1.6000000000000014,2.2719872376042907
0.5,1.700000000000001,2.4034781210765344
0.5,1.8000000000000007,2.5392941877035957
0.5,1.9000000000000004,2.6793913048201032
0.5,2.0,2.8237212774015843
0.5,2.1000000000000014,2.972232536299892
0.5,2.200000000000001,3.124870778828427
0.5,2.3000000000000007,3.281579557955823
0.5,2.4000000000000004,3.4423008182115677
0.5,2.5,3.606975377950373
0.5,2.6000000000000014,3.7755433588693457
0.5,2.700000000000001,3.9479445646418587
0.5,2.8000000000000007,4.124118811251407
0.5,2.9000000000000004,4.3040062121089315
0.5,3.0,4.487547421351709
0.5,3.1000000000000014,4.674683838883065
0.5,3.200000000000001,4.8653577807508235
0.5,3.3000000000000007,5.059512618405964
0.5,3.4000000000000004,5.257092890255451
0.5,3.5,5.45804438874546
0.5,3.6000000000000014,5.662314225999886
0.5,3.700000000000001,5.8698508808081185
0.5,3.8000000000000007,6.080604229516435
0.5,3.9000000000000004,6.29452556313708
0.5,4.0,6.511567592754791
0.5,4.100000000000001,6.73168444508618
0.5,4.200000000000001,6.954831649836159
0.5,4.300000000000001,7.180966120299421
0.5,4.4,7.410046128474463
0.5,4.5,7.642031275793455
0.5,4.600000000000001,7.876882460422775
0.5,4.700000000000001,8.114561841955993
0.5,4.800000000000001,8.355032804202448
0.5,4.9,8.59825991666937
0.5,5.0,8.844208895242954
0.5,5.100000000000001,9.092846562492356
0.5,5.200000000000001,9.344140807949726
0.5,5.300000000000001,9.598060548657548
0.5,5.4,9.85457569022117
0.5,5.5,10.113657088558341
0.5,5.600000000000001,10.375276512497937
0.5,5.700000000000001,10.63940660734635
0.5,5.800000000000001,10.906020859511168
0.5,5.9,11.17509356224738
0.5,6.0,11.446599782570889
0.5,6.100000000000001,11.720515329366826
0.5,6.200000000000001,11.996816722705903
0.5,6.300000000000001,12.275481164370207
0.5,6.4,12.556486509580115
0.5,6.5,12.839811239906172
0.5,6.600000000000001,13.12543443734354
0.5,6.700000000000001,13.413335759521573
0.5,6.800000000000001,13.703495416017404
0.5,6.9,13.995894145739385
0.5,7.0,14.290513195344365
0.5,7.100000000000001,14.587334298651239
0.5,7.200000000000001,14.886339657012504
0.5,7.300000000000001,15.187511920605177
0.5,7.4,15.490834170602385
0.5,7.5,15.796289902187404
0.5,7.600000000000001,16.103863008372368
0.5,7.700000000000001,16.41353776458481
0.5,7.800000000000001,16.725298813986015
0.5,7.9,17.03913115348626
0.5,8.0,17.355020120423223
0.5,8.100000000000001,17.672951379870955
0.5,8.2,17.992910912548094
0.5,8.3,18.314885003295394
0.5,8.400000000000002,18.638860230093602
0.5,8.5,18.96482345359436
0.5,8.600000000000001,19.292761807137893
0.5,8.7,19.622662687232268
0.5,8.8,19.954513744470738
0.5,8.900000000000002,20.288302874864286
0.5,9.0,20.624018211567954
0.5,9.100000000000001,20.961648116980687
0.5,9.2,21.30118117519907
0.5,9.3,21.642606184806912
0.5,9.400000000000002,21.985912151983104
0.5,9.5,22.331088283911363
0.5,9.600000000000001,22.67812398247644
0.5,9.7,23.027008838231755
0.5,9.8,23.377732624624905
0.5,9.900000000000002,23.73028529246759
0.5,10.0,24.084656964637652
0.5,10.100000000000001,24.44083793100153
0.5,10.2,24.798818643545747
0.5,10.3,25.158589711707315
0.5,10.400000000000002,25.52014189789278
0.5,10.5,25.88346611317672
0.5,10.600000000000001,26.248553413170864
0.5,10.7,26.615394994055265
0.5,10.8,26.98398218876388
0.5,10.900000000000002,27.35430646331683
0.5,11.0,27.726359413292442
0.5,11.100000000000001,28.100132760432384
0.5,11.200000000000003,28.47561834937341
0.5,11.3,28.852808144499942
0.5,11.400000000000002,29.23169422691184
0.5,11.5,29.6122687915017
0.5,11.600000000000001,29.99452414413716
0.5,11.700000000000003,30.378452698942866
0.5,11.8,30.764046975677967
0.5,11.900000000000002,31.15129959720478
0.5,12.0,31.540203287044243
1.0,-8.0,0.00033543449830263463
1.0,-7.9,0.0003707091834268194
1.0,-7.8,0.0004096930159328242
1.0,-7.7,0.00045277593008681593
1.0,-7.6,0.0005003888344539257
1.0,-7.5,0.0005530079133607274
1.0,-7.4,0.0006111593790121684
1.0,-7.3,0.000675424721275403
1.0,-7.2,0.0007464465070027023
1.0,-7.1,0.0008249347861177847
1.0,-7.0,0.000911674167582222
1.0,-6.9,0.0010075316348428433
1.0,-6.8,0.001113465177493438
1.0,-6.7,0.001230533323725293
1.0,-6.6,0.0013599056667567189
1.0,-6.5,0.0015028744878921292
1.0,-6.4,0.0016608675892419253
1.0,-6.3,0.0018354624605158487
1.0,-6.2,0.0020284019167700635
1.0,-6.1,0.002241611357632087
1.0,-6.0,0.0024772178134422757
1.0,-5.9,0.0027375709600338935
1.0,-5.8,0.003025266301626658
1.0,-5.699999999999999,0.0033431707406331914
1.0,-5.6,0.003694450774175785
1.0,-5.5,0.004082603579881552
1.0,-5.4,0.004511491278160348
1.0,-5.3,0.004985378684756211
1.0,-5.199999999999999,0.005508974895967982
1.0,-5.1,0.006087479079607283
1.0,-5.0,0.006726630877522398
1.0,-4.9,0.007432765860346553
1.0,-4.8,0.008212876511963185
1.0,-4.699999999999999,0.009074679259887291
1.0,-4.6,0.010026688108131794
1.0,-4.5,0.011078295470850083
1.0,-4.4,0.012239860847684705
1.0,-4.3,0.013522808024721993
1.0,-4.199999999999999,0.0149397315274781
1.0,-4.1,0.016504513093429055
1.0,-4.0,0.018232448969983026
1.0,-3.8999999999999995,0.020140388877897628
1.0,-3.8,0.022246887508024886
1.0,-3.7,0.024572369438544094
1.0,-3.5999999999999996,0.027139308367657503
1.0,-3.5,0.029972421549661968
1.0,-3.3999999999999995,0.03309888029634574
1.0,-3.3,0.03654853735610489
1.0,-3.1999999999999993,0.040354171904638546
1.0,-3.0999999999999996,0.04455175276744816
1.0,-3.0,0.04918072033882423
1.0,-2.8999999999999995,0.05428428745708793
1.0,-2.8,0.059909759233606766
1.0,-2.6999999999999993,0.06610887150525459
1.0,-2.5999999999999996,0.07293814717830245
1.0,-2.5,0.08045926924846478
1.0,-2.3999999999999995,0.08873946871032047
1.0,-2.3,0.09785192490482822
1.0,-2.1999999999999993,0.10787617509424947
1.0,-2.0999999999999996,0.11889852920161477
1.0,-2.0,0.13101248471442378
1.0,-1.8999999999999995,0.14431913574384317
1.0,-1.7999999999999998,0.1589275691738547
1.0,-1.6999999999999993,0.17495523976179198
1.0,-1.5999999999999996,0.19252831500534606
1.0,-1.5,0.2117819796254458
1.0,-1.3999999999999995,0.23286068869423562
1.0,-1.2999999999999998,0.2559183578369044
1.0,-1.1999999999999993,0.2811184786360406
1.0,-1.0999999999999996,0.30863414745023093
1.0,-1.0,0.33864799640345217
1.0,-0.8999999999999995,0.3713520163753369
1.0,-0.7999999999999998,0.4069472634712008
1.0,-0.6999999999999993,0.4456434426919504
1.0,-0.5999999999999996,0.4876583653371151
1.0,-0.5,0.5332172799948812
1.0,-0.39999999999999947,0.5825520806897911
1.0,-0.2999999999999998,0.6359003997152048
1.0,-0.1999999999999993,0.6935045966786991
1.0,-0.09999999999999964,0.7556106591131615
1.0,0.0,0.8224670334241132
1.0,0.09999999999999964,0.8943234077350649
1.0,0.20000000000000107,0.9714294701695286
1.0,0.3000000000000007,1.0540336671330224
1.0,0.40000000000000036,1.142381986158436
1.0,0.5,1.2367167868533453
1.0,0.5999999999999996,1.3372757015111112
1.0,0.7000000000000011,1.4442906241562776
1.0,0.8000000000000007,1.5579868033770266
1.0,0.9000000000000004,1.67858205047289
1.0,1.0,1.8062860704447743
1.0,1.0999999999999996,1.9412999193979952
1.0,1.200000000000001,2.0838155882121874
1.0,1.3000000000000007,2.2340157090113233
1.0,1.4000000000000004,2.3920733781539916
1.0,1.5,2.5581520872227808
1.0,1.6000000000000014,2.732405751842883
1.0,1.700000000000001,2.9149788270864363
1.0,1.8000000000000007,3.106006497674373
1.0,1.9000000000000004,3.305614931104384
1.0,2.0,3.513921582133803
1.0,2.1000000000000014,3.7310355376466147
1.0,2.200000000000001,3.9570578917539794
1.0,2.3000000000000007,4.1920821419434
1.0,2.4000000000000004,4.436194598137907
1.0,2.5,4.689474797599762
1.0,2.6000000000000014,4.951995919669928
1.0,2.700000000000001,5.223825195342974
1.0,2.8000000000000007,5.5050243076146215
1.0,2.9000000000000004,5.79564977939114
1.0,3.0,6.095753346509402
1.0,3.1000000000000014,6.405382314080783
1.0,3.200000000000001,6.7245798949435915
1.0,3.3000000000000007,7.0533855294921235
1.0,3.4000000000000004,7.391835186551882
1.0,3.5,7.739961645298565
1.0,3.6000000000000014,8.097794758480575
1.0,3.700000000000001,8.465361697409685
1.0,3.8000000000000007,8.842687179340205
1.0,3.9000000000000004,9.22979367797033
1.0,4.0,9.626701617878243
1.0,4.100000000000001,10.033429553754802
1.0,4.200000000000001,10.449994335320753
1.0,4.300000000000001,10.87641125882351
1.0,4.4,11.312694206000542
1.0,4.5,11.758855771377377
1.0,4.600000000000001,12.214907378740099
1.0,4.700000000000001,12.680859387588344
1.0,4.800000000000001,13.156721190336269
1.0,4.9,13.64250130098788
1.0,5.0,14.138207435970704
1.0,5.100000000000001,14.643846587768625
1.0,5.200000000000001,15.159425091952263
1.0,5.300000000000001,15.684948688163475
1.0,5.4,16.220422575570066
1.0,5.5,16.765851463268344
1.0,5.600000000000001,17.321239616074056
1.0,5.700000000000001,17.8865908961076
1.0,5.800000000000001,18.461908800546606
1.0,5.9,19.047196495888194
1.0,6.0,19.642456849034783
1.0,6.100000000000001,20.2476924554906
1.0,6.200000000000001,20.862905664931464
1.0,6.300000000000001,21.488098604387716
1.0,6.4,22.123273199258985
1.0,6.5,22.768431192360335
1.0,6.600000000000001,23.423574161181477
1.0,6.700000000000001,24.08870353352451
1.0,6.800000000000001,24.76382060167074
1.0,6.9,25.448926535213385
1.0,7.0,26.144022392680643
1.0,7.100000000000001,26.849109132062114
1.0,7.200000000000001,27.56418762034123
1.0,7.300000000000001,28.28925864212696
1.0,7.4,29.024322907469216
1.0,7.5,29.769381058934865
1.0,7.600000000000001,30.52443367801378
1.0,7.700000000000001,31.289481290918147
1.0,7.800000000000001,32.0645243738323
1.0,7.9,32.8495633576648
1.0,8.0,33.644598632349926
1.0,8.100000000000001,34.44963055074105
1.0,8.2,35.2646594321346
1.0,8.3,36.08968556545957
1.0,8.400000000000002,36.92470921216413
1.0,8.5,37.76973060882813
1.0,8.600000000000001,38.62474996952761
1.0,8.7,39.48976748797443
1.0,8.8,40.36478333945286
1.0,8.900000000000002,41.249797682571966
1.0,9.0,42.14481066085143
1.0,9.100000000000001,43.049822404156906
1.0,9.2,43.964833029998516
1.0,9.3,44.88984264470626
1.0,9.400000000000002,45.824851344493446
1.0,9.5,46.76985921641899
1.0,9.600000000000001,47.724866339258504
1.0,9.7,48.689872784292064
1.0,9.8,49.664878616017496
1.0,9.900000000000002,50.64988389279555
1.0,10.0,51.64488866743374
1.0,10.100000000000001,52.649892987714885
1.0,10.2,53.66489689687494
1.0,10.3,54.689900434035835
1.0,10.400000000000002,55.72490363459677
1.0,10.5,56.769906530588436
1.0,10.600000000000001,57.824909150993705
1.0,10.7,58.88991152203738
1.0,10.8,59.96491366744885
1.0,10.900000000000002,61.04991560869943
1.0,11.0,62.144917365217175
1.0,11.100000000000001,63.24991895458151
1.0,11.200000000000003,64.36492039269893
1.0,11.3,65.48992169396223
1.0,11.400000000000002,66.62492287139474
1.0,11.5,67.76992393678029
1.0,11.600000000000001,68.9249249007815
1.0,11.700000000000003,70.0899257730463
1.0,11.8,71.2649265623044
1.0,11.900000000000002,72.44992727645497
1.0,12.0,73.64492792264531
1.5,-8.0,0.0003354427367275746
1.5,-7.9,0.00037071924563413845
1.5,-7.8,0.0004097053056333497
1.5,-7.7,0.000452790940346217
1.5,-7.6,0.0005004071674663824
1.5,-7.5,0.0005530303045971386
1.5,-7.4,0.0006111867267102435
1.5,-7.3,0.0006754581224527385
1.5,-7.2,0.0007464873014348817
1.5,-7.1,0.0008249846100420536
1.5,-7.0,0.0009117350192760605
1.5,-6.9,0.0010076059547012434
1.5,-6.8,0.001113555945807751
1.5,-6.7,0.0012306441800731276
1.5,-6.6,0.0013600410557745516
1.5,-6.5,0.001503039837254185
1.5,-6.4,0.0016610695269520734
1.5,-6.3,0.0018357090801844151
1.5,-6.2,0.0020287031014562334
1.5,-6.1,0.0022419791751600686
1.5,-6.0,0.0024776669989369344
1.5,-5.9,0.0027381195048802754
1.5,-5.8,0.0030259361722727368
1.5,-5.699999999999999,0.0033439887557904376
1.5,-5.6,0.003695449675227075
1.5,-5.5,0.004083823336922394
1.5,-5.4,0.004512980683370799
1.5,-5.3,0.004987197296082786
1.5,-5.199999999999999,0.0055111954078178324
1.5,-5.1,0.006090190213941916
1.5,-5.0,0.006729940909014694
1.5,-4.9,0.0074368069138928405
1.5,-4.8,0.008217809800737802
1.5,-4.699999999999999,0.00908070146839343
1.5,-4.6,0.010034039168665373
1.5,-4.5,0.011087268035043592
1.5,-4.4,0.012250811819240403
1.5,-4.3,0.013536172597354477
1.5,-4.199999999999999,0.01495604026617772
1.5,-4.1,0.016524412710653944
1.5,-4.0,0.01825672758510827
1.5,-3.8999999999999995,0.020170006712704698
1.5,-3.8,0.02228301416850513
1.5,-3.7,0.024616429170022863
1.5,-3.5999999999999996,0.027193034953446375
1.5,-3.5,0.03003792486147937
1.5,-3.3999999999999995,0.033178726907224586
1.5,-3.3,0.03664584810439217
1.5,-3.1999999999999993,0.04047273986336939
1.5,-3.0999999999999996,0.04469618574067911
1.5,-3.0,0.049356612790684165
1.5,-2.8999999999999995,0.05449842769688244
1.5,-2.8,0.06017037874885123
1.5,-2.6999999999999993,0.06642594457217142
1.5,-2.5999999999999996,0.07332375030421
1.5,-2.5,0.08092801162975109
1.5,-2.3999999999999995,0.08930900673825755
1.5,-2.3,0.09854357583039569
1.5,-2.1999999999999993,0.10871564727751847
1.5,-2.0999999999999996,0.11991678891771179
1.5,-2.0,0.13224678225177236
1.5,-1.8999999999999995,0.14581421648145312
1.5,-1.7999999999999998,0.16073709841442652
1.5,-1.6999999999999993,0.1771434732553994
1.5,-1.5999999999999996,0.19517205022748668
1.5,-1.5,0.2149728258474116
1.5,-1.3999999999999995,0.23670769654656948
1.5,-1.2999999999999998,0.26055105123135663
1.5,-1.1999999999999993,0.28669033336366606
1.5,-1.0999999999999996,0.31532656127761804
1.5,-1.0,0.34667479479905744
1.5,-0.8999999999999995,0.3809645358703522
1.5,-0.7999999999999998,0.4184400508729291
1.5,-0.6999999999999993,0.4593606027444723
1.5,-0.5999999999999996,0.504000581853495
1.5,-0.5,0.5526495259473541
1.5,-0.39999999999999947,0.6056120213305044
1.5,-0.2999999999999998,0.6632074797269634
1.5,-0.1999999999999993,0.7257697879705569
1.5,-0.09999999999999964,0.793646830652318
1.5,0.0,0.8671998890121841
1.5,0.09999999999999964,0.9468029225468422
1.5,0.20000000000000107,1.0328417428619425
1.5,0.3000000000000007,1.125713092071082
1.5,0.40000000000000036,1.2258236403963672
1.5,0.5,1.3335889194417634
1.5,0.5999999999999996,1.4494322088115916
1.5,0.7000000000000011,1.5737833942930946
1.5,0.8000000000000007,1.7070778157168052
1.5,0.9000000000000004,1.8497551218936326
1.5,1.0,2.0022581487784645
1.5,1.0999999999999996,2.1650318353273392
1.5,1.200000000000001,2.3385221895139487
1.5,1.3000000000000007,2.5231753147718865
1.5,1.4000000000000004,2.7194365048479296
1.5,1.5,2.9277494127932173
1.5,1.6000000000000014,3.1485552976719555
1.5,1.700000000000001,3.382292350599271
1.5,1.8000000000000007,3.6293950999794573
1.5,1.9000000000000004,3.890293894331128
1.5,2.0,4.165414459868321
1.5,2.1000000000000014,4.455177529052438
1.5,2.200000000000001,4.7599985356248355
1.5,2.3000000000000007,5.080287371151451
1.5,2.4000000000000004,5.416448197831252
1.5,2.5,5.768879312210516
1.5,2.6000000000000014,6.137973054474297
1.5,2.700000000000001,6.524115758126509
1.5,2.8000000000000007,6.927687735094557
1.5,2.9000000000000004,7.349063291579185
1.5,3.0,7.7886107702959695
1.5,3.1000000000000014,8.246692615103765
1.5,3.200000000000001,8.723665454374137
1.5,3.3000000000000007,9.219880199813655
1.5,3.4000000000000004,9.735682157798928
1.5,3.5,10.271411150617322
1.5,3.6000000000000014,10.827401645319531
1.5,3.700000000000001,11.403982888181107
1.5,3.8000000000000007,12.00147904303776
1.5,3.9000000000000004,12.620209332002311
1.5,4.0,13.260488177291068
1.5,4.100000000000001,13.922625343083963
1.5,4.200000000000001,14.606926076517553
1.5,4.300000000000001,15.313691247064723
1.5,4.4,16.043217483690224
1.5,4.5,16.795797309289917
1.5,4.600000000000001,17.571719272024097
1.5,4.700000000000001,18.3712680732442
1.5,4.800000000000001,19.194724691788192
1.5,4.9,20.042366504484892
1.5,5.0,20.91446740276263
1.5,5.100000000000001,21.811297905303874
1.5,5.200000000000001,22.733125266726432
1.5,5.300000000000001,23.680213582303857
1.5,5.4,24.652823888764
1.5,5.5,25.651214261226315
1.5,5.600000000000001,26.67563990635537
1.5,5.700000000000001,27.7263532518218
1.5,5.800000000000001,28.803604032172178
1.5,5.9,29.907639371216824
1.5,6.0,31.038703861050415
1.5,6.100000000000001,32.19703963782338
1.5,6.200000000000001,33.3828864543846
1.5,6.300000000000001,34.59648174991619
1.5,6.4,35.83806071668102
1.5,6.5,37.107856364002416
1.5,6.600000000000001,38.406099579593196
1.5,6.700000000000001,39.73301918834935
1.5,6.800000000000001,41.0888420087201
1.5,6.9,42.473792906762995
1.5,7.0,43.888094847989564
1.5,7.100000000000001,45.33196894710259
1.5,7.200000000000001,46.805634515723064
1.5,7.300000000000001,48.309309108200694
1.5,7.4,49.84320856559766
1.5,7.5,51.40754705793215
1.5,7.600000000000001,53.00253712476368
1.5,7.700000000000001,54.62838971419906
1.5,7.800000000000001,56.285314220393964
1.5,7.9,57.97351851962137
1.5,8.0,59.69320900497502
1.5,8.100000000000001,61.44459061977242
1.5,8.2,63.22786688971902
1.5,8.3,65.04323995389205
1.5,8.400000000000002,66.89091059459915
1.5,8.5,68.7710782661646
1.5,8.600000000000001,70.68394112269374
1.5,8.7,72.6296960448616
1.5,8.8,74.60853866577234
1.5,8.900000000000002,76.62066339593085
1.5,9.0,78.66626344736754
1.5,9.100000000000001,80.7455308569551
1.5,9.2,82.85865650895225
1.5,9.3,85.00583015681059
1.5,9.400000000000002,87.18724044427599
1.5,9.5,89.40307492581599
1.5,9.600000000000001,91.6535200864032
1.5,9.7,93.9387613606811
1.5,9.8,96.25898315154042
1.5,9.900000000000002,98.61436884812996
1.5,10.0,101.005100843326
1.5,10.100000000000001,103.43136055068382
1.5,10.2,105.89332842089073
1.5,10.3,108.39118395774358
1.5,10.400000000000002,110.92510573366788
1.5,10.5,113.49527140479817
1.5,10.600000000000001,116.10185772563737
1.5,10.7,118.74504056331008
1.5,10.8,121.42499491142802
1.5,10.900000000000002,124.14189490358046
1.5,11.0,126.8959138264653
1.5,11.100000000000001,129.68722413267454
1.5,11.200000000000003,132.51599745314553
1.5,11.3,135.38240460929237
1.5,11.400000000000002,138.28661562482858
1.5,11.5,141.2287997372907
1.5,11.600000000000001,144.2091254092768
1.5,11.700000000000003,147.22776033940653
1.5,11.8,150.2848714730151
1.5,11.900000000000002,153.38062501259
1.5,12.0,156.51518642795727
