c,branch,normalized_complete,mu
-1.5,lower,0.00033530354449410937,-8.0
-1.5,lower,0.0003705492439378304,-7.9
-1.5,lower,0.0004094976760005973,-7.8
-1.5,lower,0.0004525373556629451,-7.7
-1.5,lower,0.0005000974583064455,-7.6
-1.5,lower,0.000552652051795698,-7.5
-1.5,lower,0.0006107247638947539,-7.4
-1.5,lower,0.0006748939286528497,-7.3
-1.5,lower,0.0007457982595112443,-7.2
-1.5,lower,0.0008241431013295968,-7.1
-1.5,lower,0.0009107073183189769,-7.0
-1.5,lower,0.0010063508800080083,-6.9
-1.5,lower,0.001112023212862688,-6.8
-1.5,lower,0.0012287723910263345,-6.7
-1.5,lower,0.0013577552458323718,-6.6
-1.5,lower,0.0015002484802462796,-6.5
-1.5,lower,0.0016576608811763166,-6.4
-1.5,lower,0.001831546729599069,-6.3
-1.5,lower,0.002023620515595285,-6.2
-1.5,lower,0.0022357730725739177,-6.1
-1.5,lower,0.0024700892520308827,-6.0
-1.5,lower,0.002728867266951163,-5.9
-1.5,lower,0.0030146398381695914,-5.8
-1.5,lower,0.003330197283339388,-5.699999999999999
-1.5,lower,0.0036786126922169426,-5.6
-1.5,lower,0.004063269334254324,-5.5
-1.5,lower,0.004487890444373156,-5.4
-1.5,lower,0.004956571529506363,-5.3
-1.5,lower,0.005473815331095111,-5.199999999999999
-1.5,lower,0.006044569566072137,-5.1
-1.5,lower,0.006674267549565421,-5.0
-1.5,lower,0.007368871774956563,-4.9
-1.5,lower,0.008134920489048264,-4.8
-1.5,lower,0.008979577249593654,-4.699999999999999
-1.5,lower,0.009910683386572673,-4.6
-1.5,lower,0.010936813204176927,-4.5
-1.5,lower,0.012067331653814123,-4.4
-1.5,lower,0.01331245407539794,-4.3
-1.5,lower,0.01468330744007607,-4.199999999999999
-1.5,lower,0.016191992327228552,-4.1
-1.5,lower,0.017851644626506468,-4.0
-1.5,lower,0.019676495666091354,-3.8999999999999995
-1.5,lower,0.021681929125435685,-3.8
-1.5,lower,0.023884532689011858,-3.7
-1.5,lower,0.026302141932399246,-3.5999999999999996
-1.5,lower,0.028953873400236817,-3.5
-1.5,lower,0.03186014323646205,-3.3999999999999995
-1.5,lower,0.035042667063789716,-3.3
-1.5,lower,0.03852443608966839,-3.1999999999999993
-1.5,lower,0.042329663655129954,-3.0999999999999996
-1.5,lower,0.04648369566542544,-3.0
-1.5,lower,0.05101287758330203,-2.8999999999999995
-1.5,lower,0.055944369977947266,-2.8
-1.5,lower,0.06130590407301704,-2.6999999999999993
-1.5,lower,0.06712546841353513,-2.5999999999999996
-1.5,lower,0.07343091778301371,-2.5
-1.5,lower,0.08024949597977234,-2.3999999999999995
-1.5,lower,0.08760726515565934,-2.3
-1.5,lower,0.09552843629594684,-2.1999999999999993
-1.5,lower,0.10403459824512257,-2.0999999999999996
-1.5,lower,0.11314384661737205,-2.0
-1.5,lower,0.12286981909688259,-1.8999999999999995
-1.5,lower,0.13322065009314613,-1.7999999999999998
-1.5,lower,0.14419786543341526,-1.6999999999999993
-1.5,lower,0.15579524657393548,-1.5999999999999996
-1.5,lower,0.16799770334221625,-1.5
-1.5,lower,0.18078020392385905,-1.3999999999999995
-1.5,lower,0.1941068198932146,-1.2999999999999998
-1.5,lower,0.20792995155583646,-1.1999999999999993
-1.5,lower,0.2221898035529041,-1.0999999999999996
-1.5,lower,0.23681418132956078,-1.0
-1.5,lower,0.25171867451386887,-0.8999999999999995
-1.5,lower,0.26680728256592684,-0.7999999999999998
-1.5,lower,0.28197352077247895,-0.6999999999999993
-1.5,lower,0.29710202097679234,-0.5999999999999996
-1.5,lower,0.312070612355595,-0.5
-1.5,lower,0.32675283496491736,-0.39999999999999947
-1.5,lower,0.3410208053522307,-0.2999999999999998
-1.5,lower,0.35474832251983524,-0.1999999999999993
-1.5,lower,0.3678140773675292,-0.09999999999999964
-1.5,lower,0.38010481260968404,0.0
-1.5,lower,0.39151827545025336,0.09999999999999964
-1.5,lower,0.4019658132095671,0.20000000000000107
-1.5,lower,0.4113744823694764,0.3000000000000007
-1.5,lower,0.41968857238336227,0.40000000000000036
-1.5,lower,0.42687048404585254,0.5
-1.5,lower,0.43290094433757825,0.5999999999999996
-1.5,lower,0.4377785812592,0.7000000000000011
-1.5,lower,0.44151891934120113,0.8000000000000007
-1.5,lower,0.44415288614882725,0.9000000000000004
-1.5,lower,0.44572494021210074,1.0
-1.5,lower,0.44629094067510416,1.0999999999999996
-1.5,lower,0.4462946948449911,1.1089492334222988
-1.5,upper,0.4459158790370323,1.200000000000001
-1.5,upper,0.4446715850589869,1.3000000000000007
-1.5,upper,0.4426345042630565,1.4000000000000004
-1.5,upper,0.4398836257470874,1.5
-1.5,upper,0.43649861852145716,1.6000000000000014
-1.5,upper,0.4325582141933802,1.700000000000001
-1.5,upper,0.42813885509244604,1.8000000000000007
-1.5,upper,0.42331361086780844,1.9000000000000004
-1.5,upper,0.41815135373795354,2.0
-1.5,upper,0.4127161730784208,2.1000000000000014
-1.5,upper,0.40706700372209925,2.200000000000001
-1.5,upper,0.40125743884439885,2.3000000000000007
-1.5,upper,0.3953356971217127,2.4000000000000004
-1.5,upper,0.38934471445911567,2.5
-1.5,upper,0.3833223324744424,2.6000000000000014
-1.5,upper,0.37730155864858245,2.700000000000001
-1.5,upper,0.3713108762287673,2.8000000000000007
-1.5,upper,0.3653745853064785,2.9000000000000004
-1.5,upper,0.35951315976583564,3.0
-1.5,upper,0.35374360786243997,3.1000000000000014
-1.5,upper,0.34807982695461653,3.200000000000001
-1.5,upper,0.34253294532205586,3.3000000000000007
-1.5,upper,0.33711164605794397,3.4000000000000004
-1.5,upper,0.3318224697202923,3.5
-1.5,upper,0.3266700938020968,3.6000000000000014
-1.5,upper,0.3216575881626191,3.700000000000001
-1.5,upper,0.31678664639178467,3.8000000000000007
-1.5,upper,0.31205779369514425,3.9000000000000004
-1.5,upper,0.3074705723248822,4.0
-1.5,upper,0.303023705876609,4.100000000000001
-1.5,upper,0.29871524395184335,4.200000000000001
-1.5,upper,0.2945426887777314,4.300000000000001
-1.5,upper,0.29050310540017316,4.4
-1.5,upper,0.2865932170418571,4.5
-1.5,upper,0.2828094871570995,4.600000000000001
-1.5,upper,0.2791481896322587,4.700000000000001
-1.5,upper,0.275605468482739,4.800000000000001
-1.5,upper,0.272177388292039,4.9
-1.5,upper,0.2688599765300174,5.0
-1.5,upper,0.2656492587802683,5.100000000000001
-1.5,upper,0.2625412878028233,5.200000000000001
-1.5,upper,0.2595321672600852,5.300000000000001
-1.5,upper,0.2566180708420372,5.4
-1.5,upper,0.25379525744195647,5.5
-1.5,upper,0.2510600829563085,5.600000000000001
-1.5,upper,0.24840900921217,5.700000000000001
-1.5,upper,0.24583861046218464,5.800000000000001
-1.5,upper,0.2433455778303517,5.9
-1.5,upper,0.24092672204143897,6.0
-1.5,upper,0.23857897472203562,6.100000000000001
-1.5,upper,0.23629938852172225,6.200000000000001
-1.5,upper,0.23408513626804928,6.300000000000001
-1.5,upper,0.23193350933851398,6.4
-1.5,upper,0.22984191540605875,6.5
-1.5,upper,0.22780787569136826,6.600000000000001
-1.5,upper,0.22582902183503037,6.700000000000001
-1.5,upper,0.22390309248509754,6.800000000000001
-1.5,upper,0.22202792968042062,6.9
-1.5,upper,0.22020147509703808,7.0
-1.5,upper,0.21842176621363496,7.100000000000001
-1.5,upper,0.2166869324424053,7.200000000000001
-1.5,upper,0.21499519126335837,7.300000000000001
-1.5,upper,0.21334484439302015,7.4
-1.5,upper,0.2117342740124404,7.5
-1.5,upper,0.21016193907428032,7.600000000000001
-1.5,upper,0.2086263717044063,7.700000000000001
-1.5,upper,0.20712617370974248,7.800000000000001
-1.5,upper,0.20566001320104588,7.9
-1.5,upper,0.20422662133668096,8.0
-1.5,upper,0.20282478919131544,8.100000000000001
-1.5,upper,0.20145336475167286,8.2
-1.5,upper,0.20011125004000713,8.3
-1.5,upper,0.19879739836476515,8.400000000000002
-1.5,upper,0.19751081169693208,8.5
-1.5,upper,0.19625053816977792,8.600000000000001
-1.5,upper,0.19501566969911582,8.7
-1.5,upper,0.19380533972070893,8.8
-1.5,upper,0.19261872104111125,8.900000000000002
-1.5,upper,0.19145502379797205,9.0
-1.5,upper,0.19031349352565996,9.100000000000001
-1.5,upper,0.18919340932195938,9.2
-1.5,upper,0.18809408211154127,9.3
-1.5,upper,0.18701485300191,9.400000000000002
-1.5,upper,0.1859550917275608,9.5
-1.5,upper,0.18491419517814833,9.600000000000001
-1.5,upper,0.18389158600655595,9.7
-1.5,upper,0.1828867113128609,9.8
-1.5,upper,0.18189904140031432,9.900000000000002
-1.5,upper,0.18092806859958435,10.0
-1.5,upper,0.17997330615765184,10.100000000000001
-1.5,upper,0.17903428718789074,10.2
-1.5,upper,0.1781105636780116,10.3
-1.5,upper,0.1772017055526946,10.400000000000002
-1.5,upper,0.17630729978788467,10.5
-1.5,upper,0.17542694957386504,10.600000000000001
-1.5,upper,0.1745602735243699,10.7
-1.5,upper,0.17370690492913318,10.8
-1.5,upper,0.17286649104740645,10.900000000000002
-1.5,upper,0.17203869244010886,11.0
-1.5,upper,0.17122318233839723,11.100000000000001
-1.5,upper,0.17041964604656584,11.200000000000003
-1.5,upper,0.1696277803773003,11.3
-1.5,upper,0.1688472931174202,11.400000000000002
-1.5,upper,0.16807790252235244,11.5
-1.5,upper,0.1673193368376747,11.600000000000001
-1.5,upper,0.1665713338461667,11.700000000000003
-1.5,upper,0.16583364043889579,11.8
-1.5,upper,0.16510601220894933,11.900000000000002
-1.5,upper,0.16438821306650964,12.0
-1.0,monotone,0.0003353501304664781,-8.0
-1.0,monotone,0.00037060614062639664,-7.9
-1.0,monotone,0.0004095671649860503,-7.8
-1.0,monotone,0.00045262222324053507,-7.7
-1.0,monotone,0.0005002011070795641,-7.6
-1.0,monotone,0.0005527786369235996,-7.5
-1.0,monotone,0.0006108793594344012,-7.4
-1.0,monotone,0.000675082730632838,-7.3
-1.0,monotone,0.0007460288338366971,-7.2
-1.0,monotone,0.0008244246863982951,-7.1
-1.0,monotone,0.0009110511944006454,-7.0
-1.0,monotone,0.0010067708200856371,-6.9
-1.0,monotone,0.0011125360328603214,-6.8
-1.0,monotone,0.0012293986212774204,-6.7
-1.0,monotone,0.0013585199504289587,-6.6
-1.0,monotone,0.0015011822567369915,-6.5
-1.0,monotone,0.001658801080174422,-6.4
-1.0,monotone,0.001832938942492805,-6.3
-1.0,monotone,0.0020253203890498823,-6.2
-1.0,monotone,0.0022378485212763326,-6.1
-1.0,monotone,0.0024726231566347743,-6.0
-1.0,monotone,0.00273196076301106,-5.9
-1.0,monotone,0.003018416324708424,-5.8
-1.0,monotone,0.003334807307413348,-5.699999999999999
-1.0,monotone,0.0036842398994359877,-5.6
-1.0,monotone,0.004070137715896128,-5.5
-1.0,monotone,0.00449627316094118,-5.4
-1.0,monotone,0.00496680165005696,-5.3
-1.0,monotone,0.0054862988994504105,-5.199999999999999
-1.0,monotone,0.006059801491584114,-5.1
-1.0,monotone,0.0066928509242848554,-5.0
-1.0,monotone,0.007391541344281973,-4.9
-1.0,monotone,0.008162571153159895,-4.8
-1.0,monotone,0.009013298652847834,-4.699999999999999
-1.0,monotone,0.009951801866904322,-4.6
-1.0,monotone,0.01098694263059318,-4.5
-1.0,monotone,0.012128434984274239,-4.4
-1.0,monotone,0.013386917827664777,-4.3
-1.0,monotone,0.014774031693273073,-4.199999999999999
-1.0,monotone,0.01630249937144094,-4.1
-1.0,monotone,0.01798620996209156,-4.0
-1.0,monotone,0.019840305734077517,-3.8999999999999995
-1.0,monotone,0.021881270936130473,-3.8
-1.0,monotone,0.0241270214176692,-3.7
-1.0,monotone,0.026596993576865867,-3.5999999999999996
-1.0,monotone,0.02931223075135632,-3.5
-1.0,monotone,0.03229546469845052,-3.3999999999999995
-1.0,monotone,0.035571189272636174,-3.3
-1.0,monotone,0.039165722796764384,-3.1999999999999993
-1.0,monotone,0.04310725494108614,-3.0999999999999996
-1.0,monotone,0.04742587317756678,-3.0
-1.0,monotone,0.05215356307841776,-2.8999999999999995
-1.0,monotone,0.05732417589886875,-2.8
-1.0,monotone,0.06297335605699653,-2.6999999999999993
-1.0,monotone,0.06913842034334684,-2.5999999999999996
-1.0,monotone,0.07585818002124355,-2.5
-1.0,monotone,0.08317269649392241,-2.3999999999999995
-1.0,monotone,0.09112296101485613,-2.3
-1.0,monotone,0.0997504891196852,-2.1999999999999993
-1.0,monotone,0.10909682119561298,-2.0999999999999996
-1.0,monotone,0.11920292202211756,-2.0
-1.0,monotone,0.1301084743629979,-1.8999999999999995
-1.0,monotone,0.14185106490048782,-1.7999999999999998
-1.0,monotone,0.1544652650835348,-1.6999999999999993
-1.0,monotone,0.16798161486607557,-1.5999999999999996
-1.0,monotone,0.18242552380635635,-1.5
-1.0,monotone,0.19781611144141834,-1.3999999999999995
-1.0,monotone,0.21416501695744142,-1.2999999999999998
-1.0,monotone,0.2314752165009825,-1.1999999999999993
-1.0,monotone,0.24973989440488248,-1.0999999999999996
-1.0,monotone,0.2689414213699951,-1.0
-1.0,monotone,0.28905049737499616,-0.8999999999999995
-1.0,monotone,0.3100255188723876,-0.7999999999999998
-1.0,monotone,0.33181222783183406,-0.6999999999999993
-1.0,monotone,0.35434369377420466,-0.5999999999999996
-1.0,monotone,0.37754066879814546,-0.5
-1.0,monotone,0.4013123398875481,-0.39999999999999947
-1.0,monotone,0.4255574831883411,-0.2999999999999998
-1.0,monotone,0.45016600268752227,-0.1999999999999993
-1.0,monotone,0.4750208125210601,-0.09999999999999964
-1.0,monotone,0.5,0.0
-1.0,monotone,0.5249791874789399,0.09999999999999964
-1.0,monotone,0.5498339973124782,0.20000000000000107
-1.0,monotone,0.5744425168116591,0.3000000000000007
-1.0,monotone,0.5986876601124521,0.40000000000000036
-1.0,monotone,0.6224593312018546,0.5
-1.0,monotone,0.6456563062257954,0.5999999999999996
-1.0,monotone,0.6681877721681664,0.7000000000000011
-1.0,monotone,0.6899744811276126,0.8000000000000007
-1.0,monotone,0.710949502625004,0.9000000000000004
-1.0,monotone,0.7310585786300049,1.0
-1.0,monotone,0.7502601055951176,1.0999999999999996
-1.0,monotone,0.7685247834990179,1.200000000000001
-1.0,monotone,0.7858349830425587,1.3000000000000007
-1.0,monotone,0.8021838885585818,1.4000000000000004
-1.0,monotone,0.8175744761936437,1.5
-1.0,monotone,0.8320183851339247,1.6000000000000014
-1.0,monotone,0.8455347349164655,1.700000000000001
-1.0,monotone,0.8581489350995123,1.8000000000000007
-1.0,monotone,0.8698915256370022,1.9000000000000004
-1.0,monotone,0.8807970779778824,2.0
-1.0,monotone,0.8909031788043872,2.1000000000000014
-1.0,monotone,0.9002495108803149,2.200000000000001
-1.0,monotone,0.9088770389851439,2.3000000000000007
-1.0,monotone,0.9168273035060777,2.4000000000000004
-1.0,monotone,0.9241418199787564,2.5
-1.0,monotone,0.9308615796566533,2.6000000000000014
-1.0,monotone,0.9370266439430036,2.700000000000001
-1.0,monotone,0.9426758241011313,2.8000000000000007
-1.0,monotone,0.9478464369215823,2.9000000000000004
-1.0,monotone,0.9525741268224333,3.0
-1.0,monotone,0.956892745058914,3.1000000000000014
-1.0,monotone,0.9608342772032357,3.200000000000001
-1.0,monotone,0.9644288107273639,3.3000000000000007
-1.0,monotone,0.9677045353015495,3.4000000000000004
-1.0,monotone,0.9706877692486436,3.5
-1.0,monotone,0.9734030064231342,3.6000000000000014
-1.0,monotone,0.9758729785823308,3.700000000000001
-1.0,monotone,0.9781187290638695,3.8000000000000007
-1.0,monotone,0.9801596942659225,3.9000000000000004
-1.0,monotone,0.9820137900379085,4.0
-1.0,monotone,0.9836975006285591,4.100000000000001
-1.0,monotone,0.9852259683067269,4.200000000000001
-1.0,monotone,0.9866130821723352,4.300000000000001
-1.0,monotone,0.9878715650157257,4.4
-1.0,monotone,0.9890130573694068,4.5
-1.0,monotone,0.9900481981330956,4.600000000000001
-1.0,monotone,0.9909867013471522,4.700000000000001
-1.0,monotone,0.9918374288468401,4.800000000000001
-1.0,monotone,0.992608458655718,4.9
-1.0,monotone,0.9933071490757152,5.0
-1.0,monotone,0.9939401985084159,5.100000000000001
-1.0,monotone,0.9945137011005496,5.200000000000001
-1.0,monotone,0.9950331983499431,5.300000000000001
-1.0,monotone,0.9955037268390589,5.4
-1.0,monotone,0.9959298622841039,5.5
-1.0,monotone,0.996315760100564,5.600000000000001
-1.0,monotone,0.9966651926925867,5.700000000000001
-1.0,monotone,0.9969815836752915,5.800000000000001
-1.0,monotone,0.9972680392369889,5.9
-1.0,monotone,0.9975273768433652,6.0
-1.0,monotone,0.9977621514787237,6.100000000000001
-1.0,monotone,0.9979746796109501,6.200000000000001
-1.0,monotone,0.9981670610575072,6.300000000000001
-1.0,monotone,0.9983411989198255,6.4
-1.0,monotone,0.998498817743263,6.5
-1.0,monotone,0.9986414800495711,6.600000000000001
-1.0,monotone,0.9987706013787225,6.700000000000001
-1.0,monotone,0.9988874639671397,6.800000000000001
-1.0,monotone,0.9989932291799144,6.9
-1.0,monotone,0.9990889488055994,7.0
-1.0,monotone,0.9991755753136017,7.100000000000001
-1.0,monotone,0.9992539711661633,7.200000000000001
-1.0,monotone,0.9993249172693671,7.300000000000001
-1.0,monotone,0.9993891206405656,7.4
-1.0,monotone,0.9994472213630764,7.5
-1.0,monotone,0.9994997988929204,7.600000000000001
-1.0,monotone,0.9995473777767595,7.700000000000001
-1.0,monotone,0.9995904328350139,7.800000000000001
-1.0,monotone,0.9996293938593735,7.9
-1.0,monotone,0.9996646498695335,8.0
-1.0,monotone,0.9996965529699711,8.100000000000001
-1.0,monotone,0.9997254218438987,8.2
-1.0,monotone,0.9997515449181607,8.3
-1.0,monotone,0.9997751832297667,8.400000000000002
-1.0,monotone,0.9997965730219448,8.5
-1.0,monotone,0.9998159280950366,8.600000000000001
-1.0,monotone,0.9998334419352226,8.7
-1.0,monotone,0.9998492896419402,8.8
-1.0,monotone,0.9998636296729205,8.900000000000002
-1.0,monotone,0.9998766054240138,9.0
-1.0,monotone,0.9998883466593704,9.100000000000001
-1.0,monotone,0.9998989708060922,9.2
-1.0,monotone,0.9999085841261478,9.3
-1.0,monotone,0.9999172827771483,9.400000000000002
-1.0,monotone,0.9999251537724894,9.5
-1.0,monotone,0.9999322758503802,9.600000000000001
-1.0,monotone,0.9999387202603834,9.7
-1.0,monotone,0.9999445514752772,9.8
-1.0,monotone,0.9999498278353163,9.900000000000002
-1.0,monotone,0.9999546021312976,10.0
-1.0,monotone,0.9999589221322353,10.100000000000001
-1.0,monotone,0.9999628310628971,10.2
-1.0,monotone,0.9999663680359613,10.3
-1.0,monotone,0.9999695684430995,10.400000000000002
-1.0,monotone,0.9999724643088854,10.5
-1.0,monotone,0.9999750846110605,10.600000000000001
-1.0,monotone,0.9999774555703496,10.7
-1.0,monotone,0.9999796009127201,10.8
-1.0,monotone,0.9999815421067043,10.900000000000002
-1.0,monotone,0.9999832985781519,11.0
-1.0,monotone,0.999984887904559,11.100000000000001
-1.0,monotone,0.9999863259909154,11.200000000000003
-1.0,monotone,0.9999876272288256,11.3
-1.0,monotone,0.9999888046404949,11.400000000000002
-1.0,monotone,0.9999898700090192,11.5
-1.0,monotone,0.9999908339962802,11.600000000000001
-1.0,monotone,0.9999917062496261,11.700000000000003
-1.0,monotone,0.9999924954984029,11.8
-1.0,monotone,0.9999932096413019,11.900000000000002
-1.0,monotone,0.9999938558253978,12.0
-0.5,monotone,0.00033538307530676513,-8.0
-0.5,monotone,0.0003706463774973089,-7.9
-0.5,monotone,0.00040961630764705417,-7.8
-0.5,monotone,0.000452682242491435,-7.7
-0.5,monotone,0.0005002744097226517,-7.6
-0.5,monotone,0.0005528681621776332,-7.5
-0.5,monotone,0.0006109886966536055,-7.4
-0.5,monotone,0.0006752162630334848,-7.3
-0.5,monotone,0.0007461919139699531,-7.2
-0.5,monotone,0.0008246238503717851,-7.1
-0.5,monotone,0.0009112944233923789,-7.0
-0.5,monotone,0.0010070678595731743,-6.9
-0.5,monotone,0.0011128987822790373,-6.8
-0.5,monotone,0.0012298416096141443,-6.7
-0.5,monotone,0.0013590609166600931,-6.6
-0.5,monotone,0.001501842858165907,-6.5
-0.5,monotone,0.0016596077567722718,-6.4
-0.5,monotone,0.0018339239714950577,-6.3
-0.5,monotone,0.0020265231715444728,-6.2
-0.5,monotone,0.0022393171516251363,-6.1
-0.5,monotone,0.0024744163366452565,-6.0
-0.5,monotone,0.0027341501362393534,-5.9
-0.5,monotone,0.003021089322635993,-5.8
-0.5,monotone,0.00333807061910904,-5.699999999999999
-0.5,monotone,0.0036882237004313267,-5.6
-0.5,monotone,0.004075000821251923,-5.5
-0.5,monotone,0.00450220930293424,-5.4
-0.5,monotone,0.00497404712384549,-5.3
-0.5,monotone,0.005495141872015223,-5.199999999999999
-0.5,monotone,0.006070593332015849,-5.1
-0.5,monotone,0.006706019989268209,-5.0
-0.5,monotone,0.007407609743995322,-4.9
-0.5,monotone,0.008182175132812055,-4.8
-0.5,monotone,0.00903721335730453,-4.699999999999999
-0.5,monotone,0.009980971414525652,-4.6
-0.5,monotone,0.011022516612419883,-4.5
-0.5,monotone,0.01217181273175533,-4.4
-0.5,monotone,0.01343980206275935,-4.3
-0.5,monotone,0.014838493496453968,-4.199999999999999
-0.5,monotone,0.01638105678431106,-4.1
-0.5,monotone,0.018081922991399386,-4.0
-0.5,monotone,0.01995689105321275,-3.8999999999999995
-0.5,monotone,0.022023240199809595,-3.8
-0.5,monotone,0.024299847827144443,-3.7
-0.5,monotone,0.02680731216840914,-3.5999999999999996
-0.5,monotone,0.0295680788413078,-3.5
-0.5,monotone,0.032606570013741655,-3.3999999999999995
-0.5,monotone,0.03594931453376014,-3.3
-0.5,monotone,0.039625076903763115,-3.1999999999999993
-0.5,monotone,0.04366498243887708,-3.0999999999999996
-0.5,monotone,0.04810263533220408,-3.0
-0.5,monotone,0.05297422565527804,-2.8999999999999995
-0.5,monotone,0.05831862055491855,-2.8
-0.5,monotone,0.06417743407800884,-2.6999999999999993
-0.5,monotone,0.07059506918157826,-2.5999999999999996
-0.5,monotone,0.07761872459482337,-2.5
-0.5,monotone,0.0852983583322309,-2.3999999999999995
-0.5,monotone,0.093686598866768,-2.3
-0.5,monotone,0.10283859432898526,-2.1999999999999993
-0.5,monotone,0.11281178968844059,-2.0999999999999996
-0.5,monotone,0.12366562180120995,-2.0
-0.5,monotone,0.13546112258879545,-1.8999999999999995
-0.5,monotone,0.14826042157645355,-1.7999999999999998
-0.5,monotone,0.1621261406913438,-1.6999999999999993
-0.5,monotone,0.1771206767212278,-1.5999999999999996
-0.5,monotone,0.19330537025505337,-1.5
-0.5,monotone,0.210739564314547,-1.3999999999999995
-0.5,monotone,0.22947956122057805,-1.2999999999999998
-0.5,monotone,0.24957749240956834,-1.1999999999999993
-0.5,monotone,0.27108012270450504,-1.0999999999999996
-0.5,monotone,0.29402761761145124,-1.0
-0.5,monotone,0.3184523090926583,-0.8999999999999995
-0.5,monotone,0.34437750139160245,-0.7999999999999998
-0.5,monotone,0.3718163632123218,-0.6999999999999993
-0.5,monotone,0.40077095522914286,-0.5999999999999996
-0.5,monotone,0.43123144192639706,-0.5
-0.5,monotone,0.463175533688603,-0.39999999999999947
-0.5,monotone,0.4965681986566097,-0.2999999999999998
-0.5,monotone,0.5313616742098328,-0.1999999999999993
-0.5,monotone,0.5674957954425449,-0.09999999999999964
-0.5,monotone,0.6048986434216304,0.0
-0.5,monotone,0.6434875003748549,0.09999999999999964
-0.5,monotone,0.683170083476143,0.20000000000000107
-0.5,monotone,0.723846014829464,0.3000000000000007
-0.5,monotone,0.7654084737661658,0.40000000000000036
-0.5,monotone,0.8077459695799047,0.5
-0.5,monotone,0.8507441688957167,0.5999999999999996
-0.5,monotone,0.8942877121627352,0.7000000000000011
-0.5,monotone,0.938261958021479,0.8000000000000007
-0.5,monotone,0.98255460191993,0.9000000000000004
-0.5,monotone,1.0270571254743508,1.0
-0.5,monotone,1.0716660446921678,1.0999999999999996
-0.5,monotone,1.116283937284458,1.200000000000001
-0.5,monotone,1.160820240979925,1.3000000000000007
-0.5,monotone,1.2051918252707978,1.4000000000000004
-0.5,monotone,1.2493233478527122,1.5
-0.5,monotone,1.2931474138735586,1.6000000000000014
-0.5,monotone,1.3366045608996708,1.700000000000001
-0.5,monotone,1.379643095334967,1.8000000000000007
-0.5,monotone,1.4222188071096333,1.9000000000000004
-0.5,monotone,1.464294589087629,2.0
-0.5,monotone,1.5058399861579428,2.1000000000000014
-0.5,monotone,1.5468306967023215,2.200000000000001
-0.5,monotone,1.587248046373086,2.3000000000000007
-0.5,monotone,1.6270784511255225,2.4000000000000004
-0.5,monotone,1.6663128834358314,2.5
-0.5,monotone,1.7049463527510529,2.6000000000000014
-0.5,monotone,1.742977408566997,2.700000000000001
-0.5,monotone,1.780407672177625,2.8000000000000007
-0.5,monotone,1.8172414011144333,2.9000000000000004
-0.5,monotone,1.8534850886015177,3.0
-0.5,monotone,1.8891470989769787,3.1000000000000014
-0.5,monotone,1.924237338948207,3.200000000000001
-0.5,monotone,1.958766963724447,3.3000000000000007
-0.5,monotone,1.9927481164690728,3.4000000000000004
-0.5,monotone,2.02619369910046,3.5
-0.5,monotone,2.0591171722101773,3.6000000000000014
-0.5,monotone,2.0915323817295772,3.700000000000001
-0.5,monotone,2.123453409933551,3.8000000000000007
-0.5,monotone,2.1548944483997783,3.9000000000000004
-0.5,monotone,2.1858696906238118,4.0
-0.5,monotone,2.21639324210865,4.100000000000001
-0.5,monotone,2.2464790458892723,4.200000000000001
-0.5,monotone,2.2761408216078363,4.300000000000001
-0.5,monotone,2.3053920164160826,4.4
-0.5,monotone,2.3342457661422444,4.5
-0.5,monotone,2.36271486531615,4.600000000000001
-0.5,monotone,2.390811744795407,4.700000000000001
-0.5,monotone,2.4185484558756314,4.800000000000001
-0.5,monotone,2.44593665989755,4.9
-0.5,monotone,2.472987622482944,5.0
-0.5,monotone,2.4997122116397295,5.100000000000001
-0.5,monotone,2.526120899074243,5.200000000000001
-0.5,monotone,2.552223764136455,5.300000000000001
-0.5,monotone,2.5780304999019674,5.4
-0.5,monotone,2.603550420963968,5.5
-0.5,monotone,2.6287924725694856,5.600000000000001
-0.5,monotone,2.653765240788093,5.700000000000001
-0.5,monotone,2.678476963448308,5.800000000000001
-0.5,monotone,2.7029355416180567,5.9
-0.5,monotone,2.727148551441318,6.0
-0.5,monotone,2.7511232561740644,6.100000000000001
-0.5,monotone,2.774866618289394,6.200000000000001
-0.5,monotone,2.7983853115448256,6.300000000000001
-0.5,monotone,2.8216857329245264,6.4
-0.5,monotone,2.844774014386217,6.5
-0.5,monotone,2.867656034356938,6.600000000000001
-0.5,monotone,2.8903374289341786,6.700000000000001
-0.5,monotone,2.912823602759261,6.800000000000001
-0.5,monotone,2.9351197395386546,6.9
-0.5,monotone,2.9572308121962694,7.0
-0.5,monotone,2.979161592645914,7.100000000000001
-0.5,monotone,3.0009166611782208,7.200000000000001
-0.5,monotone,3.0225004154605464,7.300000000000001
-0.5,monotone,3.0439170791517878,7.4
-0.5,monotone,3.065170710136853,7.5
-0.5,monotone,3.086265208387734,7.600000000000001
-0.5,monotone,3.1072043234599107,7.700000000000001
-0.5,monotone,3.1279916616341343,7.800000000000001
-0.5,monotone,3.148630692714688,7.9
-0.5,monotone,3.169124756495931,8.0
-0.5,monotone,3.189477068909439,8.100000000000001
-0.5,monotone,3.209690727864362,8.2
-0.5,monotone,3.229768718793738,8.3
-0.5,monotone,3.249713919919525,8.400000000000002
-0.5,monotone,3.269529107248996,8.5
-0.5,monotone,3.2892169593149685,8.600000000000001
-0.5,monotone,3.3087800616720493,8.7
-0.5,monotone,3.3282209111608023,8.8
-0.5,monotone,3.3475419199513534,8.900000000000002
-0.5,monotone,3.3667454193775903,9.0
-0.5,monotone,3.3858336635726953,9.100000000000001
-0.5,monotone,3.404808832916325,9.2
-0.5,monotone,3.4236730373033386,9.3
-0.5,monotone,3.44242831924353,9.400000000000002
-0.5,monotone,3.4610766568014015,9.5
-0.5,monotone,3.4796199663845906,9.600000000000001
-0.5,monotone,3.4980601053891376,9.7
-0.5,monotone,3.5163988747093926,9.8
-0.5,monotone,3.5346380211199486,9.900000000000002
-0.5,monotone,3.5527792395366173,10.0
-0.5,monotone,3.5708241751630925,10.100000000000001
-0.5,monotone,3.588774425529589,10.2
-0.5,monotone,3.60663154242941,10.3
-0.5,monotone,3.624397033759071,10.400000000000002
-0.5,monotone,3.6420723652672895,10.5
-0.5,monotone,3.659658962217876,10.600000000000001
-0.5,monotone,3.6771582109712453,10.7
-0.5,monotone,3.694571460489042,10.8
-0.5,monotone,3.711900023766081,10.900000000000002
-0.5,monotone,3.7291451791935972,11.0
-0.5,monotone,3.7463081718575455,11.100000000000001
-0.5,monotone,3.76339021477549,11.200000000000003
-0.5,monotone,3.780392490075421,11.3
-0.5,monotone,3.797316150119635,11.400000000000002
-0.5,monotone,3.8141623185766353,11.5
-0.5,monotone,3.8309320914438576,11.600000000000001
-0.5,monotone,3.8476265380238255,11.700000000000003
-0.5,monotone,3.8642467018562328,11.8
-0.5,monotone,3.880793601608277,11.900000000000002
-0.5,monotone,3.8972682319254393,12.0
0.0,monotone,0.00033540637289576885,-8.0
0.0,monotone,0.00037067483205429925,-7.9
0.0,monotone,0.0004096510605253885,-7.8
0.0,monotone,0.0004527246875986175,-7.7
0.0,monotone,0.0005003262493859461,-7.6
0.0,monotone,0.0005529314753607964,-7.5
0.0,monotone,0.0006110660222531393,-7.4
0.0,monotone,0.0006753107015847132,-7.3
0.0,monotone,0.0007463072518276664,-7.2
0.0,monotone,0.0008247647113262079,-7.1
0.0,monotone,0.0009114664537742447,-7.0
0.0,monotone,0.001007277954234873,-6.9
0.0,monotone,0.0011131553604646573,-6.8
0.0,monotone,0.0012301549517136994,-6.7
0.0,monotone,0.0013594435752600918,-6.6
0.0,monotone,0.0015023101597542838,-6.5
0.0,monotone,0.001660178414045561,-6.4
0.0,monotone,0.0018346208305892793,-6.3
0.0,monotone,0.0020273741238381804,-6.2
0.0,monotone,0.0022403562462493714,-6.1
0.0,monotone,0.0024756851377304495,-6.0
0.0,monotone,0.0027356993785361185,-5.9
0.0,monotone,0.0030229809308316194,-5.8
0.0,monotone,0.003340380170367424,-5.699999999999999
0.0,monotone,0.0036910434269465386,-5.6
0.0,monotone,0.0040784432705707205,-5.5
0.0,monotone,0.004506411799249425,-5.4
0.0,monotone,0.004979177204327229,-5.3
0.0,monotone,0.00550140390965738,-5.199999999999999
0.0,monotone,0.006078236601779195,-5.1
0.0,monotone,0.006715348489118068,-5.0
0.0,monotone,0.00741899414868671,-4.9
0.0,monotone,0.008196067338267773,-4.8
0.0,monotone,0.009054164169887495,-4.699999999999999
0.0,monotone,0.010001652055651832,-4.6
0.0,monotone,0.011047744848593817,-4.5
0.0,monotone,0.012202584607696099,-4.4
0.0,monotone,0.013477330416026301,-4.3
0.0,monotone,0.014884254671918142,-4.199999999999999
0.0,monotone,0.016436847252909524,-4.1
0.0,monotone,0.01814992791780974,-4.0
0.0,monotone,0.020039767260397617,-3.8999999999999995
0.0,monotone,0.022124216454879192,-3.8
0.0,monotone,0.02442284593377916,-3.7
0.0,monotone,0.02695709300820807,-3.5999999999999996
0.0,monotone,0.029750418272620566,-3.5
0.0,monotone,0.03282847042486536,-3.3999999999999995
0.0,monotone,0.03621925887065928,-3.3
0.0,monotone,0.03995333316243038,-3.1999999999999993
0.0,monotone,0.044063967938573874,-3.0999999999999996
0.0,monotone,0.04858735157374206,-3.0
0.0,monotone,0.0535627762179632,-2.8999999999999995
0.0,monotone,0.0590328262879714,-2.8
0.0,monotone,0.0650435617765906,-2.6999999999999993
0.0,monotone,0.07164469196766984,-2.5999999999999996
0.0,monotone,0.07888973429254963,-2.5
0.0,monotone,0.08683615215394971,-2.3999999999999995
0.0,monotone,0.09554546459796294,-2.3
0.0,monotone,0.10508331976869599,-2.1999999999999993
0.0,monotone,0.11551952317975502,-2.0999999999999996
0.0,monotone,0.1269280110429725,-2.0
0.0,monotone,0.13938675828296065,-1.8999999999999995
0.0,monotone,0.15297761052607417,-1.7999999999999998
0.0,monotone,0.16778602938626602,-1.6999999999999993
0.0,monotone,0.1839007408883389,-1.5999999999999996
0.0,monotone,0.2014132779827524,-1.5
0.0,monotone,0.22041740991845102,-1.3999999999999995
0.0,monotone,0.24100845383299224,-1.2999999999999998
0.0,monotone,0.26328246733803135,-1.1999999999999993
0.0,monotone,0.2873353251154309,-1.0999999999999996
0.0,monotone,0.3132616875182228,-1.0
0.0,monotone,0.34115387473208797,-0.8999999999999995
0.0,monotone,0.3711006659477778,-0.7999999999999998
0.0,monotone,0.4031860488854581,-0.6999999999999993
0.0,monotone,0.4374879504858858,-0.5999999999999996
0.0,monotone,0.4740769841801067,-0.5
0.0,monotone,0.5130152523999528,-0.39999999999999947
0.0,monotone,0.5543552444685272,-0.2999999999999998
0.0,monotone,0.5981388693815921,-0.1999999999999993
0.0,monotone,0.6443966600735711,-0.09999999999999964
0.0,monotone,0.6931471805599453,0.0
0.0,monotone,0.7443966600735707,0.09999999999999964
0.0,monotone,0.7981388693815924,0.20000000000000107
0.0,monotone,0.8543552444685275,0.3000000000000007
0.0,monotone,0.9130152523999528,0.40000000000000036
0.0,monotone,0.9740769841801067,0.5
0.0,monotone,1.0374879504858854,0.5999999999999996
0.0,monotone,1.1031860488854586,0.7000000000000011
0.0,monotone,1.1711006659477783,0.8000000000000007
0.0,monotone,1.241153874732088,0.9000000000000004
0.0,monotone,1.3132616875182228,1.0
0.0,monotone,1.3873353251154306,1.0999999999999996
0.0,monotone,1.463282467338032,1.200000000000001
0.0,monotone,1.5410084538329927,1.3000000000000007
0.0,monotone,1.6204174099184512,1.4000000000000004
0.0,monotone,1.7014132779827524,1.5
0.0,monotone,1.78390074088834,1.6000000000000014
0.0,monotone,1.8677860293862667,1.700000000000001
0.0,monotone,1.9529776105260748,1.8000000000000007
0.0,monotone,2.039386758282961,1.9000000000000004
0.0,monotone,2.1269280110429727,2.0
0.0,monotone,2.2155195231797564,2.1000000000000014
0.0,monotone,2.3050833197686966,2.200000000000001
0.0,monotone,2.3955454645979635,2.3000000000000007
0.0,monotone,2.48683615215395,2.4000000000000004
0.0,monotone,2.5788897342925496,2.5
0.0,monotone,2.6716446919676713,2.6000000000000014
0.0,monotone,2.7650435617765914,2.700000000000001
0.0,monotone,2.859032826287972,2.8000000000000007
0.0,monotone,2.9535627762179635,2.9000000000000004
0.0,monotone,3.048587351573742,3.0
0.0,monotone,3.144063967938575,3.1000000000000014
0.0,monotone,3.2399533331624313,3.200000000000001
0.0,monotone,3.33621925887066,3.3000000000000007
0.0,monotone,3.432828470424866,3.4000000000000004
0.0,monotone,3.5297504182726205,3.5
0.0,monotone,3.6269570930082096,3.6000000000000014
0.0,monotone,3.72442284593378,3.700000000000001
0.0,monotone,3.82212421645488,3.8000000000000007
0.0,monotone,3.920039767260398,3.9000000000000004
0.0,monotone,4.0181499279178094,4.0
0.0,monotone,4.116436847252911,4.100000000000001
0.0,monotone,4.214884254671919,4.200000000000001
0.0,monotone,4.313477330416028,4.300000000000001
0.0,monotone,4.412202584607696,4.4
0.0,monotone,4.511047744848594,4.5
0.0,monotone,4.610001652055653,4.600000000000001
0.0,monotone,4.709054164169888,4.700000000000001
0.0,monotone,4.808196067338269,4.800000000000001
0.0,monotone,4.907418994148687,4.9
0.0,monotone,5.006715348489118,5.0
0.0,monotone,5.10607823660178,5.100000000000001
0.0,monotone,5.2055014039096585,5.200000000000001
0.0,monotone,5.304979177204328,5.300000000000001
0.0,monotone,5.404506411799249,5.4
0.0,monotone,5.504078443270571,5.5
0.0,monotone,5.603691043426948,5.600000000000001
0.0,monotone,5.703340380170369,5.700000000000001
0.0,monotone,5.803022980930833,5.800000000000001
0.0,monotone,5.902735699378536,5.9
0.0,monotone,6.00247568513773,6.0
0.0,monotone,6.10224035624625,6.100000000000001
0.0,monotone,6.202027374123839,6.200000000000001
0.0,monotone,6.30183462083059,6.300000000000001
0.0,monotone,6.401660178414046,6.4
0.0,monotone,6.501502310159754,6.5
0.0,monotone,6.601359443575261,6.600000000000001
0.0,monotone,6.701230154951714,6.700000000000001
0.0,monotone,6.801113155360466,6.800000000000001
0.0,monotone,6.901007277954235,6.9
0.0,monotone,7.000911466453775,7.0
0.0,monotone,7.100824764711327,7.100000000000001
0.0,monotone,7.200746307251829,7.200000000000001
0.0,monotone,7.300675310701585,7.300000000000001
0.0,monotone,7.400611066022253,7.4
0.0,monotone,7.500552931475361,7.5
0.0,monotone,7.600500326249387,7.600000000000001
0.0,monotone,7.7004527246876,7.700000000000001
0.0,monotone,7.8004096510605265,7.800000000000001
0.0,monotone,7.900370674832054,7.9
0.0,monotone,8.000335406372896,8.0
0.0,monotone,8.100303493079396,8.100000000000001
0.0,monotone,8.200274615859586,8.2
0.0,monotone,8.300248485951917,8.3
0.0,monotone,8.400224842045313,8.400000000000002
0.0,monotone,8.50020344767213,8.5
0.0,monotone,8.600184088848277,8.600000000000001
0.0,monotone,8.700166571937112,8.7
0.0,monotone,8.800150721716006,8.8
0.0,monotone,8.90013637962636,8.900000000000002
0.0,monotone,9.000123402189724,9.0
0.0,monotone,9.10011165957433,9.100000000000001
0.0,monotone,9.2001010342977,9.2
0.0,monotone,9.300091420052539,9.3
0.0,monotone,9.400082720644113,9.400000000000002
0.0,monotone,9.500074849028628,9.5
0.0,monotone,9.600067726443005,9.600000000000001
0.0,monotone,9.700061281617296,9.7
0.0,monotone,9.800055450062048,9.8
0.0,monotone,9.90005017342335,9.900000000000002
0.0,monotone,10.000045398899218,10.0
0.0,monotone,10.100041078711484,10.100000000000001
0.0,monotone,10.200037169627885,10.2
0.0,monotone,10.300033632529606,10.3
0.0,monotone,10.400030432019951,10.400000000000002
0.0,monotone,10.50002753607023,10.5
0.0,monotone,10.600024915699334,10.600000000000001
0.0,monotone,10.70002254468378,10.7
0.0,monotone,10.800020399295343,10.8
0.0,monotone,10.900018458063647,10.900000000000002
0.0,monotone,11.000016701561318,11.0
0.0,monotone,11.10001511220963,11.100000000000001
0.0,monotone,11.200013674102578,11.200000000000003
0.0,monotone,11.300012372847718,11.3
0.0,monotone,11.400011195422175,11.400000000000002
0.0,monotone,11.50001013004229,11.5
0.0,monotone,11.600009166045728,11.600000000000001
0.0,monotone,11.70000829378477,11.700000000000003
0.0,monotone,11.800007504529756,11.8
0.0,monotone,11.900006790381754,11.900000000000002
0.0,monotone,12.000006144193478,12.0
0.5,monotone,0.000335422847973596,-8.0
0.5,monotone,0.00037069495407702856,-7.9
0.5,monotone,0.0004096756366978678,-7.8
0.5,monotone,0.00045275470375955376,-7.7
0.5,monotone,0.0005003629095287283,-7.6
0.5,monotone,0.0005529762498941281,-7.5
0.5,monotone,0.0006111207069329274,-7.4
0.5,monotone,0.0006753774894750457,-7.3
0.5,monotone,0.0007463888211690556,-7.2
0.5,monotone,0.0008248643328242451,-7.1
0.5,monotone,0.0009115881215965713,-7.0
0.5,monotone,0.001007426545949594,-6.9
0.5,monotone,0.0011133368323063858,-6.8
0.5,monotone,0.0012303765769698246,-6.7
0.5,monotone,0.0013597142352850325,-6.6
0.5,monotone,0.0015026406992108734,-6.5
0.5,monotone,0.0016605820745223708,-6.4
0.5,monotone,0.001835113779850431,-6.3
0.5,monotone,0.002027976101749379,-6.2
0.5,monotone,0.002241091353037892,-6.1
0.5,monotone,0.0024765827958567184,-6.0
0.5,monotone,0.002736795506297533,-5.9
0.5,monotone,0.003024319374148932,-5.8
0.5,monotone,0.0033420144493395945,-5.699999999999999
0.5,monotone,0.0036930388660881054,-5.6
0.5,monotone,0.0040808795966341205,-5.5
0.5,monotone,0.0045093863087483695,-5.4
0.5,monotone,0.004982808624998348,-5.3
0.5,monotone,0.005505837106947922,-5.199999999999999
0.5,monotone,0.00608364831401819,-5.1
0.5,monotone,0.006721954314505913,-5.0
0.5,monotone,0.007427057055049817,-4.9
0.5,monotone,0.008205908024377533,-4.8
0.5,monotone,0.009066173677074739,-4.699999999999999
0.5,monotone,0.010016307112887072,-4.6
0.5,monotone,0.011065626536032758,-4.5
0.5,monotone,0.01222440104632191,-4.4
0.5,monotone,0.013503944338478477,-4.3
0.5,monotone,0.014916716906606762,-4.199999999999999
0.5,monotone,0.016476437365592116,-4.1
0.5,monotone,0.01819820350836711,-4.0
0.5,monotone,0.020098623714982874,-3.8999999999999995
0.5,monotone,0.02219595931340307,-3.8
0.5,monotone,0.02451027845944744,-3.7
0.5,monotone,0.027063622050334545,-3.5999999999999996
0.5,monotone,0.029880182108153824,-3.5
0.5,monotone,0.032986492961016294,-3.3999999999999995
0.5,monotone,0.03641163540460236,-3.3
0.5,monotone,0.04018745383871842,-3.1999999999999993
0.5,monotone,0.04434878613510184,-3.0999999999999996
0.5,monotone,0.04893370569649578,-3.0
0.5,monotone,0.05398377480519696,-2.8999999999999995
0.5,monotone,0.059544307924331435,-2.8
0.5,monotone,0.06566464310020853,-2.6999999999999993
0.5,monotone,0.07239841901381797,-2.5999999999999996
0.5,monotone,0.07980385454073086,-2.5
0.5,monotone,0.08794402690155635,-2.3999999999999995
0.5,monotone,0.09688714362460422,-2.3
0.5,monotone,0.10670680260958441,-2.1999999999999993
0.5,monotone,0.117482233594931,-2.0999999999999996
0.5,monotone,0.12929851332007558,-2.0
0.5,monotone,0.14224674567713877,-1.8999999999999995
0.5,monotone,0.15642419721579498,-1.7999999999999998
0.5,monotone,0.17193437756505414,-1.6999999999999993
0.5,monotone,0.18888705374341808,-1.5999999999999996
0.5,monotone,0.2073981870320298,-1.5
0.5,monotone,0.22758978117885412,-1.3999999999999995
0.5,monotone,0.24958963128199158,-1.2999999999999998
0.5,monotone,0.27353096385693987,-1.1999999999999993
0.5,monotone,0.2995519603996832,-1.0999999999999996
0.5,monotone,0.32779515926071157,-1.0
0.5,monotone,0.3584067338499469,-0.8999999999999995
0.5,monotone,0.39153564905277705,-0.7999999999999998
0.5,monotone,0.42733270214569247,-0.6999999999999993
0.5,monotone,0.465949459283687,-0.5999999999999996
0.5,monotone,0.5075371035546379,-0.5
0.5,monotone,0.5522452153690691,-0.39999999999999947
0.5,monotone,0.6002205102534055,-0.2999999999999998
0.5,monotone,0.6516055626095025,-0.1999999999999993
0.5,monotone,0.7065375463856367,-0.09999999999999964
0.5,monotone,0.765147024625408,0.0
0.5,monotone,0.8275568193617507,0.09999999999999964
0.5,monotone,0.8938809912574502,0.20000000000000107
0.5,monotone,0.9642239548400284,0.3000000000000007
0.5,monotone,1.0386797503389391,0.40000000000000036
0.5,monotone,1.1173314873128224,0.5
0.5,monotone,1.2002509688354859,0.5999999999999996
0.5,monotone,1.2874984984088405,0.7000000000000011
0.5,monotone,1.3791228654020111,0.8000000000000007
0.5,monotone,1.4751614990474178,0.9000000000000004
0.5,monotone,1.5756407761513003,1.0
0.5,monotone,1.6805764638986682,1.0999999999999996
0.5,monotone,1.789974276549826,1.200000000000001
0.5,monotone,1.903830523439533,1.3000000000000007
0.5,monotone,2.0221328254192508,1.4000000000000004
0.5,monotone,2.144860877583114,1.5
0.5,monotone,2.2719872376042907,1.6000000000000014
0.5,monotone,2.4034781210765344,1.700000000000001
0.5,monotone,2.5392941877035957,1.8000000000000007
0.5,monotone,2.6793913048201032,1.9000000000000004
0.5,monotone,2.8237212774015843,2.0
0.5,monotone,2.972232536299892,2.1000000000000014
0.5,monotone,3.124870778828427,2.200000000000001
0.5,monotone,3.281579557955823,2.3000000000000007
0.5,monotone,3.4423008182115677,2.4000000000000004
0.5,monotone,3.606975377950373,2.5
0.5,monotone,3.7755433588693457,2.6000000000000014
0.5,monotone,3.9479445646418587,2.700000000000001
0.5,monotone,4.124118811251407,2.8000000000000007
0.5,monotone,4.3040062121089315,2.9000000000000004
0.5,monotone,4.487547421351709,3.0
0.5,monotone,4.674683838883065,3.1000000000000014
0.5,monotone,4.8653577807508235,3.200000000000001
0.5,monotone,5.059512618405964,3.3000000000000007
0.5,monotone,5.257092890255451,3.4000000000000004
0.5,monotone,5.45804438874546,3.5
0.5,monotone,5.662314225999886,3.6000000000000014
0.5,monotone,5.8698508808081185,3.700000000000001
0.5,monotone,6.080604229516435,3.8000000000000007
0.5,monotone,6.29452556313708,3.9000000000000004
0.5,monotone,6.511567592754791,4.0
0.5,monotone,6.73168444508618,4.100000000000001
0.5,monotone,6.954831649836159,4.200000000000001
0.5,monotone,7.180966120299421,4.300000000000001
0.5,monotone,7.410046128474463,4.4
0.5,monotone,7.642031275793455,4.5
0.5,monotone,7.876882460422775,4.600000000000001
0.5,monotone,8.114561841955993,4.700000000000001
0.5,monotone,8.355032804202448,4.800000000000001
0.5,monotone,8.59825991666937,4.9
0.5,monotone,8.844208895242954,5.0
0.5,monotone,9.092846562492356,5.100000000000001
0.5,monotone,9.344140807949726,5.200000000000001
0.5,monotone,9.598060548657548,5.300000000000001
0.5,monotone,9.85457569022117,5.4
0.5,monotone,10.113657088558341,5.5
0.5,monotone,10.375276512497937,5.600000000000001
0.5,monotone,10.63940660734635,5.700000000000001
0.5,monotone,10.906020859511168,5.800000000000001
0.5,monotone,11.17509356224738,5.9
0.5,monotone,11.446599782570889,6.0
0.5,monotone,11.720515329366826,6.100000000000001
0.5,monotone,11.996816722705903,6.200000000000001
0.5,monotone,12.275481164370207,6.300000000000001
0.5,monotone,12.556486509580115,6.4
0.5,monotone,12.839811239906172,6.5
0.5,monotone,13.12543443734354,6.600000000000001
0.5,monotone,13.413335759521573,6.700000000000001
0.5,monotone,13.703495416017404,6.800000000000001
0.5,monotone,13.995894145739385,6.9
0.5,monotone,14.290513195344365,7.0
0.5,monotone,14.587334298651239,7.100000000000001
0.5,monotone,14.886339657012504,7.200000000000001
0.5,monotone,15.187511920605177,7.300000000000001
0.5,monotone,15.490834170602385,7.4
0.5,monotone,15.796289902187404,7.5
0.5,monotone,16.103863008372368,7.600000000000001
0.5,monotone,16.41353776458481,7.700000000000001
0.5,monotone,16.725298813986015,7.800000000000001
0.5,monotone,17.03913115348626,7.9
0.5,monotone,17.355020120423223,8.0
0.5,monotone,17.672951379870955,8.100000000000001
0.5,monotone,17.992910912548094,8.2
0.5,monotone,18.314885003295394,8.3
0.5,monotone,18.638860230093602,8.400000000000002
0.5,monotone,18.96482345359436,8.5
0.5,monotone,19.292761807137893,8.600000000000001
0.5,monotone,19.622662687232268,8.7
0.5,monotone,19.954513744470738,8.8
0.5,monotone,20.288302874864286,8.900000000000002
0.5,monotone,20.624018211567954,9.0
0.5,monotone,20.961648116980687,9.100000000000001
0.5,monotone,21.30118117519907,9.2
0.5,monotone,21.642606184806912,9.3
0.5,monotone,21.985912151983104,9.400000000000002
0.5,monotone,22.331088283911363,9.5
0.5,monotone,22.67812398247644,9.600000000000001
0.5,monotone,23.027008838231755,9.7
0.5,monotone,23.377732624624905,9.8
0.5,monotone,23.73028529246759,9.900000000000002
0.5,monotone,24.084656964637652,10.0
0.5,monotone,24.44083793100153,10.100000000000001
0.5,monotone,24.798818643545747,10.2
0.5,monotone,25.158589711707315,10.3
0.5,monotone,25.52014189789278,10.400000000000002
0.5,monotone,25.88346611317672,10.5
0.5,monotone,26.248553413170864,10.600000000000001
0.5,monotone,26.615394994055265,10.7
0.5,monotone,26.98398218876388,10.8
0.5,monotone,27.35430646331683,10.900000000000002
0.5,monotone,27.726359413292442,11.0
0.5,monotone,28.100132760432384,11.100000000000001
0.5,monotone,28.47561834937341,11.200000000000003
0.5,monotone,28.852808144499942,11.3
0.5,monotone,29.23169422691184,11.400000000000002
0.5,monotone,29.6122687915017,11.5
0.5,monotone,29.99452414413716,11.600000000000001
0.5,monotone,30.378452698942866,11.700000000000003
0.5,monotone,30.764046975677967,11.8
0.5,monotone,31.15129959720478,11.900000000000002
0.5,monotone,31.540203287044243,12.0
1.0,monotone,0.00033543449830263463,-8.0
1.0,monotone,0.0003707091834268194,-7.9
1.0,monotone,0.0004096930159328242,-7.8
1.0,monotone,0.00045277593008681593,-7.7
1.0,monotone,0.0005003888344539257,-7.6
1.0,monotone,0.0005530079133607274,-7.5
1.0,monotone,0.0006111593790121684,-7.4
1.0,monotone,0.000675424721275403,-7.3
1.0,monotone,0.0007464465070027023,-7.2
1.0,monotone,0.0008249347861177847,-7.1
1.0,monotone,0.000911674167582222,-7.0
1.0,monotone,0.0010075316348428433,-6.9
1.0,monotone,0.001113465177493438,-6.8
1.0,monotone,0.001230533323725293,-6.7
1.0,monotone,0.0013599056667567189,-6.6
1.0,monotone,0.0015028744878921292,-6.5
1.0,monotone,0.0016608675892419253,-6.4
1.0,monotone,0.0018354624605158487,-6.3
1.0,monotone,0.0020284019167700635,-6.2
1.0,monotone,0.002241611357632087,-6.1
1.0,monotone,0.0024772178134422757,-6.0
1.0,monotone,0.0027375709600338935,-5.9
1.0,monotone,0.003025266301626658,-5.8
1.0,monotone,0.0033431707406331914,-5.699999999999999
1.0,monotone,0.003694450774175785,-5.6
1.0,monotone,0.004082603579881552,-5.5
1.0,monotone,0.004511491278160348,-5.4
1.0,monotone,0.004985378684756211,-5.3
1.0,monotone,0.005508974895967982,-5.199999999999999
1.0,monotone,0.006087479079607283,-5.1
1.0,monotone,0.006726630877522398,-5.0
1.0,monotone,0.007432765860346553,-4.9
1.0,monotone,0.008212876511963185,-4.8
1.0,monotone,0.009074679259887291,-4.699999999999999
1.0,monotone,0.010026688108131794,-4.6
1.0,monotone,0.011078295470850083,-4.5
1.0,monotone,0.012239860847684705,-4.4
1.0,monotone,0.013522808024721993,-4.3
1.0,monotone,0.0149397315274781,-4.199999999999999
1.0,monotone,0.016504513093429055,-4.1
1.0,monotone,0.018232448969983026,-4.0
1.0,monotone,0.020140388877897628,-3.8999999999999995
1.0,monotone,0.022246887508024886,-3.8
1.0,monotone,0.024572369438544094,-3.7
1.0,monotone,0.027139308367657503,-3.5999999999999996
1.0,monotone,0.029972421549661968,-3.5
1.0,monotone,0.03309888029634574,-3.3999999999999995
1.0,monotone,0.03654853735610489,-3.3
1.0,monotone,0.040354171904638546,-3.1999999999999993
1.0,monotone,0.04455175276744816,-3.0999999999999996
1.0,monotone,0.04918072033882423,-3.0
1.0,monotone,0.05428428745708793,-2.8999999999999995
1.0,monotone,0.059909759233606766,-2.8
1.0,monotone,0.06610887150525459,-2.6999999999999993
1.0,monotone,0.07293814717830245,-2.5999999999999996
1.0,monotone,0.08045926924846478,-2.5
1.0,monotone,0.08873946871032047,-2.3999999999999995
1.0,monotone,0.09785192490482822,-2.3
1.0,monotone,0.10787617509424947,-2.1999999999999993
1.0,monotone,0.11889852920161477,-2.0999999999999996
1.0,monotone,0.13101248471442378,-2.0
1.0,monotone,0.14431913574384317,-1.8999999999999995
1.0,monotone,0.1589275691738547,-1.7999999999999998
1.0,monotone,0.17495523976179198,-1.6999999999999993
1.0,monotone,0.19252831500534606,-1.5999999999999996
1.0,monotone,0.2117819796254458,-1.5
1.0,monotone,0.23286068869423562,-1.3999999999999995
1.0,monotone,0.2559183578369044,-1.2999999999999998
1.0,monotone,0.2811184786360406,-1.1999999999999993
1.0,monotone,0.30863414745023093,-1.0999999999999996
1.0,monotone,0.33864799640345217,-1.0
1.0,monotone,0.3713520163753369,-0.8999999999999995
1.0,monotone,0.4069472634712008,-0.7999999999999998
1.0,monotone,0.4456434426919504,-0.6999999999999993
1.0,monotone,0.4876583653371151,-0.5999999999999996
1.0,monotone,0.5332172799948812,-0.5
1.0,monotone,0.5825520806897911,-0.39999999999999947
1.0,monotone,0.6359003997152048,-0.2999999999999998
1.0,monotone,0.6935045966786991,-0.1999999999999993
1.0,monotone,0.7556106591131615,-0.09999999999999964
1.0,monotone,0.8224670334241132,0.0
1.0,monotone,0.8943234077350649,0.09999999999999964
1.0,monotone,0.9714294701695286,0.20000000000000107
1.0,monotone,1.0540336671330224,0.3000000000000007
1.0,monotone,1.142381986158436,0.40000000000000036
1.0,monotone,1.2367167868533453,0.5
1.0,monotone,1.3372757015111112,0.5999999999999996
1.0,monotone,1.4442906241562776,0.7000000000000011
1.0,monotone,1.5579868033770266,0.8000000000000007
1.0,monotone,1.67858205047289,0.9000000000000004
1.0,monotone,1.8062860704447743,1.0
1.0,monotone,1.9412999193979952,1.0999999999999996
1.0,monotone,2.0838155882121874,1.200000000000001
1.0,monotone,2.2340157090113233,1.3000000000000007
1.0,monotone,2.3920733781539916,1.4000000000000004
1.0,monotone,2.5581520872227808,1.5
1.0,monotone,2.732405751842883,1.6000000000000014
1.0,monotone,2.9149788270864363,1.700000000000001
1.0,monotone,3.106006497674373,1.8000000000000007
1.0,monotone,3.305614931104384,1.9000000000000004
1.0,monotone,3.513921582133803,2.0
1.0,monotone,3.7310355376466147,2.1000000000000014
1.0,monotone,3.9570578917539794,2.200000000000001
1.0,monotone,4.1920821419434,2.3000000000000007
1.0,monotone,4.436194598137907,2.4000000000000004
1.0,monotone,4.689474797599762,2.5
1.0,monotone,4.951995919669928,2.6000000000000014
1.0,monotone,5.223825195342974,2.700000000000001
1.0,monotone,5.5050243076146215,2.8000000000000007
1.0,monotone,5.79564977939114,2.9000000000000004
1.0,monotone,6.095753346509402,3.0
1.0,monotone,6.405382314080783,3.1000000000000014
1.0,monotone,6.7245798949435915,3.200000000000001
1.0,monotone,7.0533855294921235,3.3000000000000007
1.0,monotone,7.391835186551882,3.4000000000000004
1.0,monotone,7.739961645298565,3.5
1.0,monotone,8.097794758480575,3.6000000000000014
1.0,monotone,8.465361697409685,3.700000000000001
1.0,monotone,8.842687179340205,3.8000000000000007
1.0,monotone,9.22979367797033,3.9000000000000004
1.0,monotone,9.626701617878243,4.0
1.0,monotone,10.033429553754802,4.100000000000001
1.0,monotone,10.449994335320753,4.200000000000001
1.0,monotone,10.87641125882351,4.300000000000001
1.0,monotone,11.312694206000542,4.4
1.0,monotone,11.758855771377377,4.5
1.0,monotone,12.214907378740099,4.600000000000001
1.0,monotone,12.680859387588344,4.700000000000001
1.0,monotone,13.156721190336269,4.800000000000001
1.0,monotone,13.64250130098788,4.9
1.0,monotone,14.138207435970704,5.0
1.0,monotone,14.643846587768625,5.100000000000001
1.0,monotone,15.159425091952263,5.200000000000001
1.0,monotone,15.684948688163475,5.300000000000001
1.0,monotone,16.220422575570066,5.4
1.0,monotone,16.765851463268344,5.5
1.0,monotone,17.321239616074056,5.600000000000001
1.0,monotone,17.8865908961076,5.700000000000001
1.0,monotone,18.461908800546606,5.800000000000001
1.0,monotone,19.047196495888194,5.9
1.0,monotone,19.642456849034783,6.0
1.0,monotone,20.2476924554906,6.100000000000001
1.0,monotone,20.862905664931464,6.200000000000001
1.0,monotone,21.488098604387716,6.300000000000001
1.0,monotone,22.123273199258985,6.4
1.0,monotone,22.768431192360335,6.5
1.0,monotone,23.423574161181477,6.600000000000001
1.0,monotone,24.08870353352451,6.700000000000001
1.0,monotone,24.76382060167074,6.800000000000001
1.0,monotone,25.448926535213385,6.9
1.0,monotone,26.144022392680643,7.0
1.0,monotone,26.849109132062114,7.100000000000001
1.0,monotone,27.56418762034123,7.200000000000001
1.0,monotone,28.28925864212696,7.300000000000001
1.0,monotone,29.024322907469216,7.4
1.0,monotone,29.769381058934865,7.5
1.0,monotone,30.52443367801378,7.600000000000001
1.0,monotone,31.289481290918147,7.700000000000001
1.0,monotone,32.0645243738323,7.800000000000001
1.0,monotone,32.8495633576648,7.9
1.0,monotone,33.644598632349926,8.0
1.0,monotone,34.44963055074105,8.100000000000001
1.0,monotone,35.2646594321346,8.2
1.0,monotone,36.08968556545957,8.3
1.0,monotone,36.92470921216413,8.400000000000002
1.0,monotone,37.76973060882813,8.5
1.0,monotone,38.62474996952761,8.600000000000001
1.0,monotone,39.48976748797443,8.7
1.0,monotone,40.36478333945286,8.8
1.0,monotone,41.249797682571966,8.900000000000002
1.0,monotone,42.14481066085143,9.0
1.0,monotone,43.049822404156906,9.100000000000001
1.0,monotone,43.964833029998516,9.2
1.0,monotone,44.88984264470626,9.3
1.0,monotone,45.824851344493446,9.400000000000002
1.0,monotone,46.76985921641899,9.5
1.0,monotone,47.724866339258504,9.600000000000001
1.0,monotone,48.689872784292064,9.7
1.0,monotone,49.664878616017496,9.8
1.0,monotone,50.64988389279555,9.900000000000002
1.0,monotone,51.64488866743374,10.0
1.0,monotone,52.649892987714885,10.100000000000001
1.0,monotone,53.66489689687494,10.2
1.0,monotone,54.689900434035835,10.3
1.0,monotone,55.72490363459677,10.400000000000002
1.0,monotone,56.769906530588436,10.5
1.0,monotone,57.824909150993705,10.600000000000001
1.0,monotone,58.88991152203738,10.7
1.0,monotone,59.96491366744885,10.8
1.0,monotone,61.04991560869943,10.900000000000002
1.0,monotone,62.144917365217175,11.0
1.0,monotone,63.24991895458151,11.100000000000001
1.0,monotone,64.36492039269893,11.200000000000003
1.0,monotone,65.48992169396223,11.3
1.0,monotone,66.62492287139474,11.400000000000002
1.0,monotone,67.76992393678029,11.5
1.0,monotone,68.9249249007815,11.600000000000001
1.0,monotone,70.0899257730463,11.700000000000003
1.0,monotone,71.2649265623044,11.8
1.0,monotone,72.44992727645497,11.900000000000002
1.0,monotone,73.64492792264531,12.0
1.5,monotone,0.0003354427367275746,-8.0
1.5,monotone,0.00037071924563413845,-7.9
1.5,monotone,0.0004097053056333497,-7.8
1.5,monotone,0.000452790940346217,-7.7
1.5,monotone,0.0005004071674663824,-7.6
1.5,monotone,0.0005530303045971386,-7.5
1.5,monotone,0.0006111867267102435,-7.4
1.5,monotone,0.0006754581224527385,-7.3
1.5,monotone,0.0007464873014348817,-7.2
1.5,monotone,0.0008249846100420536,-7.1
1.5,monotone,0.0009117350192760605,-7.0
1.5,monotone,0.0010076059547012434,-6.9
1.5,monotone,0.001113555945807751,-6.8
1.5,monotone,0.0012306441800731276,-6.7
1.5,monotone,0.0013600410557745516,-6.6
1.5,monotone,0.001503039837254185,-6.5
1.5,monotone,0.0016610695269520734,-6.4
1.5,monotone,0.0018357090801844151,-6.3
1.5,monotone,0.0020287031014562334,-6.2
1.5,monotone,0.0022419791751600686,-6.1
1.5,monotone,0.0024776669989369344,-6.0
1.5,monotone,0.0027381195048802754,-5.9
1.5,monotone,0.0030259361722727368,-5.8
1.5,monotone,0.0033439887557904376,-5.699999999999999
1.5,monotone,0.003695449675227075,-5.6
1.5,monotone,0.004083823336922394,-5.5
1.5,monotone,0.004512980683370799,-5.4
1.5,monotone,0.004987197296082786,-5.3
1.5,monotone,0.0055111954078178324,-5.199999999999999
1.5,monotone,0.006090190213941916,-5.1
1.5,monotone,0.006729940909014694,-5.0
1.5,monotone,0.0074368069138928405,-4.9
1.5,monotone,0.008217809800737802,-4.8
1.5,monotone,0.00908070146839343,-4.699999999999999
1.5,monotone,0.010034039168665373,-4.6
1.5,monotone,0.011087268035043592,-4.5
1.5,monotone,0.012250811819240403,-4.4
1.5,monotone,0.013536172597354477,-4.3
1.5,monotone,0.01495604026617772,-4.199999999999999
1.5,monotone,0.016524412710653944,-4.1
1.5,monotone,0.01825672758510827,-4.0
1.5,monotone,0.020170006712704698,-3.8999999999999995
1.5,monotone,0.02228301416850513,-3.8
1.5,monotone,0.024616429170022863,-3.7
1.5,monotone,0.027193034953446375,-3.5999999999999996
1.5,monotone,0.03003792486147937,-3.5
1.5,monotone,0.033178726907224586,-3.3999999999999995
1.5,monotone,0.03664584810439217,-3.3
1.5,monotone,0.04047273986336939,-3.1999999999999993
1.5,monotone,0.04469618574067911,-3.0999999999999996
1.5,monotone,0.049356612790684165,-3.0
1.5,monotone,0.05449842769688244,-2.8999999999999995
1.5,monotone,0.06017037874885123,-2.8
1.5,monotone,0.06642594457217142,-2.6999999999999993
1.5,monotone,0.07332375030421,-2.5999999999999996
1.5,monotone,0.08092801162975109,-2.5
1.5,monotone,0.08930900673825755,-2.3999999999999995
1.5,monotone,0.09854357583039569,-2.3
1.5,monotone,0.10871564727751847,-2.1999999999999993
1.5,monotone,0.11991678891771179,-2.0999999999999996
1.5,monotone,0.13224678225177236,-2.0
1.5,monotone,0.14581421648145312,-1.8999999999999995
1.5,monotone,0.16073709841442652,-1.7999999999999998
1.5,monotone,0.1771434732553994,-1.6999999999999993
1.5,monotone,0.19517205022748668,-1.5999999999999996
1.5,monotone,0.2149728258474116,-1.5
1.5,monotone,0.23670769654656948,-1.3999999999999995
1.5,monotone,0.26055105123135663,-1.2999999999999998
1.5,monotone,0.28669033336366606,-1.1999999999999993
1.5,monotone,0.31532656127761804,-1.0999999999999996
1.5,monotone,0.34667479479905744,-1.0
1.5,monotone,0.3809645358703522,-0.8999999999999995
1.5,monotone,0.4184400508729291,-0.7999999999999998
1.5,monotone,0.4593606027444723,-0.6999999999999993
1.5,monotone,0.504000581853495,-0.5999999999999996
1.5,monotone,0.5526495259473541,-0.5
1.5,monotone,0.6056120213305044,-0.39999999999999947
1.5,monotone,0.6632074797269634,-0.2999999999999998
1.5,monotone,0.7257697879705569,-0.1999999999999993
1.5,monotone,0.793646830652318,-0.09999999999999964
1.5,monotone,0.8671998890121841,0.0
1.5,monotone,0.9468029225468422,0.09999999999999964
1.5,monotone,1.0328417428619425,0.20000000000000107
1.5,monotone,1.125713092071082,0.3000000000000007
1.5,monotone,1.2258236403963672,0.40000000000000036
1.5,monotone,1.3335889194417634,0.5
1.5,monotone,1.4494322088115916,0.5999999999999996
1.5,monotone,1.5737833942930946,0.7000000000000011
1.5,monotone,1.7070778157168052,0.8000000000000007
1.5,monotone,1.8497551218936326,0.9000000000000004
1.5,monotone,2.0022581487784645,1.0
1.5,monotone,2.1650318353273392,1.0999999999999996
1.5,monotone,2.3385221895139487,1.200000000000001
1.5,monotone,2.5231753147718865,1.3000000000000007
1.5,monotone,2.7194365048479296,1.4000000000000004
1.5,monotone,2.9277494127932173,1.5
1.5,monotone,3.1485552976719555,1.6000000000000014
1.5,monotone,3.382292350599271,1.700000000000001
1.5,monotone,3.6293950999794573,1.8000000000000007
1.5,monotone,3.890293894331128,1.9000000000000004
1.5,monotone,4.165414459868321,2.0
1.5,monotone,4.455177529052438,2.1000000000000014
1.5,monotone,4.7599985356248355,2.200000000000001
1.5,monotone,5.080287371151451,2.3000000000000007
1.5,monotone,5.416448197831252,2.4000000000000004
1.5,monotone,5.768879312210516,2.5
1.5,monotone,6.137973054474297,2.6000000000000014
1.5,monotone,6.524115758126509,2.700000000000001
1.5,monotone,6.927687735094557,2.8000000000000007
1.5,monotone,7.349063291579185,2.9000000000000004
1.5,monotone,7.7886107702959695,3.0
1.5,monotone,8.246692615103765,3.1000000000000014
1.5,monotone,8.723665454374137,3.200000000000001
1.5,monotone,9.219880199813655,3.3000000000000007
1.5,monotone,9.735682157798928,3.4000000000000004
1.5,monotone,10.271411150617322,3.5
1.5,monotone,10.827401645319531,3.6000000000000014
1.5,monotone,11.403982888181107,3.700000000000001
1.5,monotone,12.00147904303776,3.8000000000000007
1.5,monotone,12.620209332002311,3.9000000000000004
1.5,monotone,13.260488177291068,4.0
1.5,monotone,13.922625343083963,4.100000000000001
1.5,monotone,14.606926076517553,4.200000000000001
1.5,monotone,15.313691247064723,4.300000000000001
1.5,monotone,16.043217483690224,4.4
1.5,monotone,16.795797309289917,4.5
1.5,monotone,17.571719272024097,4.600000000000001
1.5,monotone,18.3712680732442,4.700000000000001
1.5,monotone,19.194724691788192,4.800000000000001
1.5,monotone,20.042366504484892,4.9
1.5,monotone,20.91446740276263,5.0
1.5,monotone,21.811297905303874,5.100000000000001
1.5,monotone,22.733125266726432,5.200000000000001
1.5,monotone,23.680213582303857,5.300000000000001
1.5,monotone,24.652823888764,5.4
1.5,monotone,25.651214261226315,5.5
1.5,monotone,26.67563990635537,5.600000000000001
1.5,monotone,27.7263532518218,5.700000000000001
1.5,monotone,28.803604032172178,5.800000000000001
1.5,monotone,29.907639371216824,5.9
1.5,monotone,31.038703861050415,6.0
1.5,monotone,32.19703963782338,6.100000000000001
1.5,monotone,33.3828864543846,6.200000000000001
1.5,monotone,34.59648174991619,6.300000000000001
1.5,monotone,35.83806071668102,6.4
1.5,monotone,37.107856364002416,6.5
1.5,monotone,38.406099579593196,6.600000000000001
1.5,monotone,39.73301918834935,6.700000000000001
1.5,monotone,41.0888420087201,6.800000000000001
1.5,monotone,42.473792906762995,6.9
1.5,monotone,43.888094847989564,7.0
1.5,monotone,45.33196894710259,7.100000000000001
1.5,monotone,46.805634515723064,7.200000000000001
1.5,monotone,48.309309108200694,7.300000000000001
1.5,monotone,49.84320856559766,7.4
1.5,monotone,51.40754705793215,7.5
1.5,monotone,53.00253712476368,7.600000000000001
1.5,monotone,54.62838971419906,7.700000000000001
1.5,monotone,56.285314220393964,7.800000000000001
1.5,monotone,57.97351851962137,7.9
1.5,monotone,59.69320900497502,8.0
1.5,monotone,61.44459061977242,8.100000000000001
1.5,monotone,63.22786688971902,8.2
1.5,monotone,65.04323995389205,8.3
1.5,monotone,66.89091059459915,8.400000000000002
1.5,monotone,68.7710782661646,8.5
1.5,monotone,70.68394112269374,8.600000000000001
1.5,monotone,72.6296960448616,8.7
1.5,monotone,74.60853866577234,8.8
1.5,monotone,76.62066339593085,8.900000000000002
1.5,monotone,78.66626344736754,9.0
1.5,monotone,80.7455308569551,9.100000000000001
1.5,monotone,82.85865650895225,9.2
1.5,monotone,85.00583015681059,9.3
1.5,monotone,87.18724044427599,9.400000000000002
1.5,monotone,89.40307492581599,9.5
1.5,monotone,91.6535200864032,9.600000000000001
1.5,monotone,93.9387613606811,9.7
1.5,monotone,96.25898315154042,9.8
1.5,monotone,98.61436884812996,9.900000000000002
1.5,monotone,101.005100843326,10.0
1.5,monotone,103.43136055068382,10.100000000000001
1.5,monotone,105.89332842089073,10.2
1.5,monotone,108.39118395774358,10.3
1.5,monotone,110.92510573366788,10.400000000000002
1.5,monotone,113.49527140479817,10.5
1.5,monotone,116.10185772563737,10.600000000000001
1.5,monotone,118.74504056331008,10.7
1.5,monotone,121.42499491142802,10.8
1.5,monotone,124.14189490358046,10.900000000000002
1.5,monotone,126.8959138264653,11.0
1.5,monotone,129.68722413267454,11.100000000000001
1.5,monotone,132.51599745314553,11.200000000000003
1.5,monotone,135.38240460929237,11.3
1.5,monotone,138.28661562482858,11.400000000000002
1.5,monotone,141.2287997372907,11.5
1.5,monotone,144.2091254092768,11.600000000000001
1.5,monotone,147.22776033940653,11.700000000000003
1.5,monotone,150.2848714730151,11.8
1.5,monotone,153.38062501259,11.900000000000002
1.5,monotone,156.51518642795727,12.0
