N,true_mu,inverse,error,original_residual
10,-2.0,-2.000000054436357,5.44363571997053e-08,5.964888000198343e-09
30,-2.0,-1.9999999999999996,4.440892098500626e-16,0.0
50,-2.0,-1.9999999999999996,4.440892098500626e-16,0.0
100,-2.0,-1.9999999999999996,4.440892098500626e-16,0.0
10,0.0,-1.211634852223319e-05,1.211634852223319e-05,6.4934540997541035e-06
30,0.0,-7.360223072880622e-15,7.360223072880622e-15,3.6637359812630166e-15
50,0.0,-6.346636253348289e-16,6.346636253348289e-16,0.0
100,0.0,-5.914239300971259e-16,5.914239300971259e-16,0.0
10,0.1,0.0999878295481784,1.2170451821599815e-05,6.9384670248195945e-06
30,0.1,0.09999999999999337,6.63358257213531e-15,3.6637359812630166e-15
50,0.1,0.0999999999999998,2.0816681711721685e-16,1.1102230246251565e-16
100,0.1,0.09999999999999931,6.938893903907228e-16,5.551115123125783e-16
10,1.0,0.9999927362876758,7.263712324179217e-06,6.608491933679517e-06
30,1.0,0.9999999999999937,6.328271240363392e-15,5.773159728050814e-15
50,1.0,0.9999999999999846,1.5432100042289676e-14,1.4210854715202004e-14
100,1.0,0.9999999999999889,1.1102230246251565e-14,1.0436096431476471e-14
10,9.5,9.500116537921262,0.00011653792126153917,0.0002100116990852996
30,9.5,9.499999999999913,8.704148513061227e-14,1.5276668818842154e-13
50,9.5,9.499999999999485,5.151434834260726e-13,9.272582701669307e-13
100,9.5,9.500000000000112,1.1191048088221578e-13,2.0250467969162855e-13
10,10.0,10.00001574005575,1.5740055749446924e-05,2.3035119305347962e-05
30,10.0,10.000000000000012,1.2434497875801753e-14,1.7763568394002505e-14
50,10.0,10.000000000000021,2.1316282072803006e-14,2.842170943040401e-14
100,10.0,10.0,0.0,0.0
10,12.0,11.999995291340436,4.708659563590345e-06,1.6745010427143825e-06
30,12.0,12.000000000000005,5.329070518200751e-15,0.0
50,12.0,12.000000000000004,3.552713678800501e-15,0.0
100,12.0,12.000000000000004,3.552713678800501e-15,0.0
