N,true_mu,target,selvaggi_mu,poisson_mu,selvaggi_error,poisson_error,poisson_original_integral_residual
10,0.5,0.9899612401244222,0.5090995467416192,0.49998884578149094,0.009099546741619169,1.1154218509057401e-05,7.981915477683899e-06
10,0.6125,1.0728715805890274,0.6201945406334155,0.6124896245353861,0.007694540633415459,1.0375464613909813e-05,7.869501660540124e-06
10,0.725,1.160640136793245,0.7316563949983897,0.7249905305218264,0.00665639499838977,9.469478173596002e-06,7.5939569201821655e-06
10,0.8375,1.253325353386896,0.843354737742262,0.8374914682288943,0.005854737742261973,8.531771105713126e-06,7.2166495774794726e-06
10,0.95,1.3509695978616776,0.9552149606452311,0.9499923639584107,0.0052149606452311925,7.636041589265119e-06,6.796674002274017e-06
10,1.0,1.395966393336689,1.0049700467833331,0.9999927362876758,0.004970046783333126,7.263712324179217e-06,6.608491933679517e-06
10,1.0625,1.4535997151517641,1.0671917590055642,1.0624931746913777,0.004691759005564178,6.825308622282478e-06,6.37806099157423e-06
10,1.175,1.561227810133087,1.1792559034337815,1.1749938835985918,0.0042559034337814605,6.116401408240435e-06,5.987412544206094e-06
10,1.2875,1.6738522137491243,1.291387510082394,1.2874944911613393,0.0038875100823938524,5.508838660794879e-06,5.637067448827082e-06
10,1.4,1.7914585866072763,1.4035724569709966,1.399995007009843,0.003572456970996729,4.992990156882371e-06,5.329830019329407e-06
10,1.5125,1.914021114653758,1.5158003656971395,1.5124954442215575,0.00330036569713954,4.555778442494329e-06,5.0631618044860716e-06
10,1.625,2.041503754456769,1.6280633993867903,1.6249958160249733,0.003063399386790344,4.183975026661457e-06,4.832148441380468e-06
10,1.7375,2.1738614901356317,1.7403555097519798,1.7374961342398223,0.00285550975197979,3.8657601777458694e-06,4.631290684287137e-06
10,1.85,2.3110415694866204,1.8526719446631967,1.84999640876375,0.002671944663196646,3.5912362501555606e-06,4.455428048721899e-06
10,1.9625000000000001,2.4529846928407104,1.96500891424891,1.9624966475976795,0.002508914248909866,3.3524023206332743e-06,4.30011599128477e-06
10,2.075,2.5996261341956686,2.077363357550886,2.0749968570965076,0.0023633575508856808,3.1429034925700705e-06,4.161701905758264e-06
10,2.1875,2.7508967798493353,2.1897327752603344,2.1874970422767133,0.0022327752603343853,2.9577232867339376e-06,4.037259306421959e-06
10,2.3,2.906724074882821,2.3021151072060055,2.2999972071039623,0.0021151072060057174,2.7928960375511735e-06,3.924470560523474e-06
10,2.4125,3.067032872259397,2.414508640940559,2.4124973547328974,0.002008640940558859,2.6452671026966357e-06,3.821504589662794e-06
10,2.525,3.231746182956678,2.526911942423876,2.524997487695749,0.0019119424238760452,2.5123042508568005e-06,3.7269091004432653e-06
10,2.6375,3.4007858284388646,2.639323802715561,2.6374976080463752,0.0018238027155610403,2.391953624947263e-06,3.639522761833547e-06
10,2.75,3.574072998950084,2.751743196466209,2.749997717468239,0.0017431964662089072,2.282531760933182e-06,3.5584073585503972e-06
10,2.8625000000000003,3.7515287226452347,2.8641692492373023,2.862497817355464,0.0016692492373020507,2.1826445362194136e-06,3.482795947640227e-06
10,2.975,3.9330742515613304,2.976601211517255,2.9749979088734975,0.0016012115172547858,2.0911265026235526e-06,3.4120542213855742e-06
10,3.0875,4.118631370964897,3.0890384378780786,3.0874979930048796,0.0015384378780787245,2.0069951203183223e-06,3.3456517902763494e-06
10,3.2,4.308122638780535,3.2014803701226144,3.1999980705849596,0.0014803701226142607,1.9294150406246047e-06,3.2831393719234825e-06
10,3.3125,4.5014715616955865,3.313926523556966,3.312498142327185,0.0014265235569661527,1.8576728151309396e-06,3.2241353951079077e-06
10,3.4250000000000003,4.6986027142186195,3.4263764757402533,3.4249982088465583,0.0013764757402530137,1.791153442010085e-06,3.168309678613923e-06
10,3.5375,4.899441806506041,3.538829857202822,3.5374982706747957,0.0013298572028217492,1.729325204369303e-06,3.1153764448177412e-06
10,3.65,5.103915706211777,3.6512863437509644,3.6499983282742288,0.0012863437509644804,1.6717257711462707e-06,3.0650859637049166e-06
10,3.7625,5.31195241899818,3.763745650052811,3.762498382048456,0.0012456500528106318,1.6179515442971137e-06,3.0172188942856337e-06
10,3.875,5.523481031702539,3.8762075242675786,3.8749984323511897,0.0012075242675786413,1.5676488103189001e-06,2.971581495536668e-06
10,3.9875000000000003,5.738431621504474,3.988671743529186,3.9874984794939463,0.001171743529185587,1.5205060539535964e-06,2.9280009661292183e-06
10,4.1,5.956735133800461,4.101138110133703,4.0999985237511005,0.0011381101337031296,1.4762488991237888e-06,2.8863240748577823e-06
10,4.2125,6.178323230873372,4.213606448308397,4.212498565365704,0.0011064483083966792,1.4346342966931047e-06,2.8464130732430704e-06
10,4.325,6.403128112853034,4.326076601466009,4.3249986045533255,0.001076601466008853,1.3954466746568528e-06,2.8081441607596958e-06
10,4.4375,6.631082311902432,4.438548429863353,4.437498641505633,0.001048429863352851,1.358494366776597e-06,2.77140563831324e-06
10,4.55,6.862118460033889,4.551021808599898,4.549998676393413,0.0010218085998978665,1.32360658700037e-06,2.73609627488014e-06
10,4.6625000000000005,7.09616903046131,4.663496625902987,4.662498709369021,0.0009966259029861035,1.2906309798665916e-06,2.702124214160051e-06
10,4.775,7.33316605192709,4.775972781655831,4.774998740568543,0.0009727816558307012,1.259431457789617e-06,2.669405847477435e-06
10,4.8875,7.573040795005689,4.888450186132076,4.887498770113741,0.0009501861320755367,1.2298862595017113e-06,2.6378646573732567e-06
10,5.0,7.815723428979489,5.000928758906919,4.9999987981134595,0.0009287589069186808,1.2018865405138968e-06,2.6074307655221673e-06
10,5.1125,8.061142647507776,5.113408427919855,5.1124988246650975,0.0009084279198550149,1.1753349022924908e-06,2.578039948630817e-06
10,5.2250000000000005,8.30922526096817,5.225889128668256,5.224998849855694,0.0008891286682555233,1.1501443069050765e-06,2.549633180137789e-06
10,5.3375,8.559895753045982,5.338370803514516,5.337498873762957,0.0008708035145152948,1.1262370431808222e-06,2.5221560004951016e-06
10,5.45,8.813075798886814,5.450853401092284,5.449998896456104,0.0008534010922840451,1.103543896263659e-06,2.495558062420855e-06
10,5.5625,9.068683741920257,5.563336875799766,5.562498917996529,0.0008368757997656573,1.0820034708203252e-06,2.4697928235895006e-06
10,5.675,9.326634026320434,5.675821187370064,5.674998938438591,0.0008211873700645356,1.0615614085551783e-06,2.444816781022041e-06
10,5.7875000000000005,9.586836582008297,5.78830630051026,5.787498957830106,0.0008063005102592058,1.0421698943829938e-06,2.420589172658083e-06
10,5.9,9.849196159142318,5.9007921846024,5.899998976212881,0.0007921846023997148,1.023787119081021e-06,2.3970714249088587e-06
10,6.0125,10.113611609214574,6.0132788134604125,6.012498993623178,0.0007788134604123087,1.0063768218770974e-06,2.3742266126447475e-06
10,6.125,10.379975110200531,6.125766165140482,6.124999010093388,0.0007661651404822223,9.899066117924349e-07,2.352015863849033e-06
10,6.2375,10.648171333742146,6.238254221796106,6.237499025651516,0.0007542217961065134,9.743484836732819e-07,2.3303997735979465e-06
10,6.3500000000000005,10.918076553121386,6.350742969583183,6.349999040324783,0.000742969583182429,9.596752175156098e-07,2.3093298597842704e-06
10,6.4625,11.189557691858667,6.463232398605655,6.462499054142261,0.0007323986056544385,9.458577396870282e-07,2.2887419639516793e-06
10,6.575,11.462471314209711,6.575722502904927,6.574999067141874,0.000722502904927147,9.328581258571944e-07,2.2685388678667096e-06
10,6.6875,11.736662560702534,6.688213280491093,6.687499079382472,0.0007132804910927604,9.206175279885542e-07,2.2485600865707056e-06
10,6.8,12.011964034227983,6.800704733416325,6.799999090967173,0.0007047334163248209,9.090328267902237e-07,2.22852363052084e-06
10,6.9125000000000005,12.288194645147799,6.91319686789117,6.912499102086135,0.0006968678911691839,8.979138659270802e-07,2.2079195449720146e-06
10,7.025,12.56515842748851,7.025689694445102,7.024999113096351,0.0006896944451018072,8.869036491887528e-07,2.1858121641571415e-06
10,7.1375,12.842643342612867,7.138183228133146,7.137499124668399,0.0006832281331456969,8.753316009801893e-07,2.160478242529962e-06
10,7.25,13.12042009185151,7.250677488792418,7.2499991380558235,0.0006774887924176909,8.619441764778912e-07,2.128746872998022e-06
10,7.3625,13.398240965454365,7.363172501348103,7.3624991555778685,0.0006725013481032605,8.444221313297362e-07,2.0848260309236366e-06
10,7.4750000000000005,13.675838761855852,7.475668296179209,7.4749991814900225,0.000668296179208383,8.185099780178007e-07,2.0182063877882683e-06
10,7.5875,13.952925818547687,7.588164909541152,7.58749922351315,0.0006649095411512818,7.764868499293698e-07,1.9100231849478178e-06
10,7.7,14.229193203636608,7.7006623840585915,7.699999295495878,0.0006623840585913143,7.045041225950399e-07,1.7268124441471855e-06
10,7.8125,14.504310125136874,7.813160769285823,7.812499421943322,0.0006607692858233705,5.780566780799745e-07,1.4100775054259884e-06
10,7.925,14.777923622777918,7.925660122348406,7.924999645550535,0.000660122348405956,3.5444946444584957e-07,8.593070823792459e-07
10,8.037500000000001,15.049658614003635,8.038160508665788,8.037500039349162,0.0006605086657867076,3.9349160374513303e-08,9.467067130231044e-08
10,8.15,15.31911837113938,8.150662002750627,8.150000725518566,0.0006620027506265558,7.25518566113692e-07,1.7295373080372656e-06
10,8.2625,15.585885509473709,8.263164689050607,8.262501902950211,0.0006646890506072367,1.9029502116296726e-06,4.487187117874214e-06
10,8.375,15.849523565170195,8.37566866267432,8.37500388442131,0.0006686626743199753,3.8844213108291115e-06,9.043748347536962e-06
10,8.4875,16.109579236332785,8.488174029454083,8.487507140130072,0.0006740294540819036,7.14013007119263e-06,1.6381654887709374e-05
10,8.6,16.365585349052992,8.600680903411742,8.600012334617062,0.0006809034117427615,1.2334617062847997e-05,2.7829375451204896e-05
10,8.7125,16.617064591881885,8.713189394947152,8.712520325253028,0.0006893949471518113,2.032525302730903e-05,4.4996423678611563e-05
10,8.825000000000001,16.863534036247056,8.825699566716406,8.8250320602388,0.0006995667164044761,3.206023879975817e-05,6.947878805618757e-05
10,8.9375,17.104510426777328,8.938211277834329,8.937548277788975,0.0007112778343287829,4.8277788975426006e-05,0.00010216378106164825
10,9.05,17.339516184972368,9.050723642996179,9.050068892930419,0.0007236429961778867,6.889293041822953e-05,0.00014198802531240062
10,9.1625,17.568086023772267,9.163233164766515,9.162592035212617,0.0007331647665154151,9.203521261724745e-05,0.00018423277073509325
10,9.275,17.789774021995335,9.27572729804001,9.275112998667504,0.0007272980400099271,0.0001129986675039163,0.00021906782957614723
10,9.387500000000001,18.00416095997533,9.38816233430103,9.387624009956596,0.0006623343010296878,0.00012400995659511693,0.00023214728023646103
10,9.5,18.21086167548706,9.500388017180365,9.500116537921262,0.0003880171803647414,0.00011653792126153917,0.0002100116990852996
30,0.5,0.9899612401244222,0.5010634869460926,0.49999999999999306,0.0010634869460925955,6.938893903907228e-15,4.884981308350689e-15
30,0.6125,1.0728715805890274,0.6134058563901532,0.6124999999999916,0.0009058563901531702,8.43769498715119e-15,6.217248937900877e-15
30,0.725,1.160640136793245,0.725787164853659,0.724999999999995,0.0007871648536590392,4.9960036108132044e-15,3.774758283725532e-15
30,0.8375,1.253325353386896,0.8381942013204823,0.8374999999999896,0.0006942013204822572,1.0436096431476471e-14,8.43769498715119e-15
30,0.95,1.3509695978616776,0.9506193266709703,0.9499999999999927,0.0006193266709703105,7.216449660063518e-15,6.439293542825908e-15
30,1.0,1.395966393336689,1.0005905339818888,0.9999999999999937,0.0005905339818887967,6.328271240363392e-15,5.773159728050814e-15
30,1.0625,1.4535997151517641,1.0630577453744732,1.0624999999999842,0.0005577453744731731,1.5765166949677223e-14,1.4876988529977098e-14
30,1.175,1.561227810133087,1.1755062614576868,1.1749999999999834,0.0005062614576867297,1.6653345369377348e-14,1.5987211554602254e-14
30,1.2875,1.6738522137491243,1.287962645922365,1.287499999999975,0.00046264592236489044,2.5091040356528538e-14,2.531308496145357e-14
30,1.4,1.7914585866072763,1.4004252878247831,1.3999999999999826,0.0004252878247832381,1.7319479184152442e-14,1.84297022087776e-14
30,1.5125,1.914021114653758,1.5128929891899414,1.5124999999999718,0.0003929891899414617,2.8199664825478976e-14,3.108624468950438e-14
30,1.625,2.041503754456769,1.6253648381336159,1.624999999999995,0.0003648381336158746,5.10702591327572e-15,5.773159728050814e-15
30,1.7375,2.1738614901356317,1.7378401269845494,1.7374999999999963,0.0003401269845493271,3.774758283725532e-15,4.440892098500626e-15
30,1.85,2.3110415694866204,1.8503182975438641,1.8499999999999863,0.0003182975438640323,1.3766765505351941e-14,1.7763568394002505e-14
30,1.9625000000000001,2.4529846928407104,1.9627989033712754,1.9624999999999984,0.0002989033712752498,1.7763568394002505e-15,2.6645352591003757e-15
30,2.075,2.5996261341956686,2.0752815831233904,2.07499999999999,0.00028158312339021663,1.021405182655144e-14,1.3766765505351941e-14
30,2.1875,2.7508967798493353,2.1877660412800033,2.187499999999981,0.00026604128000329297,1.9095836023552692e-14,2.531308496145357e-14
30,2.3,2.906724074882821,2.3002520339375585,2.2999999999999767,0.0002520339375586822,2.3092638912203256e-14,3.1530333899354446e-14
30,2.4125,3.067032872259397,2.412739358157529,2.412499999999976,0.0002393581575290682,2.398081733190338e-14,3.5083047578154947e-14
30,2.525,3.231746182956678,2.5252278438592266,2.524999999999974,0.00022784385922669514,2.5757174171303632e-14,3.863576125695545e-14
30,2.6375,3.4007858284388646,2.63771734756657,2.6374999999999815,0.00021734756656988097,1.865174681370263e-14,2.842170943040401e-14
30,2.75,3.574072998950084,2.7502077475273436,2.7499999999999916,0.0002077475273436491,8.43769498715119e-15,1.3766765505351941e-14
30,2.8625000000000003,3.7515287226452347,2.862698939863198,2.8624999999999794,0.00019893986319763357,2.0872192862952943e-14,3.419486915845482e-14
30,2.975,3.9330742515613304,2.9751908355036947,2.974999999999986,0.00019083550369458635,1.4210854715202004e-14,2.353672812205332e-14
30,3.0875,4.118631370964897,3.0876833577236544,3.0874999999999115,0.0001833577236545203,8.837375276016246e-14,1.4654943925052066e-13
30,3.2,4.308122638780535,3.200176440150491,3.2000000000001414,0.00017644015049089745,1.412203687323199e-13,2.398081733190338e-13
30,3.3125,4.5014715616955865,3.312670025137588,3.3125000000000933,0.00017002513758779259,9.325873406851315e-14,1.6342482922482304e-13
30,3.4250000000000003,4.6986027142186195,3.425164062433527,3.4250000000000216,0.00016406243352662386,2.1316282072803006e-14,3.730349362740526e-14
30,3.5375,4.899441806506041,3.537658508080341,3.5375000000000023,0.00015850808034079122,2.220446049250313e-15,4.440892098500626e-15
30,3.65,5.103915706211777,3.6501533235011774,3.650000000000026,0.0001533235011774714,2.6201263381153694e-14,4.884981308350689e-14
30,3.7625,5.31195241899818,3.7626484747391293,3.7625000000000024,0.00014847473912915632,2.220446049250313e-15,3.552713678800501e-15
30,3.875,5.523481031702539,3.87514393181949,3.8749999999998774,0.00014393181949001743,1.2256862191861728e-13,2.318145675417327e-13
30,3.9875000000000003,5.738431621504474,3.9876396682140314,3.9874999999999603,0.00013966821403110785,3.9968028886505635e-14,7.72715225139109e-14
30,4.1,5.956735133800461,4.100135660386932,4.100000000000018,0.00013566038693202387,1.865174681370263e-14,3.730349362740526e-14
30,4.2125,6.178323230873372,4.212631887411828,4.212499999999981,0.00013188741182723618,1.9539925233402755e-14,3.9968028886505635e-14
30,4.325,6.403128112853034,4.325128330645105,4.325000000000035,0.0001283306451052013,3.4638958368304884e-14,6.838973831690964e-14
30,4.4375,6.631082311902432,4.4376249734475905,4.437500000000027,0.0001249734475905484,2.6645352591003757e-14,5.3290705182007514e-14
30,4.55,6.862118460033889,4.550121800946567,4.5499999999999705,0.00012180094656688567,2.930988785010413e-14,6.128431095930864e-14
30,4.6625000000000005,7.09616903046131,4.662618799831867,4.6625000000000405,0.0001187998318661343,3.9968028886505635e-14,8.171241461241152e-14
30,4.775,7.33316605192709,4.7751159581807805,4.774999999999968,0.0001159581807801402,3.197442310920451e-14,6.661338147750939e-14
30,4.8875,7.573040795005689,4.887613265307546,4.887499999999988,0.00011326530754551811,1.2434497875801753e-14,2.842170943040401e-14
30,5.0,7.815723428979489,5.0001107116338,4.999999999999997,0.00011071163380016458,2.6645352591003757e-15,5.329070518200751e-15
30,5.1125,8.061142647507776,5.112608288577067,5.1125000000000265,0.00010828857706712824,2.6645352591003757e-14,5.861977570020827e-14
30,5.2250000000000005,8.30922526096817,5.225105988454812,5.2250000000000005,0.00010598845481180064,0.0,0.0
30,5.3375,8.559895753045982,5.337603804401992,5.337500000000006,0.00010380440199142527,5.329070518200751e-15,1.4210854715202004e-14
30,5.45,8.813075798886814,5.450101730300393,5.449999999999981,0.00010173030039251074,1.9539925233402755e-14,4.263256414560601e-14
30,5.5625,9.068683741920257,5.5625997607183395,5.562500000000018,9.976071833950328e-05,1.7763568394002505e-14,4.085620730620576e-14
30,5.675,9.326634026320434,5.675097890859556,5.67499999999998,9.789085955613785e-05,1.9539925233402755e-14,4.618527782440651e-14
30,5.7875000000000005,9.586836582008297,5.787596116520212,5.787500000000017,9.611652021135342e-05,1.687538997430238e-14,3.907985046680551e-14
30,5.9,9.849196159142318,5.900094434053374,5.900000000000124,9.443405337350441e-05,1.234568003383174e-13,2.877698079828406e-13
30,6.0125,10.113611609214574,6.012592840339745,6.012500000000201,9.284033974488182e-05,2.007283228522283e-13,4.725109192804666e-13
30,6.125,10.379975110200531,6.125091332766281,6.125000000000004,9.133276628059406e-05,4.440892098500626e-15,1.0658141036401503e-14
30,6.2375,10.648171333742146,6.237589909206905,6.237499999999949,8.990920690532533e-05,5.062616992290714e-14,1.2256862191861728e-13
30,6.3500000000000005,10.918076553121386,6.35008856801311,6.350000000000091,8.856801310930251e-05,9.059419880941277e-14,2.184918912462308e-13
30,6.4625,11.189557691858667,6.462587308006595,6.462499999999987,8.730800659506599e-05,1.3322676295501878e-14,3.197442310920451e-14
30,6.575,11.462471314209711,6.57508612847821,6.574999999999968,8.612847820987923e-05,3.197442310920451e-14,7.815970093361102e-14
30,6.6875,11.736662560702534,6.687585029191679,6.6874999999999565,8.502919167874268e-05,4.3520742565306136e-14,1.0835776720341528e-13
30,6.8,12.011964034227983,6.800084010392362,6.800000000000019,8.401039236183294e-05,1.9539925233402755e-14,4.973799150320701e-14
30,6.9125000000000005,12.288194645147799,6.912583072821125,6.912500000000075,8.307282112429704e-05,7.460698725481052e-14,1.8474111129762605e-13
30,7.025,12.56515842748851,7.025082217733474,7.024999999999882,8.221773347383277e-05,1.1812772982011666e-13,2.913225216616411e-13
30,7.1375,12.842643342612867,7.137581446924031,7.137499999999799,8.144692403089238e-05,2.0161650127192843e-13,4.973799150320701e-13
30,7.25,13.12042009185151,7.25008076275788,7.25000000000004,8.076275787960441e-05,3.9968028886505635e-14,9.769962616701378e-14
30,7.3625,13.398240965454365,7.36258016820549,7.362500000000005,8.016820549006098e-05,5.329070518200751e-15,1.5987211554602254e-14
30,7.4750000000000005,13.675838761855852,7.475079666887988,7.474999999999846,7.966688798788368e-05,1.545430450278218e-13,3.801403636316536e-13
30,7.5875,13.952925818547687,7.587579263125868,7.58749999999993,7.926312586725714e-05,7.016609515630989e-14,1.7053025658242404e-13
30,7.7,14.229193203636608,7.700078961999699,7.699999999999915,7.896199969881224e-05,8.526512829121202e-14,2.0961010704922955e-13
30,7.8125,14.504310125136874,7.812578769415119,7.812499999999568,7.876941511941737e-05,4.3165471197426086e-13,1.049826892085548e-12
30,7.925,14.777923622777918,7.925078692180477,7.924999999999894,7.869218047673598e-05,1.056932319443149e-13,2.5934809855243657e-13
30,8.037500000000001,15.049658614003635,8.037578738093808,8.037500000000025,7.873809380676278e-05,2.3092638912203256e-14,5.5067062021407764e-14
30,8.15,15.31911837113938,8.15007891604062,8.149999999999855,7.891604061960322e-05,1.4566126083082054e-13,3.4994229736184934e-13
30,8.2625,15.585885509473709,8.262579236106875,8.262500000000152,7.923610687576854e-05,1.5276668818842154e-13,3.623767952376511e-13
30,8.375,15.849523565170195,8.375079709703046,8.37500000000021,7.970970304604919e-05,2.0961010704922955e-13,4.902744876744691e-13
30,8.4875,16.109579236332785,8.487580349706048,8.487500000000175,8.034970604775538e-05,1.7408297026122455e-13,4.014566457044566e-13
30,8.6,16.365585349052992,8.600081170618191,8.600000000000172,8.117061819135074e-05,1.723066134218243e-13,3.872457909892546e-13
30,8.7125,16.617064591881885,8.71258218874487,8.712499999999638,8.218874486942696e-05,3.623767952376511e-13,7.993605777301127e-13
30,8.825000000000001,16.863534036247056,8.82508342239481,8.824999999999752,8.342239480896296e-05,2.4868995751603507e-13,5.435651928564766e-13
30,8.9375,17.104510426777328,8.937584892103548,8.937499999999915,8.489210354767351e-05,8.526512829121202e-14,1.7763568394002505e-13
30,9.05,17.339516184972368,9.050086620883844,9.050000000000184,8.66208838434801e-05,1.829647544582258e-13,3.765876499528531e-13
30,9.1625,17.568086023772267,9.162588634505491,9.162499999999827,8.863450549156937e-05,1.723066134218243e-13,3.446132268436486e-13
30,9.275,17.789774021995335,9.275090961802832,9.275000000000096,9.096180283130195e-05,9.592326932761353e-14,1.8829382497642655e-13
30,9.387500000000001,18.00416095997533,9.387593634849896,9.387499999999994,9.363484989499682e-05,7.105427357601002e-15,1.4210854715202004e-14
30,9.5,18.21086167548706,9.50009668366081,9.499999999999913,9.668366081072577e-05,8.704148513061227e-14,1.5276668818842154e-13
50,0.5,0.9899612401244222,0.5003876228029452,0.4999999999999964,0.0003876228029452422,3.608224830031759e-15,2.4424906541753444e-15
50,0.6125,1.0728715805890274,0.6128303355035553,0.6125000000000013,0.00033033550355521246,1.2212453270876722e-15,1.1102230246251565e-15
50,0.725,1.160640136793245,0.7252871279773309,0.7249999999999986,0.000287127977330881,1.3322676295501878e-15,8.881784197001252e-16
50,0.8375,1.253325353386896,0.8377532570297371,0.8375000000000007,0.0002532570297371084,6.661338147750939e-16,6.661338147750939e-16
50,0.95,1.3509695978616776,0.9502259630508978,0.9499999999999935,0.0002259630508978372,6.439293542825908e-15,5.773159728050814e-15
50,1.0,1.395966393336689,1.0002154646984074,0.9999999999999846,0.00021546469840738602,1.5432100042289676e-14,1.4210854715202004e-14
50,1.0625,1.4535997151517641,1.0627035078767921,1.0624999999999956,0.00020350787679213056,4.440892098500626e-15,3.9968028886505635e-15
50,1.175,1.561227810133087,1.1751847307790242,1.1749999999999945,0.0001847307790241448,5.551115123125783e-15,5.329070518200751e-15
50,1.2875,1.6738522137491243,1.2876688211711982,1.2874999999999721,0.00016882117119809692,2.7977620220553945e-14,2.842170943040401e-14
50,1.4,1.7914585866072763,1.4001551927138882,1.3999999999999875,0.00015519271388830802,1.2434497875801753e-14,1.354472090042691e-14
50,1.5125,1.914021114653758,1.5126434091108096,1.512499999999998,0.000143409110809678,1.9984014443252818e-15,1.9984014443252818e-15
50,1.625,2.041503754456769,1.6251331381126566,1.6249999999999791,0.00013313811265658337,2.0872192862952943e-14,2.398081733190338e-14
50,1.7375,2.1738614901356317,1.7376241217927222,1.7374999999999954,0.00012412179272214274,4.6629367034256575e-15,5.773159728050814e-15
50,1.85,2.3110415694866204,1.8501161566534556,1.849999999999961,0.00011615665345554582,3.907985046680551e-14,4.8405723873656825e-14
50,1.9625000000000001,2.4529846928407104,1.962609079909918,1.9624999999999668,0.0001090799099179307,3.3306690738754696e-14,4.3076653355456074e-14
50,2.075,2.5996261341956686,2.0751027597869474,2.075000000000002,0.00010275978694718191,1.7763568394002505e-15,2.220446049250313e-15
50,2.1875,2.7508967798493353,2.187597088501638,2.1874999999999774,9.70885016378098e-05,2.2648549702353193e-14,3.019806626980426e-14
50,2.3,2.906724074882821,2.3000919770888104,2.3000000000000633,9.197708881059086e-05,6.350475700855895e-14,8.970602038971265e-14
50,2.4125,3.067032872259397,2.4125873515201155,2.412499999999978,8.735152011540848e-05,2.220446049250313e-14,3.2862601528904634e-14
50,2.525,3.231746182956678,2.525083149749473,2.5249999999999653,8.314974947287723e-05,3.4638958368304884e-14,5.1514348342607263e-14
50,2.6375,3.4007858284388646,2.637579319433716,2.637499999999973,7.931943371586314e-05,2.708944180085382e-14,4.085620730620576e-14
50,2.75,3.574072998950084,2.7500758161532155,2.7499999999999956,7.581615321550217e-05,4.440892098500626e-15,7.993605777301127e-15
50,2.8625000000000003,3.7515287226452347,2.8625726020080937,2.8625000000000194,7.260200809344752e-05,1.9095836023552692e-14,3.019806626980426e-14
50,2.975,3.9330742515613304,2.9750696445001936,2.9749999999999828,6.964450019353308e-05,1.7319479184152442e-14,2.842170943040401e-14
50,3.0875,4.118631370964897,3.0875669156348944,3.087499999999909,6.691563489447105e-05,9.103828801926284e-14,1.509903313490213e-13
50,3.2,4.308122638780535,3.200064391194763,3.200000000000225,6.439119476286947e-05,2.2470914018413168e-13,3.82804898890754e-13
50,3.3125,4.5014715616955865,3.312562050145126,3.3124999999999987,6.2050145126058e-05,1.3322676295501878e-15,1.7763568394002505e-15
50,3.4250000000000003,4.6986027142186195,3.425059874150133,3.425000000000016,5.987415013253283e-05,1.554312234475219e-14,2.6645352591003757e-14
50,3.5375,4.899441806506041,3.537557847169824,3.53749999999997,5.7847169824043476e-05,3.019806626980426e-14,5.417888360170764e-14
50,3.65,5.103915706211777,3.6500559551276193,3.650000000000045,5.595512761935595e-05,4.529709940470639e-14,8.260059303211165e-14
50,3.7625,5.31195241899818,3.7625541856326197,3.7625,5.4185632619496715e-05,0.0,0.0
50,3.875,5.523481031702539,3.875052527746844,3.8749999999999316,5.25277468441665e-05,6.838973831690964e-14,1.2878587085651816e-13
50,3.9875000000000003,5.738431621504474,3.9875509717901867,3.9874999999999337,5.097179018642706e-05,6.661338147750939e-14,1.2967404927621828e-13
50,4.1,5.956735133800461,4.1000495091740286,4.100000000000011,4.9509174028905534e-05,1.1546319456101628e-14,2.3092638912203256e-14
50,4.2125,6.178323230873372,4.212548132262111,4.212499999999997,4.813226211020094e-05,3.552713678800501e-15,7.105427357601002e-15
50,4.325,6.403128112853034,4.325046834251118,4.32500000000005,4.6834251118177406e-05,4.973799150320701e-14,9.85878045867139e-14
50,4.4375,6.631082311902432,4.437545609069157,4.437499999999967,4.560906915695995e-05,3.2862601528904634e-14,7.016609515630989e-14
50,4.55,6.862118460033889,4.550044451288909,4.550000000000046,4.445128890928629e-05,4.618527782440651e-14,9.414691248821327e-14
50,4.6625000000000005,7.09616903046131,4.66254335605324,4.662500000000004,4.335605323912972e-05,3.552713678800501e-15,7.105427357601002e-15
50,4.775,7.33316605192709,4.775042319011305,4.775000000000038,4.2319011305025356e-05,3.730349362740526e-14,7.904787935331115e-14
50,4.8875,7.573040795005689,4.88754133626364,4.887500000000003,4.133626363955756e-05,2.6645352591003757e-15,5.329070518200751e-15
50,5.0,7.815723428979489,5.000040404314876,4.99999999999992,4.040431487606355e-05,7.993605777301127e-14,1.7319479184152442e-13
50,5.1125,8.061142647507776,5.112539520033065,5.11249999999992,3.952003306562091e-05,7.993605777301127e-14,1.758593271006248e-13
50,5.2250000000000005,8.30922526096817,5.22503868061466,5.2249999999998895,3.8680614659725165e-05,1.1102230246251565e-13,2.4513724383723456e-13
50,5.3375,8.559895753045982,5.337537883554432,5.337499999999767,3.7883554431239475e-05,2.3359092438113294e-13,5.222489107836736e-13
50,5.45,8.813075798886814,5.450037126619684,5.4500000000001165,3.712661968346964e-05,1.163513729807164e-13,2.6290081223123707e-13
50,5.5625,9.068683741920257,5.562536407828254,5.562500000000132,3.640782825442557e-05,1.3233858453531866e-13,3.019806626980426e-13
50,5.675,9.326634026320434,5.675035725429853,5.674999999999793,3.572542985352811e-05,2.0694557179012918e-13,4.796163466380676e-13
50,5.7875000000000005,9.586836582008297,5.787535077890391,5.787500000000067,3.507789039058906e-05,6.661338147750939e-14,1.5276668818842154e-13
50,5.9,9.849196159142318,5.900034463879027,5.90000000000009,3.446387902705794e-05,8.970602038971265e-14,2.0961010704922955e-13
50,6.0125,10.113611609214574,6.012533882257255,6.012500000000166,3.3882257254980175e-05,1.6608936448392342e-13,3.9257486150745535e-13
50,6.125,10.379975110200531,6.125033332071949,6.124999999999926,3.33320719487773e-05,7.37188088351104e-14,1.758593271006248e-13
50,6.2375,10.648171333742146,6.23753281254686,6.237499999999953,3.281254686005042e-05,4.707345624410664e-14,1.1191048088221578e-13
50,6.3500000000000005,10.918076553121386,6.350032323080538,6.3500000000002155,3.232308053746635e-05,2.149391775674303e-13,5.169198402654729e-13
50,6.4625,11.189557691858667,6.4625318632430035,6.462500000000294,3.1863243003193986e-05,2.9398705692074145e-13,7.123190925995004e-13
50,6.575,11.462471314209711,6.5750314327754875,6.57500000000003,3.1432775487338915e-05,3.019806626980426e-14,7.283063041541027e-14
50,6.6875,11.736662560702534,6.687531031591788,6.6875000000001315,3.103159178774462e-05,1.3145040611561853e-13,3.232969447708456e-13
50,6.8,12.011964034227983,6.800030659781475,6.7999999999997405,3.065978147542836e-05,2.5934809855243657e-13,6.359357485052897e-13
50,6.9125000000000005,12.288194645147799,6.912530317614948,6.912499999999997,3.031761494742824e-05,3.552713678800501e-15,8.881784197001252e-15
50,7.025,12.56515842748851,7.025030005550411,7.0249999999997925,3.0005550410550086e-05,2.078337502098293e-13,5.115907697472721e-13
50,7.1375,12.842643342612867,7.137529724242708,7.137499999999771,2.9724242708084603e-05,2.291500322826323e-13,5.648814749292796e-13
50,7.25,13.12042009185151,7.250029474555314,7.249999999999872,2.9474555313768747e-05,1.2789769243681803e-13,3.1796787425264483e-13
50,7.3625,13.398240965454365,7.362529257571969,7.362500000000136,2.925757196958756e-05,1.3589129821411916e-13,3.3928415632544784e-13
50,7.4750000000000005,13.675838761855852,7.475029074614427,7.475000000000065,2.9074614426249923e-05,6.483702463810914e-14,1.616484723854228e-13
50,7.5875,13.952925818547687,7.587528927259033,7.5874999999999675,2.8927259032585084e-05,3.2862601528904634e-14,7.815970093361102e-14
50,7.7,14.229193203636608,7.700028817360315,7.6999999999998945,2.881736031490334e-05,1.056932319443149e-13,2.575717417130363e-13
50,7.8125,14.504310125136874,7.812528747073364,7.8125000000003775,2.8747073364421283e-05,3.774758283725532e-13,9.2192919964873e-13
50,7.925,14.777923622777918,7.9250287188828406,7.925000000000293,2.87188828407281e-05,2.9309887850104133e-13,7.087663789206999e-13
50,8.037500000000001,15.049658614003635,8.037528735634675,8.037499999999902,2.8735634673537902e-05,9.947598300641403e-14,2.398081733190338e-13
50,8.15,15.31911837113938,8.150028800571247,8.14999999999982,2.8800571246989648e-05,1.8118839761882555e-13,4.334310688136611e-13
50,8.2625,15.585885509473709,8.262528917373618,8.26250000000001,2.891737361920832e-05,1.0658141036401503e-14,2.842170943040401e-14
50,8.375,15.849523565170195,8.375029090205842,8.374999999999945,2.9090205842408068e-05,5.5067062021407764e-14,1.2789769243681803e-13
50,8.4875,16.109579236332785,8.487529323767147,8.487500000000088,2.9323767146038904e-05,8.704148513061227e-14,1.9895196601282805e-13
50,8.6,16.365585349052992,8.600029623350062,8.600000000000072,2.96233500627352e-05,7.283063041541027e-14,1.6342482922482304e-13
50,8.7125,16.617064591881885,8.712529994904916,8.712499999999725,2.9994904915398024e-05,2.753353101070388e-13,6.110667527536862e-13
50,8.825000000000001,16.863534036247056,8.825030445113219,8.824999999999957,3.0445113218036113e-05,4.440892098500626e-14,9.947598300641403e-14
50,8.9375,17.104510426777328,8.937530981469063,8.93750000000001,3.098146906310717e-05,1.0658141036401503e-14,2.1316282072803006e-14
50,9.05,17.339516184972368,9.050031612370532,9.04999999999949,3.161237053106447e-05,5.115907697472721e-13,1.0551559626037488e-12
50,9.1625,17.568086023772267,9.162532347221845,9.162500000000309,3.234722184508598e-05,3.090860900556436e-13,6.181721801112872e-13
50,9.275,17.789774021995335,9.27503319654753,9.275000000000608,3.3196547530423004e-05,6.075140390748857e-13,1.1759482276829658e-12
50,9.387500000000001,18.00416095997533,9.387534172119924,9.387499999999815,3.4172119923070454e-05,1.865174681370263e-13,3.446132268436486e-13
50,9.5,18.21086167548706,9.50003528710079,9.499999999999485,3.5287100789815895e-05,5.151434834260726e-13,9.272582701669307e-13
100,0.5,0.9899612401244222,0.5000978423827188,0.49999999999999273,9.784238271881573e-05,7.271960811294775e-15,5.10702591327572e-15
100,0.6125,1.0728715805890274,0.6125833986755295,0.6124999999999938,8.339867552942248e-05,6.217248937900877e-15,4.6629367034256575e-15
100,0.725,1.160640136793245,0.7250724979359936,0.7249999999999966,7.249793599362064e-05,3.3306690738754696e-15,2.4424906541753444e-15
100,0.8375,1.253325353386896,0.8375639497647819,0.8374999999999946,6.394976478185654e-05,5.440092820663267e-15,4.440892098500626e-15
100,0.95,1.3509695978616776,0.9500570600533934,0.9499999999999951,5.706005339345399e-05,4.884981308350689e-15,4.218847493575595e-15
100,1.0,1.395966393336689,1.0000544097276838,0.9999999999999889,5.440972768377961e-05,1.1102230246251565e-14,1.0436096431476471e-14
100,1.0625,1.4535997151517641,1.0625513910542959,1.0624999999999953,5.139105429585733e-05,4.6629367034256575e-15,4.440892098500626e-15
100,1.175,1.561227810133087,1.175046650212269,1.1749999999999727,4.665021226890609e-05,2.731148640577885e-14,2.6645352591003757e-14
100,1.2875,1.6738522137491243,1.2875426331171367,1.287500000000007,4.263311713659235e-05,6.8833827526759706e-15,7.105427357601002e-15
100,1.4,1.7914585866072763,1.400039191855778,1.4000000000000041,3.919185577805351e-05,4.218847493575595e-15,4.6629367034256575e-15
100,1.5125,1.914021114653758,1.5125362163381475,1.5125000000000093,3.6216338147543325e-05,9.325873406851315e-15,1.021405182655144e-14
100,1.625,2.041503754456769,1.6250336227130033,1.624999999999996,3.362271300333397e-05,3.9968028886505635e-15,4.440892098500626e-15
100,1.7375,2.1738614901356317,1.7375313458774762,1.7374999999999812,3.134587747610773e-05,1.887379141862766e-14,2.2648549702353193e-14
100,1.85,2.3110415694866204,1.850029334461862,1.8500000000000547,2.933446186181854e-05,5.46229728115577e-14,6.794564910705958e-14
100,1.9625000000000001,2.4529846928407104,1.9625275473705108,1.9625000000000217,2.7547370510694336e-05,2.1538326677728037e-14,2.708944180085382e-14
100,2.075,2.5996261341956686,2.0750259513342866,2.0750000000000104,2.5951334286400396e-05,1.021405182655144e-14,1.2434497875801753e-14
100,2.1875,2.7508967798493353,2.187524519140053,2.187500000000039,2.4519140052969846e-05,3.907985046680551e-14,5.3290705182007514e-14
100,2.3,2.906724074882821,2.300023228324939,2.300000000000051,2.3228324939061906e-05,5.10702591327572e-14,7.238654120556021e-14
100,2.4125,3.067032872259397,2.412522060196905,2.412499999999893,2.2060196904760687e-05,1.0702549957386509e-13,1.545430450278218e-13
100,2.525,3.231746182956678,2.5250209990890196,2.5249999999998898,2.0999089019646533e-05,1.1013412404281553e-13,1.6298074001497298e-13
100,2.6375,3.4007858284388646,2.637520031784115,2.637500000000291,2.0031784115026596e-05,2.90878432451791e-13,4.4275694222051243e-13
100,2.75,3.574072998950084,2.7500191470656,2.749999999999897,1.9147065600133573e-05,1.0302869668521453e-13,1.6120438317557273e-13
100,2.8625000000000003,3.7515287226452347,2.8625183353630765,2.8625000000000984,1.8335363076271705e-05,9.814371537686384e-14,1.5587531265737198e-13
100,2.975,3.9330742515613304,2.9750175884700782,2.9750000000000147,1.7588470078155893e-05,1.4654943925052066e-14,2.353672812205332e-14
100,3.0875,4.118631370964897,3.0875168993172277,3.087499999999906,1.6899317227814237e-05,9.370282327836321e-14,1.545430450278218e-13
100,3.2,4.308122638780535,3.200016261789346,3.199999999999702,1.6261789345772826e-05,2.97983859809392e-13,5.071498776487715e-13
100,3.3125,4.5014715616955865,3.312515670574053,3.3125000000000537,1.56705740530505e-05,5.3734794391857577e-14,9.50350909079134e-14
100,3.4250000000000003,4.6986027142186195,3.4250151210413233,3.4249999999999976,1.5121041323062911e-05,2.6645352591003757e-15,4.440892098500626e-15
100,3.5375,4.899441806506041,3.537514609140545,3.537500000000032,1.4609140544852295e-05,3.197442310920451e-14,5.595524044110789e-14
100,3.65,5.103915706211777,3.6500141313169183,3.650000000000164,1.4131316918408743e-05,1.638689184346731e-13,3.0109248427834245e-13
100,3.7625,5.31195241899818,3.762513684441327,3.762499999999982,1.3684441326766716e-05,1.8207657603852567e-14,3.2862601528904634e-14
100,3.875,5.523481031702539,3.8750132657514498,3.874999999999951,1.326575144977582e-05,4.884981308350689e-14,9.237055564881302e-14
100,3.9875000000000003,5.738431621504474,3.987512872802988,3.9875000000003253,1.2872802987562437e-05,3.2507330161024584e-13,6.261657858885883e-13
100,4.1,5.956735133800461,4.100012503426807,4.099999999999915,1.2503426807697338e-05,8.43769498715119e-14,1.652011860642233e-13
100,4.2125,6.178323230873372,4.212512155694495,4.212499999999964,1.2155694494531133e-05,3.6415315207705135e-14,7.37188088351104e-14
100,4.325,6.403128112853034,4.325011827887967,4.325000000000021,1.1827887966830986e-05,2.042810365310288e-14,3.907985046680551e-14
100,4.4375,6.631082311902432,4.437511518473846,4.437499999999822,1.1518473845839594e-05,1.7763568394002505e-13,3.6415315207705135e-13
100,4.55,6.862118460033889,4.550011226081527,4.550000000000407,1.1226081527482279e-05,4.0678571622265736e-13,8.411049634560186e-13
100,4.6625000000000005,7.09616903046131,4.662510949484398,4.662499999999964,1.0949484397393405e-05,3.6415315207705135e-14,7.638334409421077e-14
100,4.775,7.33316605192709,4.775010687583698,4.775000000000108,1.0687583698043568e-05,1.0746958878371515e-13,2.2737367544323206e-13
100,4.8875,7.573040795005689,4.887510439394663,4.887500000000246,1.0439394662498103e-05,2.460254222569347e-13,5.266898028821743e-13
100,5.0,7.815723428979489,5.000010204034567,4.99999999999993,1.0204034566640985e-05,7.016609515630989e-14,1.5187850976872141e-13
100,5.1125,8.061142647507776,5.112509980712472,5.112499999999781,9.980712472490438e-06,2.184918912462308e-13,4.796163466380676e-13
100,5.2250000000000005,8.30922526096817,5.225009768720367,5.225000000000097,9.768720366842842e-06,9.681144774731365e-14,2.149391775674303e-13
100,5.3375,8.559895753045982,5.337509567425582,5.337499999999753,9.567425581558098e-06,2.469136006766348e-13,5.524469770534779e-13
100,5.45,8.813075798886814,5.450009376264268,5.449999999999995,9.376264268112777e-06,5.329070518200751e-15,1.0658141036401503e-14
100,5.5625,9.068683741920257,5.56250919473585,5.562499999999953,9.194735850037716e-06,4.707345624410664e-14,1.0835776720341528e-13
100,5.675,9.326634026320434,5.675009022398307,5.675000000000392,9.022398307578783e-06,3.9257486150745535e-13,9.023892744153272e-13
100,5.7875000000000005,9.586836582008297,5.78750885886422,5.787500000000424,8.85886421908566e-06,4.2366110619695974e-13,9.823253321883385e-13
100,5.9,9.849196159142318,5.900008703797522,5.899999999999692,8.703797521825152e-06,3.0819791163594346e-13,7.229772336359019e-13
100,6.0125,10.113611609214574,6.0125085569104675,6.012500000000268,8.556910467305556e-06,2.682298827494378e-13,6.323830348264892e-13
100,6.125,10.379975110200531,6.125008417962872,6.125000000000077,8.417962871654083e-06,7.72715225139109e-14,1.8118839761882555e-13
100,6.2375,10.648171333742146,6.237508286758238,6.237500000000018,8.286758237829872e-06,1.7763568394002505e-14,4.085620730620576e-14
100,6.3500000000000005,10.918076553121386,6.350008163144822,6.350000000000024,8.163144821438095e-06,2.3092638912203256e-14,5.5067062021407764e-14
100,6.4625,11.189557691858667,6.462508047014037,6.4624999999999675,8.047014036449696e-06,3.2862601528904634e-14,7.815970093361102e-14
100,6.575,11.462471314209711,6.575007938300536,6.574999999999841,7.938300536025622e-06,1.5898393712632242e-13,3.8902214782865485e-13
100,6.6875,11.736662560702534,6.687507836982551,6.687499999999855,7.836982550912808e-06,1.4477308241112041e-13,3.552713678800501e-13
100,6.8,12.011964034227983,6.800007743082707,6.7999999999996055,7.743082707456495e-06,3.943512183468556e-13,9.663381206337363e-13
100,6.9125000000000005,12.288194645147799,6.912507656669294,6.9124999999991426,7.656669293254481e-06,8.57980353430321e-13,2.1085355683680973e-12
100,7.025,12.56515842748851,7.025007577858031,7.024999999999998,7.577858030849427e-06,2.6645352591003757e-15,5.329070518200751e-15
100,7.1375,12.842643342612867,7.137507506814166,7.137500000000121,7.5068141658363174e-06,1.2079226507921703e-13,2.984279490192421e-13
100,7.25,13.12042009185151,7.250007443756161,7.24999999999987,7.443756160796511e-06,1.2967404927621828e-13,3.232969447708456e-13
100,7.3625,13.398240965454365,7.362507388957329,7.362499999999827,7.388957329546031e-06,1.7319479184152442e-13,4.2454928461665986e-13
100,7.4750000000000005,13.675838761855852,7.47500734275175,7.474999999999631,7.342751749739307e-06,3.694822225952521e-13,9.094947017729282e-13
100,7.5875,13.952925818547687,7.5875073055370565,7.587499999998957,7.305537056190303e-06,1.0436096431476471e-12,2.5650592760939617e-12
100,7.7,14.229193203636608,7.700007277782077,7.70000000000009,7.277782076542394e-06,8.970602038971265e-14,2.184918912462308e-13
100,7.8125,14.504310125136874,7.812507260030911,7.81250000000027,7.260030910671844e-06,2.7000623958883807e-13,6.625811010962934e-13
100,7.925,14.777923622777918,7.925007252911049,7.92500000000047,7.252911049526745e-06,4.698463840213662e-13,1.13509202037676e-12
100,8.037500000000001,15.049658614003635,8.037507257141343,8.037499999999289,7.257141341199258e-06,7.123190925995004e-13,1.7141843500212417e-12
100,8.15,15.31911837113938,8.150007273540277,8.150000000000304,7.2735402767420965e-06,3.0375701953744283e-13,7.212008767965017e-13
100,8.2625,15.585885509473709,8.262507303037825,8.262500000000003,7.303037826034142e-06,3.552713678800501e-15,1.2434497875801753e-14
100,8.375,15.849523565170195,8.375007346685509,8.37500000000016,7.346685508835549e-06,1.5987211554602254e-13,3.730349362740526e-13
100,8.4875,16.109579236332785,8.487507405670037,8.487499999999708,7.405670036320089e-06,2.9309887850104133e-13,6.750155989720952e-13
100,8.6,16.365585349052992,8.600007481328124,8.599999999999936,7.481328124114839e-06,6.394884621840902e-14,1.4566126083082054e-13
100,8.7125,16.617064591881885,8.712507575162372,8.712499999999642,7.575162371153965e-06,3.588240815588506e-13,7.922551503725117e-13
100,8.825000000000001,16.863534036247056,8.82500768886019,8.824999999999427,7.688860188537205e-06,5.737632591262809e-13,1.2434497875801753e-12
100,8.9375,17.104510426777328,8.937507824314153,8.937500000000018,7.824314153026535e-06,1.7763568394002505e-14,3.552713678800501e-14
100,9.05,17.339516184972368,9.05000798364514,9.050000000000702,7.983645138764928e-06,7.016609515630989e-13,1.4459544672718039e-12
100,9.1625,17.568086023772267,9.162508169228111,9.162499999999453,8.169228111754023e-06,5.471179065352771e-13,1.0942358130705543e-12
100,9.275,17.789774021995335,9.275008383720966,9.274999999999844,8.3837209654547e-06,1.5631940186722204e-13,3.055333763768431e-13
100,9.387500000000001,18.00416095997533,9.387508630096722,9.387500000000271,8.6300967208075e-06,2.7000623958883807e-13,5.044853423896711e-13
100,9.5,18.21086167548706,9.500008911678938,9.500000000000112,8.911678937906231e-06,1.1191048088221578e-13,2.0250467969162855e-13
