mu,old_error,new_error
0.1,0.08446455852941903,6.938519067190008e-06
0.17833333333333334,0.007132057591412111,7.261580522999189e-06
0.2566666666666667,0.0013093302983600008,7.550597958538852e-06
0.335,0.0002887526246100336,7.782065770567392e-06
0.41333333333333333,5.659225871024187e-05,7.931184205167696e-06
0.4916666666666667,2.4682832212574723e-06,7.982422923324961e-06
0.5700000000000001,7.4101276410498684e-06,7.934031843292999e-06
0.6483333333333333,6.911580356261382e-06,7.79666832007031e-06
0.7266666666666667,4.771802285530313e-06,7.588923211399035e-06
0.805,2.9877556078083956e-06,7.332386315006545e-06
0.8833333333333334,1.801315634875067e-06,7.047771758639243e-06
0.9616666666666667,1.0742966785048935e-06,6.75257959992237e-06
1.04,6.434094299567761e-07,6.460137842889679e-06
1.1183333333333334,3.9062388923483127e-07,6.1796169636973985e-06
1.1966666666666668,2.4184615199374093e-07,5.916594641552919e-06
1.2750000000000001,1.5323798230326702e-07,5.673841241060629e-06
1.3533333333333335,9.952857094042145e-08,5.4521130750107005e-06
1.4316666666666669,6.627470017228632e-08,5.250840793058487e-06
1.5100000000000002,4.5203425447226664e-08,5.06867008831513e-06
1.5883333333333336,3.1530928978895645e-08,4.9038545646418186e-06
1.666666666666667,2.2450303838184027e-08,4.7545211314670155e-06
1.745,1.6284484427586676e-08,4.618835910186192e-06
1.8233333333333335,1.201090782387837e-08,4.495097603030018e-06
1.9016666666666668,8.992585343037263e-09,4.381781654405614e-06
1.9800000000000002,6.824112386283332e-09,4.277552783538141e-06
2.0583333333333336,5.241890921325876e-09,4.181259082969291e-06
2.1366666666666667,4.0712073712256824e-09,4.091916093962311e-06
2.2150000000000003,3.193934450251845e-09,4.008687000567335e-06
2.2933333333333334,2.5289041971632287e-09,3.930861833811861e-06
2.371666666666667,2.0193953176317336e-09,3.85783806722273e-06
2.45,1.6252728052279508e-09,3.789103099283153e-06
2.5283333333333338,1.3176379987100972e-09,3.724219280965002e-06
2.606666666666667,1.0754988011285604e-09,3.6628112600745055e-06
2.685,8.834222242626311e-10,3.6045552063157515e-06
2.7633333333333336,7.299760795831389e-10,3.549170377592503e-06
2.841666666666667,6.065703495039543e-10,3.496411856040993e-06
2.9200000000000004,5.066618236071463e-10,3.4460648570266983e-06
2.9983333333333335,4.2533532251809447e-10,3.3979398623706913e-06
3.076666666666667,3.586935193311547e-10,3.3518689290801262e-06
3.1550000000000002,3.0387425908884325e-10,3.307702292509873e-06
3.233333333333334,2.5853630347683065e-10,3.265305998034762e-06
3.311666666666667,2.2080381967271023e-10,3.2245595766866586e-06
3.39,1.892841439143922e-10,3.1853543047688504e-06
3.4683333333333337,1.6287682313986807e-10,3.1475916744128085e-06
3.546666666666667,1.4064216458109513e-10,3.1111821794382877e-06
3.6250000000000004,1.2183054565184648e-10,3.076044158945024e-06
3.7033333333333336,1.0587530852035343e-10,3.0421030663418946e-06
3.781666666666667,9.229683683997791e-11,3.0092903742229282e-06
3.8600000000000003,8.065192957928957e-11,2.977543225313184e-06
3.9383333333333335,7.062883611297366e-11,2.9468037361368715e-06
4.016666666666667,6.209255332123575e-11,2.9170182447302295e-06
4.095,5.470113251249131e-11,2.888137354162268e-06
4.173333333333333,4.836664402319002e-11,2.860115079883485e-06
4.251666666666667,4.2796877153250534e-11,2.832908934102818e-06
4.33,3.7916336736998346e-11,2.8064791806059475e-06
4.408333333333333,3.374722723492596e-11,2.78078887916422e-06
4.486666666666666,3.007194493420684e-11,2.7558035231578515e-06
4.5649999999999995,2.687894351538489e-11,2.731490899243738e-06
4.6433333333333335,2.4003021792395884e-11,2.7078208590936015e-06
4.721666666666667,2.156141931664024e-11,2.684765124882915e-06
4.8,1.9303669773762522e-11,2.6622971489587144e-06
4.878333333333333,1.7408297026122455e-11,2.640391980612833e-06
4.956666666666667,1.5658585539313208e-11,2.6190261825931316e-06
5.035,1.4146017690563895e-11,2.5981777014294494e-06
5.113333333333333,1.269384597435419e-11,2.577825711114201e-06
5.191666666666666,1.162625551387464e-11,2.5579503759587396e-06
5.27,1.0468070854585676e-11,2.5385333959349055e-06
5.348333333333334,9.567457937009749e-12,2.519556915103749e-06
5.426666666666667,8.679279517309624e-12,2.5010045270335013e-06
5.505,8.002487561498128e-12,2.4828601805637618e-06
5.583333333333333,7.283063041541027e-12,2.4651090750893445e-06
5.661666666666667,6.618705583605333e-12,2.4477368061326388e-06
5.74,6.10000938650046e-12,2.4307295696246456e-06
5.818333333333333,5.497824417943775e-12,2.4140743981604373e-06
5.8966666666666665,5.146105763742526e-12,2.397758194661037e-06
5.975,4.638067707674054e-12,2.381768712922394e-06
6.053333333333334,4.225952920933196e-12,2.3660931205427005e-06
6.131666666666667,3.815614491031738e-12,2.3507186082127873e-06
6.21,3.561595462997502e-12,2.3356310059341467e-06
6.288333333333333,3.256062086620659e-12,2.3208147972297866e-06
6.366666666666667,3.021582983819826e-12,2.3062511029792176e-06
6.445,2.8119728767705965e-12,2.291916075591871e-06
6.523333333333333,2.531308496145357e-12,2.2777776500504388e-06
6.601666666666667,2.2648549702353193e-12,2.26379077439276e-06
6.68,2.3145929617385264e-12,2.249889533345595e-06
6.758333333333334,2.071232074740692e-12,2.2359767175572642e-06
6.836666666666667,1.8953727476400672e-12,2.2219046833527045e-06
6.915,1.8118839761882555e-12,2.2074490235723943e-06
6.993333333333333,1.6004975122996257e-12,2.192266983058744e-06
7.071666666666666,1.2665424264923786e-12,2.175833419215678e-06
7.15,7.780442956573097e-13,2.157345466713423e-06
7.2283333333333335,1.900701818158268e-13,2.1355768602404623e-06
7.306666666666667,1.4317436125566019e-12,2.1086618797738765e-06
7.385,5.256239887785341e-12,2.073770877686343e-06
7.463333333333334,1.376321279167314e-11,2.02663249915247e-06
7.541666666666667,3.4368952128716046e-11,1.9608323835740293e-06
7.62,8.257750039319944e-11,1.8667939070127204e-06
7.698333333333333,1.9540635776138515e-10,1.7303140094071523e-06
7.776666666666666,4.603748493536841e-10,1.5304863740794872e-06
7.855,1.0820659923638232e-09,1.2367939650204107e-06
7.933333333333334,2.541201027383977e-09,8.051183844060006e-07
8.011666666666667,5.96148552745035e-09,1.7236632920969441e-07
8.09,1.3975324009152246e-08,7.50565369855849e-07
8.168333333333333,3.273839155326641e-08,2.087701506781059e-06
8.246666666666666,7.663469325791539e-08,4.0087624686435674e-06
8.325,1.792487971385981e-07,6.741346672001214e-06
8.403333333333334,4.189212923222385e-07,1.0583265749986026e-05
8.481666666666667,9.782169776428873e-07,1.5912474022883316e-05
8.56,2.2821559255703505e-06,2.319008913076459e-05
8.638333333333334,5.319158528749313e-06,3.294934519715298e-05
8.716666666666667,1.2385347520904588e-05,4.5760104722347705e-05
8.795,2.8808524607626396e-05,6.215542775933613e-05
8.873333333333333,6.693625275744353e-05,8.250506908424882e-05
8.951666666666666,0.00015534937674388516,0.00010682342870893535
9.03,0.00036011886885845,0.00013451076675607965
9.108333333333334,0.0008337799839459592,0.00016405226674720552
9.186666666666667,0.001928003858704841,0.00019274556509429885
9.265,0.004452435084576933,0.00021659461148360037
9.343333333333334,0.010268427386769474,0.000230583069889434
9.421666666666667,0.023648925889478534,0.0002295810465504644
9.5,0.054388343248863436,0.00021005501940862814
