mu,N,old_error,new_error
0.1,10,0.08446455852941903,6.938519067190008e-06
0.1,30,0.00014403888328984316,3.9968028886505635e-15
0.1,50,7.866124245303752e-07,0.0
0.1,100,3.9988762079445905e-08,0.0
1.0,10,8.349315008260305e-07,6.6084647674102825e-06
1.0,30,1.1356915408100576e-10,5.773159728050814e-15
1.0,50,1.9404478024398486e-12,3.774758283725532e-15
1.0,100,6.8833827526759706e-15,3.9968028886505635e-15
9.5,10,0.054388343248863436,0.00021005501940862814
9.5,30,2.446697720870361e-06,2.3092638912203256e-13
9.5,50,1.1037926128665276e-10,5.3290705182007514e-14
9.5,100,1.0516032489249483e-12,2.3447910280083306e-13
