N,double_error,high_precision_truncation_error,exact_arithmetic_bound
4,0.005213934873079989,0.005213934873080951,52.704627669473
6,0.0005428181465067909,0.0005428181465053124,9.223309842157775
8,5.908804249734017e-05,5.908804249878833e-05,1.482317653203928
10,6.608464767394024e-06,6.608464766017976e-06,0.22646519701726678
12,7.526702585798843e-07,7.526702597802601e-07,0.03345508592300532
16,1.0122067866818291e-08,1.0122068717729132e-08,0.000683577476792176
20,1.404820866794346e-10,1.404838190737473e-10,1.3194050563084279e-05
24,1.988425695594064e-12,1.990523042816273e-12,2.454250476764189e-07
30,5.756901237642435e-15,3.446471216982886e-15,5.94388787341327e-10
40,2.204187558841934e-15,9.000936586816649e-20,2.3990695368607462e-14
50,3.758499793317153e-15,2.43511382776004e-24,9.10708144619811e-19
60,7.977347286892749e-15,6.73859034402815e-29,3.324213772751062e-23
80,9.531659521367968e-15,5.385873791091209e-38,4.110969535774933e-32
100,4.013061379058943e-15,4.461305981185692e-47,4.773981629069069e-41
