T,K,true_mu,inverse,error,iterations
1.0,1,8.0,8.002664332399995,0.002664332399994862,4
1.0,2,8.0,8.000376673786448,0.0003766737864481229,4
1.0,3,8.0,8.000114597451184,0.00011459745118358455,4
0.5,1,8.0,8.000151968147089,0.00015196814708851036,3
0.5,2,8.0,8.000004760916122,4.760916121782088e-06,3
0.5,3,8.0,8.00000046211597,4.62115970378818e-07,3
0.25,1,8.0,8.00000933678392,9.33678392023296e-06,2
0.25,2,8.0,8.00000006949177,6.949177056014832e-08,2
0.25,3,8.0,8.000000001507761,1.5077610271418962e-09,2
0.125,1,8.0,8.00000058132492,5.813249206454429e-07,2
0.125,2,8.0,8.000000001071161,1.071160937726745e-09,2
0.125,3,8.0,8.000000000005706,5.7056581681536045e-12,2
